country_code,country,city,type_code,name
RU,Россия,Алексин,college,АМТ Алексинский машиностроительный техникум
RU,Россия,Алексин,college,АХТТ Алексинский химико-технологический техникум
RU,Россия,Алексин,general,Алексинская школа
RU,Россия,Алексин,general,Гимназия № 13
RU,Россия,Алексин,general,Гимназия № 18
RU,Россия,Алексин,general,Средняя общеобразовательная школа № 1
RU,Россия,Алексин,general,Средняя общеобразовательная школа № 11
RU,Россия,Алексин,general,Средняя общеобразовательная школа № 2
RU,Россия,Алексин,general,Средняя общеобразовательная школа № 3
RU,Россия,Алексин,general,Средняя общеобразовательная школа № 5
RU,Россия,Алексин,general,Средняя общеобразовательная школа № 9
RU,Россия,Альметьевск,boarding,Актюбинская школа-интернат
RU,Россия,Альметьевск,boarding,Альметьевская школа-интернат для детей с ограниченными возможностями здоровья
RU,Россия,Альметьевск,boarding,Русско-Акташская школа-интернат для детей с ограниченными возможностями здоровья
RU,Россия,Альметьевск,boarding,Сокольская школа-интернат для детей с ограниченными возможностями здоровья
RU,Россия,Альметьевск,college,АКФК Альметьевский колледж физической культуры
RU,Россия,Альметьевск,college,АМК им. Ф.З. Яруллина Альметьевский музыкальный колледж имени Ф.З. Яруллина
RU,Россия,Альметьевск,college,АПК Альметьевский профессиональный колледж
RU,Россия,Альметьевск,college,АПТ Альметьевский политехнический техникум
RU,Россия,Альметьевск,college,АТЭТ Альметьевский торгово-экономический техникум
RU,Россия,Альметьевск,college,МПТ Муслюмовский политехнический техникум
RU,Россия,Альметьевск,college,Частный Альметьевский филиал КИУ В.Г. Тимирясова Альметьевский филиал Казанского инновационного университета В.Г. Тимирясова
RU,Россия,Альметьевск,general,Абдрахмановская средняя школа
RU,Россия,Альметьевск,general,Альметьевская школа № 19 для детей с ограниченными возможностями здоровья
RU,Россия,Альметьевск,general,Альметьевская школа №19
RU,Россия,Альметьевск,general,Бишмунчинская средняя школа
RU,Россия,Альметьевск,general,Бутинская средняя школа
RU,Россия,Альметьевск,general,Верхнемактаминская основная школа
RU,Россия,Альметьевск,general,Вечерняя школа №1
RU,Россия,Альметьевск,general,Восточная основная школа
RU,Россия,Альметьевск,general,Гимназия № 1 им. Р.Фахретдина
RU,Россия,Альметьевск,general,Гимназия № 5
RU,Россия,Альметьевск,general,Джалильская средняя школа №1
RU,Россия,Альметьевск,general,Джалильская средняя школа №2
RU,Россия,Альметьевск,general,Зай-Каратайская основная школа
RU,Россия,Альметьевск,general,Ивановская основная школа
RU,Россия,Альметьевск,general,Калейкинская средняя школа
RU,Россия,Альметьевск,general,Кама-Исмагиловская средняя школа
RU,Россия,Альметьевск,general,Карабашская основная школа №1
RU,Россия,Альметьевск,general,Карабашская средняя школа №2
RU,Россия,Альметьевск,general,Кичуйская средняя школа
RU,Россия,Альметьевск,general,Кичучатовская средняя школа
RU,Россия,Альметьевск,general,Кудашевская основная школа
RU,Россия,Альметьевск,general,Кузайкинская средняя школа
RU,Россия,Альметьевск,general,Кульшариповская средняя школа
RU,Россия,Альметьевск,general,Лесно-Калейкинская средняя школа
RU,Россия,Альметьевск,general,Лешев-Тамакская основная школа
RU,Россия,Альметьевск,general,Лицей им. М.К. Тагирова
RU,Россия,Альметьевск,general,Лицей-интернат № 1
RU,Россия,Альметьевск,general,Лицей № 2
RU,Россия,Альметьевск,general,Лицей №10
RU,Россия,Альметьевск,general,Малобугульминская средняя школа
RU,Россия,Альметьевск,general,Мальбагушская средняя школа
RU,Россия,Альметьевск,general,Маметьевская основная школа
RU,Россия,Альметьевск,general,Миннибаевская средняя школа
RU,Россия,Альметьевск,general,Начальная школа
RU,Россия,Альметьевск,general,Начальная школа с. Чубар-Абдуллово
RU,Россия,Альметьевск,general,Нижнемактаминская средняя школа №1
RU,Россия,Альметьевск,general,Нижнемактаминская средняя школа №2
RU,Россия,Альметьевск,general,Новокашировская средняя школа
RU,Россия,Альметьевск,general,Новонадыровская средняя школа
RU,Россия,Альметьевск,general,Новоникольская основная школа
RU,Россия,Альметьевск,general,Новосуркинская основная школа
RU,Россия,Альметьевск,general,Основная школа
RU,Россия,Альметьевск,general,Основная школа ст. Миннибаево
RU,Россия,Альметьевск,general,Подгорненская основная школа
RU,Россия,Альметьевск,general,Подлесная основная школа
RU,Россия,Альметьевск,general,Русско-Акташская средняя школа
RU,Россия,Альметьевск,general,Сокольская основная школа
RU,Россия,Альметьевск,general,Средняя общеобразовательная школа № 10 с углубленным изучением отдельных предметов
RU,Россия,Альметьевск,general,Средняя общеобразовательная школа № 11
RU,Россия,Альметьевск,general,Средняя общеобразовательная школа № 12
RU,Россия,Альметьевск,general,Средняя общеобразовательная школа № 13
RU,Россия,Альметьевск,general,Средняя общеобразовательная школа № 15
RU,Россия,Альметьевск,general,Средняя общеобразовательная школа № 16
RU,Россия,Альметьевск,general,Средняя общеобразовательная школа № 17
RU,Россия,Альметьевск,general,Средняя общеобразовательная школа № 2
RU,Россия,Альметьевск,general,Средняя общеобразовательная школа № 20
RU,Россия,Альметьевск,general,Средняя общеобразовательная школа № 24
RU,Россия,Альметьевск,general,Средняя общеобразовательная школа № 25 им. 70-летия нефти Татарстана
RU,Россия,Альметьевск,general,Средняя общеобразовательная школа № 3
RU,Россия,Альметьевск,general,Средняя общеобразовательная школа № 6
RU,Россия,Альметьевск,general,Средняя общеобразовательная школа № 7
RU,Россия,Альметьевск,general,Средняя школа
RU,Россия,Альметьевск,general,Средняя школа №1
RU,Россия,Альметьевск,general,Средняя школа №25
RU,Россия,Альметьевск,general,Средняя школа №4
RU,Россия,Альметьевск,general,Средняя школа №9
RU,Россия,Альметьевск,general,Старомензелябашская основная школа
RU,Россия,Альметьевск,general,Старомихайловская средняя школа
RU,Россия,Альметьевск,general,Старописьмянская основная школа
RU,Россия,Альметьевск,general,Старосуркинская средняя школа
RU,Россия,Альметьевск,general,Сулеевская средняя школа
RU,Россия,Альметьевск,general,Тайсугановская основная школа
RU,Россия,Альметьевск,general,Тимяшевская средняя школа
RU,Россия,Альметьевск,general,Тихоновская основная школа
RU,Россия,Альметьевск,general,Урсалинская основная школа
RU,Россия,Альметьевск,general,Чемодуровская средняя школа
RU,Россия,Альметьевск,general,Ямашинская средняя школа
RU,Россия,Альметьевск,general,Ямашская основная школа
RU,Россия,Альметьевск,university,Альметьевский государственный технологический университет «Высшая школа нефти»
RU,Россия,Альметьевск,university,Альметьевский филиал
RU,Россия,Альметьевск,university,Альметьевский филиал — Университет управления «ТИСБИ»
RU,Россия,Амурск,boarding,Школа-интернат №14
RU,Россия,Амурск,general,МБОУ НОШ № 7 Г .амурска
RU,Россия,Амурск,general,МБОУ СОШ № 2 Г. Амурска
RU,Россия,Амурск,general,МБОУ СОШ № 3 Г. Амурска
RU,Россия,Амурск,general,МБОУ СОШ № 5 Г. Амурска
RU,Россия,Амурск,general,МБОУ СОШ № 6 Г. Амурска
RU,Россия,Амурск,general,МБОУ СОШ № 9 Г. Амурска
RU,Россия,Амурск,general,Начальная школа №7
RU,Россия,Амурск,general,Средняя школа №2
RU,Россия,Амурск,general,Средняя школа №3
RU,Россия,Амурск,general,Средняя школа №5
RU,Россия,Амурск,general,Средняя школа №6
RU,Россия,Амурск,general,Средняя школа №9
RU,Россия,Амурск,general,Школа № 4
RU,Россия,Анапа,college,АКСУ Анапский колледж сферы услуг
RU,Россия,Анапа,college,Анапский филиал НМК Анапский филиал Новороссийского медицинского колледжа
RU,Россия,Анапа,college,АСТ Анапский сельскохозяйственный техникум
RU,Россия,Анапа,college,Частный АИТ Анапский индустриальный техникум
RU,Россия,Анапа,college,Частный Колледж Академия ТОП Анапа Филиал колледжа «Академия ТОП Анапа»
RU,Россия,Анапа,college,Частный Колледж СГУ филиал в г. Анапе Колледж Сочинского государственного университета филиал в г. Анапе
RU,Россия,Анапа,general,Вечерняя школа №30
RU,Россия,Анапа,general,Коррекционная школа №27
RU,Россия,Анапа,general,Средняя школа №1
RU,Россия,Анапа,general,Средняя школа №2
RU,Россия,Анапа,general,Средняя школа №35
RU,Россия,Анапа,general,Средняя школа №4
RU,Россия,Анапа,general,Средняя школа №5
RU,Россия,Анапа,general,Средняя школа №6
RU,Россия,Анапа,general,Средняя школа №7
RU,Россия,Анапа,general,Школа у моря
RU,Россия,Ангарск,college,ААТТ Ангарский автотранспортный техникум
RU,Россия,Ангарск,college,АИТ Ангарский индустриальный техникум
RU,Россия,Ангарск,college,АМК Ангарский медицинский колледж
RU,Россия,Ангарск,college,АПТ Ангарский политехнический техникум
RU,Россия,Ангарск,college,АПЭТ Ангарский промышленно-экономический техникум
RU,Россия,Ангарск,college,АТОПТ Ангарский техникум общественного питания и торговли
RU,Россия,Ангарск,college,АТРиПТ Ангарский техникум рекламы и промышленных технологий
RU,Россия,Ангарск,college,АТСТ Ангарский техникум строительных технологий
RU,Россия,Ангарск,college,БАТ Боханский аграрный техникум
RU,Россия,Ангарск,college,БАТТ Балаганский аграрно-технологический техникум
RU,Россия,Ангарск,college,ЗАПТ Заларинский агропромышленный техникум
RU,Россия,Ангарск,general,Коррекционная школа №1
RU,Россия,Ангарск,general,Коррекционная школа №2
RU,Россия,Ангарск,general,Начальная школа
RU,Россия,Ангарск,general,Начальная школа №4
RU,Россия,Ангарск,general,Основная школа №21
RU,Россия,Ангарск,general,Основная школа №22
RU,Россия,Ангарск,general,Открытая школа
RU,Россия,Ангарск,general,Специальная школа закрытого типа
RU,Россия,Ангарск,general,Средняя школа №10
RU,Россия,Ангарск,general,Средняя школа №11
RU,Россия,Ангарск,general,Средняя школа №12
RU,Россия,Ангарск,general,Средняя школа №14
RU,Россия,Ангарск,general,Средняя школа №15
RU,Россия,Ангарск,general,Средняя школа №17
RU,Россия,Ангарск,general,Средняя школа №19
RU,Россия,Ангарск,general,Средняя школа №20
RU,Россия,Ангарск,general,Средняя школа №24
RU,Россия,Ангарск,general,Средняя школа №25
RU,Россия,Ангарск,general,Средняя школа №27
RU,Россия,Ангарск,general,Средняя школа №29
RU,Россия,Ангарск,general,Средняя школа №3
RU,Россия,Ангарск,general,Средняя школа №30
RU,Россия,Ангарск,general,Средняя школа №31
RU,Россия,Ангарск,general,Средняя школа №32
RU,Россия,Ангарск,general,Средняя школа №36
RU,Россия,Ангарск,general,Средняя школа №37
RU,Россия,Ангарск,general,Средняя школа №38
RU,Россия,Ангарск,general,Средняя школа №39
RU,Россия,Ангарск,general,Средняя школа №4
RU,Россия,Ангарск,general,Средняя школа №40
RU,Россия,Ангарск,general,Средняя школа №5
RU,Россия,Ангарск,general,Средняя школа №6
RU,Россия,Ангарск,general,Средняя школа №7
RU,Россия,Ангарск,general,Средняя школа №9
RU,Россия,Апатиты,college,АПК им. Г.А. Голованова Апатитский политехнический колледж им. Г.А. Голованова
RU,Россия,Апатиты,college,КМК Кольский медицинский колледж
RU,Россия,Апатиты,general,Гимназия № 1
RU,Россия,Апатиты,general,Основная школа №3
RU,Россия,Апатиты,general,Средняя общеобразовательная школа № 10
RU,Россия,Апатиты,general,Средняя общеобразовательная школа № 14
RU,Россия,Апатиты,general,Средняя общеобразовательная школа № 15
RU,Россия,Апатиты,general,Средняя общеобразовательная школа № 4
RU,Россия,Апатиты,general,Средняя общеобразовательная школа № 5
RU,Россия,Апатиты,general,Средняя общеобразовательная школа № 7
RU,Россия,Апатиты,general,Средняя школа №6
RU,Россия,Арзамас,college,АКТТ Арзамасский коммерческо-технический техникум
RU,Россия,Арзамас,college,АМК Арзамасский медицинский колледж
RU,Россия,Арзамас,college,АМК Арзамасский музыкальный колледж
RU,Россия,Арзамас,college,АПК им. В.А. Новикова Арзамасский политехнический колледж им. В.А. Новикова при Национальном исследовательском Н
RU,Россия,Арзамас,college,АПК им. П.И. Пландина Арзамасский приборостроительный колледж имени П.И. Пландина
RU,Россия,Арзамас,college,АТСП Арзамасский техникум строительства и предпринимательства
RU,Россия,Арзамас,college,ВТЭТ Варнавинский технолого-экономический техникум
RU,Россия,Арзамас,college,Частный НЭТК Нижегородский экономико-технологический колледж
RU,Россия,Арзамас,general,Коррекционная школа №8
RU,Россия,Арзамас,general,Средняя общеобразовательная школа № 2 имени А.С. Пушкина
RU,Россия,Арзамас,general,Средняя школа №1
RU,Россия,Арзамас,general,Средняя школа №10
RU,Россия,Арзамас,general,Средняя школа №12
RU,Россия,Арзамас,general,Средняя школа №13
RU,Россия,Арзамас,general,Средняя школа №14
RU,Россия,Арзамас,general,Средняя школа №15
RU,Россия,Арзамас,general,Средняя школа №16
RU,Россия,Арзамас,general,Средняя школа №17
RU,Россия,Арзамас,general,Средняя школа №3
RU,Россия,Арзамас,general,Средняя школа №58
RU,Россия,Арзамас,general,Средняя школа №6
RU,Россия,Арзамас,general,Средняя школа №7
RU,Россия,Арзамас,general,Строящаяся школа
RU,Россия,Армавир,boarding,Коррекционная школа-интернат №3
RU,Россия,Армавир,boarding,Специальная (коррекционная) школа-интернат
RU,Россия,Армавир,boarding,Специальная (коррекционная) школа-интернат №2 г. Армавира
RU,Россия,Армавир,college,ААТТ Армавирский аграрно-технологический техникум
RU,Россия,Армавир,college,АИСТ Армавирский индустриально-строительный техникум
RU,Россия,Армавир,college,АИТ Армавирский индустриальный техникум
RU,Россия,Армавир,college,АМК Армавирский медицинский колледж
RU,Россия,Армавир,college,АМТ Армавирский машиностроительный техникум
RU,Россия,Армавир,college,АМТТ Армавирский механико-технологический техникум пищевой промышленности
RU,Россия,Армавир,college,АТТС Армавирский техникум технологии и сервиса
RU,Россия,Армавир,college,АЮТ Армавирский юридический техникум
RU,Россия,Армавир,college,НАПТ Новокубанский аграрно-политехнический техникум
RU,Россия,Армавир,college,"ССЭТ Сысертский социально-экономический техникум ""Родник"""
RU,Россия,Армавир,college,Частный АКУСИТ Армавирский колледж управления и социально-информационных технологий
RU,Россия,Армавир,college,Частный Колледж Академия ТОП Армавир Филиал колледжа «Академия ТОП Армавир»
RU,Россия,Армавир,college,Частный ЮМТ Южный многопрофильный техникум
RU,Россия,Армавир,general,Коррекционная школа №22
RU,Россия,Армавир,general,Основная общеобразовательная школа № 14 с. Новоурупского муниципального образования Успенский район
RU,Россия,Армавир,general,Основная общеобразовательная школа № 19
RU,Россия,Армавир,general,Основная общеобразовательная школа № 32 им. Г.К. Жукова
RU,Россия,Армавир,general,Основная общеобразовательная школа №31
RU,Россия,Армавир,general,Основная школа №12
RU,Россия,Армавир,general,Основная школа №15
RU,Россия,Армавир,general,Основная школа №16
RU,Россия,Армавир,general,Основная школа №21
RU,Россия,Армавир,general,Основная школа №24
RU,Россия,Армавир,general,Основная школа №25
RU,Россия,Армавир,general,Основная школа №26
RU,Россия,Армавир,general,Основная школа №27
RU,Россия,Армавир,general,Основная школа №30
RU,Россия,Армавир,general,Основная школа №7
RU,Россия,Армавир,general,Отрадненская вечерняя общеобразовательная школа
RU,Россия,Армавир,general,Средняя общеобразовательная школа № 5
RU,Россия,Армавир,general,Средняя общеобразовательная школа №1 им. А.С. Колесника
RU,Россия,Армавир,general,Средняя общеобразовательная школа №11 им. Ю.А. Гагарина станицы Бесскорбной
RU,Россия,Армавир,general,Средняя общеобразовательная школа №16
RU,Россия,Армавир,general,Средняя общеобразовательная школа №17
RU,Россия,Армавир,general,Средняя общеобразовательная школа №2
RU,Россия,Армавир,general,Средняя общеобразовательная школа №24
RU,Россия,Армавир,general,Средняя общеобразовательная школа №4
RU,Россия,Армавир,general,Средняя общеобразовательная школа №59
RU,Россия,Армавир,general,Средняя общеобразовательная школа №6
RU,Россия,Армавир,general,Средняя общеобразовательная школа №9
RU,Россия,Армавир,general,Средняя школа №1
RU,Россия,Армавир,general,Средняя школа №10
RU,Россия,Армавир,general,Средняя школа №12
RU,Россия,Армавир,general,Средняя школа №13
RU,Россия,Армавир,general,Средняя школа №14
RU,Россия,Армавир,general,Средняя школа №15
RU,Россия,Армавир,general,Средняя школа №18
RU,Россия,Армавир,general,Средняя школа №19
RU,Россия,Армавир,general,Средняя школа №20
RU,Россия,Армавир,general,Средняя школа №23
RU,Россия,Армавир,general,Средняя школа №25
RU,Россия,Армавир,general,Средняя школа №27
RU,Россия,Армавир,general,Средняя школа №3
RU,Россия,Армавир,general,Средняя школа №7
RU,Россия,Армавир,general,Средняя школа №8
RU,Россия,Армавир,general,Школа
RU,Россия,Арсеньев,college,Колледж ДВФУ в г. Арсеньеве Колледж Дальневосточного федерального университета в г. Арсеньеве
RU,Россия,Арсеньев,college,ПИК Приморский индустриальный колледж
RU,Россия,Арсеньев,college,ЧКСХиС Чугуевский колледж сельского хозяйства и сервиса
RU,Россия,Архангельск,boarding,Соломбальская специальная коррекционная общеобразовательная школа-интернат
RU,Россия,Архангельск,college,АГМК Архангельский государственный многопрофильный колледж
RU,Россия,Архангельск,college,АККиИ Архангельский колледж культуры и искусства
RU,Россия,Архангельск,college,АКТ(ф)СПбГУТ Архангельский колледж телекоммуникаций им. Б.Л. Розинга (филиал) Санкт-Петербургского госу
RU,Россия,Архангельск,college,АМИ им. В.И. Воронина - филиал ГУМРФ имени адмирала С.О. Макарова Арктический морской институт имени В.И. Воронина - филиал ГУМРФ имени адмирала С.О. Макаро
RU,Россия,Архангельск,college,АМК Архангельский медицинский колледж
RU,Россия,Архангельск,college,АМТ Архангельский многопрофильный техникум
RU,Россия,Архангельск,college,АПК Архангельский педагогический колледж
RU,Россия,Архангельск,college,АПТ Архангельский политехнический техникум
RU,Россия,Архангельск,college,АТВМ им. С.Н. Орешкова Архангельский техникум водных магистралей имени С.Н. Орешкова
RU,Россия,Архангельск,college,АТСиЭ Архангельский техникум строительства и экономики
RU,Россия,Архангельск,college,АТЭТ Архангельский торгово-экономический колледж
RU,Россия,Архангельск,college,БИТ Березниковский индустриальный техникум
RU,Россия,Архангельск,college,Верхнетоемский филиал НИТ Верхнетоемский филиал Новодвинского индустриального техникума
RU,Россия,Архангельск,college,ВШРиМТ САФУ Высшая школа рыболовства и морских технологий САФУ имени М. В. Ломоносова
RU,Россия,Архангельск,college,НИТ Новодвинский индустриальный техникум
RU,Россия,Архангельск,college,ПУ № 27 Профессиональное училище № 27 имени Н. Д. Буторина
RU,Россия,Архангельск,college,ТК Императора Петра I САФУ Технологический колледж Императора Петра I САФУ имени М. В. Ломоносова
RU,Россия,Архангельск,college,ТСиГХ Техникум строительства и городского хозяйства г. Архангельск
RU,Россия,Архангельск,college,Частный КМ г. Архангельск Колледж менеджмента
RU,Россия,Архангельск,college,Частный КУиП Колледж управления и права г. Архангельска
RU,Россия,Архангельск,general,Архангельская санаторная школа-интернат № 2
RU,Россия,Архангельск,general,Архангельская средняя школа Соловецких юнг
RU,Россия,Архангельск,general,Архангельский государственный лицей имени М.В. Ломоносова
RU,Россия,Архангельск,general,Бобровская средняя школа
RU,Россия,Архангельск,general,Васьковская школа
RU,Россия,Архангельск,general,Вознесенская средняя школа
RU,Россия,Архангельск,general,Город Архангельск
RU,Россия,Архангельск,general,Заостровская средняя школа
RU,Россия,Архангельск,general,Катунинская средняя школа
RU,Россия,Архангельск,general,Кехотская средняя школа
RU,Россия,Архангельск,general,Коррекционная школа №31
RU,Россия,Архангельск,general,Ластольская средняя школа
RU,Россия,Архангельск,general,Начальная школа
RU,Россия,Архангельск,general,Основная школа № 48
RU,Россия,Архангельск,general,Основная школа № 69 имени А.А.Ефремова
RU,Россия,Архангельск,general,Основная школа №12
RU,Россия,Архангельск,general,Основная школа №12 им. Героя РФ генерал-полковника И.В. Коробова
RU,Россия,Архангельск,general,Основная школа №69
RU,Россия,Архангельск,general,Открытая сменная школа
RU,Россия,Архангельск,general,Приморская средняя школа
RU,Россия,Архангельск,general,Специальная (коррекционная) общеобразовательная школа № 31
RU,Россия,Архангельск,general,Средняя школа № 14 с углублённым изучением отдельных предметов имени Я.И. Лейцингера
RU,Россия,Архангельск,general,Средняя школа № 2 имени В.Ф. Филиппова
RU,Россия,Архангельск,general,Средняя школа № 20 имени Героя Советского Союза П.М.Норицына
RU,Россия,Архангельск,general,Средняя школа № 22
RU,Россия,Архангельск,general,Средняя школа № 23 имени А.С. Пушкина
RU,Россия,Архангельск,general,Средняя школа № 28
RU,Россия,Архангельск,general,Средняя школа № 34
RU,Россия,Архангельск,general,Средняя школа № 36 имени Героя Советского Союза П.В. Усова
RU,Россия,Архангельск,general,Средняя школа № 54
RU,Россия,Архангельск,general,Средняя школа № 59 имени Героя Советского Союза М.Е.Родионова
RU,Россия,Архангельск,general,Средняя школа № 60
RU,Россия,Архангельск,general,Средняя школа № 82
RU,Россия,Архангельск,general,Средняя школа №1
RU,Россия,Архангельск,general,Средняя школа №10
RU,Россия,Архангельск,general,Средняя школа №11
RU,Россия,Архангельск,general,Средняя школа №14
RU,Россия,Архангельск,general,Средняя школа №17
RU,Россия,Архангельск,general,Средняя школа №2
RU,Россия,Архангельск,general,Средняя школа №23
RU,Россия,Архангельск,general,Средняя школа №26
RU,Россия,Архангельск,general,Средняя школа №27
RU,Россия,Архангельск,general,Средняя школа №30
RU,Россия,Архангельск,general,Средняя школа №33
RU,Россия,Архангельск,general,Средняя школа №35
RU,Россия,Архангельск,general,Средняя школа №36
RU,Россия,Архангельск,general,Средняя школа №37 им. Н. С. Мусинского
RU,Россия,Архангельск,general,Средняя школа №4
RU,Россия,Архангельск,general,Средняя школа №43
RU,Россия,Архангельск,general,Средняя школа №45
RU,Россия,Архангельск,general,Средняя школа №49
RU,Россия,Архангельск,general,Средняя школа №5
RU,Россия,Архангельск,general,Средняя школа №50
RU,Россия,Архангельск,general,Средняя школа №51
RU,Россия,Архангельск,general,Средняя школа №52
RU,Россия,Архангельск,general,Средняя школа №55
RU,Россия,Архангельск,general,Средняя школа №59
RU,Россия,Архангельск,general,Средняя школа №62
RU,Россия,Архангельск,general,Средняя школа №68
RU,Россия,Архангельск,general,Средняя школа №7
RU,Россия,Архангельск,general,Средняя школа №70
RU,Россия,Архангельск,general,Средняя школа №73
RU,Россия,Архангельск,general,Средняя школа №77
RU,Россия,Архангельск,general,Средняя школа №8
RU,Россия,Архангельск,general,Средняя школа №9
RU,Россия,Архангельск,general,Средняя школа №93
RU,Россия,Архангельск,general,Средняя школа №95
RU,Россия,Архангельск,general,Талажская средняя школа
RU,Россия,Архангельск,general,Уемская средняя школа
RU,Россия,Архангельск,general,Школа современного образования
RU,Россия,Архангельск,university,Институт управления
RU,Россия,Архангельск,university,Северный (Арктический) федеральный университет имени М. В. Ломоносова
RU,Россия,Архангельск,university,Северный государственный медицинский университет
RU,Россия,Асбест,college,АКИ Асбестовский колледж искусств
RU,Россия,Асбест,college,АПТ Асбестовский политехникум
RU,Россия,Асбест,college,Асбестовский филиал СОМК Асбестовский филиал Свердловский областной медицинский колледж
RU,Россия,Асбест,general,"Асбестовская школа-интернат, реализующая адаптированные основные общеобразовательные программы"
RU,Россия,Асбест,general,Лицей № 9
RU,Россия,Асбест,general,"МАОУ ""СОШ № 4"" АМО СО"
RU,Россия,Асбест,general,Начальная общеобразовательная школа № 12
RU,Россия,Асбест,general,Основная общеобразовательная школа № 12
RU,Россия,Асбест,general,Основная общеобразовательная школа № 13
RU,Россия,Асбест,general,Средняя общеобразовательная школа № 1 им. М. Горького
RU,Россия,Асбест,general,Средняя общеобразовательная школа № 11
RU,Россия,Асбест,general,Средняя общеобразовательная школа № 16
RU,Россия,Асбест,general,Средняя общеобразовательная школа № 2
RU,Россия,Асбест,general,Средняя общеобразовательная школа № 21
RU,Россия,Асбест,general,Средняя общеобразовательная школа № 22 им. Н.И. Кузнецова
RU,Россия,Асбест,general,Средняя общеобразовательная школа № 24 с углубленным изучением отдельных предметов
RU,Россия,Асбест,general,Средняя общеобразовательная школа № 30
RU,Россия,Асбест,general,Средняя общеобразовательная школа № 8 им. А.Г. Махнева
RU,Россия,Астрахань,boarding,"Общеобразовательная школа-интернат №5 для обучающихся, воспитанников с ограниченными возможностями здоровья"
RU,Россия,Астрахань,boarding,Цаган-Аманская санаторная школа-интернат
RU,Россия,Астрахань,boarding,Школа-интернат
RU,Россия,Астрахань,boarding,Школа-интернат им. С.И. Здоровцева
RU,Россия,Астрахань,boarding,Школа-интернат №1 для обучающихся с ограниченными возможностями здоровья
RU,Россия,Астрахань,boarding,Школа-интернат №3
RU,Россия,Астрахань,boarding,Школа-интернат №6
RU,Россия,Астрахань,boarding,Школа-интернат №7 для обучающихся с ограниченными возможностями здоровья
RU,Россия,Астрахань,college,ААТ Астраханский агротехнический техникум
RU,Россия,Астрахань,college,АБМК Астраханский базовый медицинский колледж
RU,Россия,Астрахань,college,АГКПТ Астраханский государственный колледж профессиональных технологий
RU,Россия,Астрахань,college,АГПК Астраханский государственный политехнический колледж
RU,Россия,Астрахань,college,АГТ Астраханский губернский техникум
RU,Россия,Астрахань,college,АКАФИ Астраханский колледж арт-фэшн индустрии
RU,Россия,Астрахань,college,АКВТ Астраханский колледж вычислительной техники
RU,Россия,Астрахань,college,АККиК Астраханский колледж культуры и искусств
RU,Россия,Астрахань,college,Астраханский АДК Астраханский автомобильно-дорожный колледж
RU,Россия,Астрахань,college,Астраханский колледж индустрии красоты
RU,Россия,Астрахань,college,АТТ Астраханский технологический техникум
RU,Россия,Астрахань,college,ВКМРПК АГТУ Волго-Каспийский морской рыбопромышленный колледж Астраханского государственного техническ
RU,Россия,Астрахань,college,Володарский филиал АГПК Володарский филиал Астраханский государственный политехнический колледж
RU,Россия,Астрахань,college,ИФ АТТ Икрянинский филиал Астраханского технологического техникума
RU,Россия,Астрахань,college,Колледж АГУ им. В.Н. Татищева Колледж Астраханского государственного университета им. В.Н. Татищева
RU,Россия,Астрахань,college,Колледж КИМРТ им. Ф.М. Апраксина - филиал ВГУВТ Колледж Каспийского института морского и речного транспорта имени генерал-адмирала Ф.М. Ап
RU,Россия,Астрахань,college,КСЭ АГАСУ Колледж строительства и экономики Астраханского государственного архитектурно-строительног
RU,Россия,Астрахань,college,Лиманский филиал АГПК Лиманский филиал Астраханского государственного политехнического колледжа
RU,Россия,Астрахань,college,Частный АКТЭП Астраханский кооперативный техникум экономики и права
RU,Россия,Астрахань,college,Частный Астраханский филиал МЮИ Астраханский филиал Международного юридического института
RU,Россия,Астрахань,college,Частный Енотаевский филиал АГАСУ Енотаевский филиал - Астраханский государственный архитектурно-строительный университет
RU,Россия,Астрахань,college,Частный Колледж Академия ТОП Астрахань Филиал колледжа «Академия ТОП Астрахань»
RU,Россия,Астрахань,college,Частный Скайпро Астрахань Колледж Скайпро Астрахань
RU,Россия,Астрахань,general,Cредняя общеобразовательная школа с. Хошеутово
RU,Россия,Астрахань,general,Алчинская основная школа
RU,Россия,Астрахань,general,Астраханский технический лицей
RU,Россия,Астрахань,general,Ахтубинская средняя общеобразовательная школа
RU,Россия,Астрахань,general,Байбекская средняя общеобразовательная школа им. А. Кунанбаева
RU,Россия,Астрахань,general,Басинская основная общеобразовательная школа
RU,Россия,Астрахань,general,Бахтемирская средняя школа
RU,Россия,Астрахань,general,Бекетовская средняя школа
RU,Россия,Астрахань,general,Бирюковская средняя школа
RU,Россия,Астрахань,general,Болдыревская основная общеобразовательная школа им. Азербаева Даниила
RU,Россия,Астрахань,general,Болхунская средняя общеобразовательная школа
RU,Россия,Астрахань,general,Бударинская основная общеобразовательная школа
RU,Россия,Астрахань,general,Бузанская основная школа
RU,Россия,Астрахань,general,Ватаженская основная общеобразовательная школа
RU,Россия,Астрахань,general,Верхнебузанская средняя школа
RU,Россия,Астрахань,general,Верхнекалиновская средняя общеобразовательная школа
RU,Россия,Астрахань,general,Винновская средняя общеобразовательная школа
RU,Россия,Астрахань,general,Винновская средняя школа
RU,Россия,Астрахань,general,Волго-Каспийская средняя школа
RU,Россия,Астрахань,general,Володарская средняя общеобразовательная школа №1
RU,Россия,Астрахань,general,Володарская средняя общеобразовательная школа №2
RU,Россия,Астрахань,general,Восточнинская основная общеобразовательная школа
RU,Россия,Астрахань,general,Гимназия № 1
RU,Россия,Астрахань,general,Гимназия № 3
RU,Россия,Астрахань,general,Гимназия № 4
RU,Россия,Астрахань,general,Джанайская основная школа
RU,Россия,Астрахань,general,Дошкольное отделение
RU,Россия,Астрахань,general,Жан-Аульская основная общеобразовательная школа им. Мухтара Ауэзова
RU,Россия,Астрахань,general,Забузанская средняя школа
RU,Россия,Астрахань,general,Замьяновская средняя общеобразовательная школа
RU,Россия,Астрахань,general,Зензелинская средняя-общеобразовательная школа
RU,Россия,Астрахань,general,Золотухинская средняя общеобразовательная школа МО Ахтубинский район
RU,Россия,Астрахань,general,Иванчугская основная школа
RU,Россия,Астрахань,general,Икрянинская начальная школа
RU,Россия,Астрахань,general,Икрянинская средняя школа
RU,Россия,Астрахань,general,Ильинская средняя школа
RU,Россия,Астрахань,general,Инженерная школа
RU,Россия,Астрахань,general,Караванненская средняя общеобразовательная школа
RU,Россия,Астрахань,general,Карагалинская средняя школа
RU,Россия,Астрахань,general,Каралатская средняя общеобразовательная школа
RU,Россия,Астрахань,general,Караулинская общеобразовательная школа им. Героя Советского Союза Никонова К.П
RU,Россия,Астрахань,general,Килинчинская средняя школа
RU,Россия,Астрахань,general,Кирпичнозаводская средняя школа
RU,Россия,Астрахань,general,Козловская средняя общеобразовательная школа
RU,Россия,Астрахань,general,Копановская основная общеобразовательная школа им. Н. Баирова
RU,Россия,Астрахань,general,Краснобаррикадная средняя школа
RU,Россия,Астрахань,general,Красноярская средняя школа №1
RU,Россия,Астрахань,general,Красноярская средняя школа №2
RU,Россия,Астрахань,general,Кривобузанская основная общеобразовательная школа
RU,Россия,Астрахань,general,Кряжевинская основная школа
RU,Россия,Астрахань,general,Лебяжинская основная общеобразовательная школа им. Бухаева Ю.Р
RU,Россия,Астрахань,general,Ленинская средняя общеобразовательная школа
RU,Россия,Астрахань,general,Лиманская средняя общеобразовательная школа №1
RU,Россия,Астрахань,general,Лиманская средняя общеобразовательная школа №2
RU,Россия,Астрахань,general,Маковская начальная школа им. героя Советского союза Г.С. Мыльникова
RU,Россия,Астрахань,general,Михайловская основная общеобразовательная школа
RU,Россия,Астрахань,general,Мултановская средняя общеобразовательная школа
RU,Россия,Астрахань,general,Мумринская средняя общеобразовательная школа
RU,Россия,Астрахань,general,Начальная школа №19
RU,Россия,Астрахань,general,Нижнебаскунчакская средняя общеобразовательная школа
RU,Россия,Астрахань,general,Никольская средняя школа
RU,Россия,Астрахань,general,Ниновская основная общеобразовательная школа
RU,Россия,Астрахань,general,Ново-Булгаринская средняя школа
RU,Россия,Астрахань,general,Новогеоргиевская средняя общеобразовательная школа
RU,Россия,Астрахань,general,Новокрасинская основная общеобразовательная школа
RU,Россия,Астрахань,general,Новостройская основная общеобразовательная школа
RU,Россия,Астрахань,general,Новоурусовская средняя школа
RU,Россия,Астрахань,general,Областная спортивная школа
RU,Россия,Астрахань,general,Образцовская основная общеобразовательная школа
RU,Россия,Астрахань,general,Общеобразовательная школа-интернат № 5
RU,Россия,Астрахань,general,Озерновская основная общеобразовательная школа
RU,Россия,Астрахань,general,Оранжерейнинская средняя общеобразовательня школа
RU,Россия,Астрахань,general,Основная общеобразовательная школа
RU,Россия,Астрахань,general,Основная общеобразовательная школа с. Ветлянка
RU,Россия,Астрахань,general,Основная общеобразовательная школа с. Ивановки
RU,Россия,Астрахань,general,Основная общеобразовательная школа с. Кочковатка
RU,Россия,Астрахань,general,Основная общеобразовательная школа с. Лапас
RU,Россия,Астрахань,general,Основная общеобразовательная школа № 7
RU,Россия,Астрахань,general,Основная школа №16
RU,Россия,Астрахань,general,Основная школа №2
RU,Россия,Астрахань,general,Основная школа №21
RU,Россия,Астрахань,general,Основная школа №3
RU,Россия,Астрахань,general,Основная школа №31
RU,Россия,Астрахань,general,Осыпнобугорская средняя школа
RU,Россия,Астрахань,general,Открытая школа №6
RU,Россия,Астрахань,general,Пироговская основная общеобразовательная школа
RU,Россия,Астрахань,general,Пойменская средняя школа
RU,Россия,Астрахань,general,Покровская средняя общеобразовательная школа
RU,Россия,Астрахань,general,Приволжская основная школа
RU,Россия,Астрахань,general,Приволжская средняя школа №1
RU,Россия,Астрахань,general,Приволжская средняя школа №2
RU,Россия,Астрахань,general,Пришибинская основная общеобразовательная школа им.Героя Советского Союза А.Тульникова
RU,Россия,Астрахань,general,Промысловская основная общеобразовательная школа
RU,Россия,Астрахань,general,Проточненская основная общеобразовательная школа
RU,Россия,Астрахань,general,Раздорская средняя школа
RU,Россия,Астрахань,general,Садовская основная общеобразовательная школа
RU,Россия,Астрахань,general,Самосдельская средняя школа
RU,Россия,Астрахань,general,Сеитовская основная школа
RU,Россия,Астрахань,general,Семибугровская средняя школа
RU,Россия,Астрахань,general,Сергиевская основная общеобразовательная школа
RU,Россия,Астрахань,general,Сизобугорская Средняя Общеобразовательная школа им. поэта Мажлиса Утежанова
RU,Россия,Астрахань,general,Сорочинская средняя общеобразовательная школа имени В. А. Деньгина
RU,Россия,Астрахань,general,Средняя общеобразовательная школа
RU,Россия,Астрахань,general,Средняя общеобразовательная школа г. Нариманов с дошкольным отделением
RU,Россия,Астрахань,general,Средняя общеобразовательная школа им. Г.Г. Коноплёва
RU,Россия,Астрахань,general,Средняя общеобразовательная школа п. Трусово
RU,Россия,Астрахань,general,Средняя общеобразовательная школа с. Вольное
RU,Россия,Астрахань,general,Средняя общеобразовательная школа с. Восток
RU,Россия,Астрахань,general,Средняя общеобразовательная школа с. Енотаевка
RU,Россия,Астрахань,general,Средняя общеобразовательная школа с. Каменный Яр им. героя Советского союза Ф.Р. Аблязова
RU,Россия,Астрахань,general,Средняя общеобразовательная школа с. Линейное
RU,Россия,Астрахань,general,Средняя общеобразовательная школа с. Никольское
RU,Россия,Астрахань,general,Средняя общеобразовательная школа с. Речное
RU,Россия,Астрахань,general,Средняя общеобразовательная школа с. Селитренное им. Елены Лосевой
RU,Россия,Астрахань,general,Средняя общеобразовательная школа № 1
RU,Россия,Астрахань,general,Средняя Общеобразовательная школа № 11 имени Гейдара Алиевича Алиева
RU,Россия,Астрахань,general,Средняя общеобразовательная школа № 24
RU,Россия,Астрахань,general,Средняя общеобразовательная школа № 26
RU,Россия,Астрахань,general,Средняя общеобразовательная школа № 28
RU,Россия,Астрахань,general,Средняя общеобразовательная школа № 30
RU,Россия,Астрахань,general,Средняя общеобразовательная школа № 32 с углубленным изучением предметов физико-математического профиля
RU,Россия,Астрахань,general,Средняя общеобразовательная школа № 37
RU,Россия,Астрахань,general,Средняя общеобразовательная школа № 4
RU,Россия,Астрахань,general,Средняя общеобразовательная школа № 4 имени Т.Г. Шевченко
RU,Россия,Астрахань,general,Средняя общеобразовательная школа № 55
RU,Россия,Астрахань,general,Средняя общеобразовательная школа № 56 имени А.С. Пушкина
RU,Россия,Астрахань,general,Средняя общеобразовательная школа № 64
RU,Россия,Астрахань,general,Средняя общеобразовательная школа №11
RU,Россия,Астрахань,general,Средняя общеобразовательная школа №12
RU,Россия,Астрахань,general,Средняя школа
RU,Россия,Астрахань,general,Средняя школа им. А. Джанибекова
RU,Россия,Астрахань,general,Средняя школа №13
RU,Россия,Астрахань,general,Средняя школа №14
RU,Россия,Астрахань,general,Средняя школа №18
RU,Россия,Астрахань,general,Средняя школа №20
RU,Россия,Астрахань,general,Средняя школа №22
RU,Россия,Астрахань,general,Средняя школа №23
RU,Россия,Астрахань,general,Средняя школа №27
RU,Россия,Астрахань,general,Средняя школа №29
RU,Россия,Астрахань,general,Средняя школа №3
RU,Россия,Астрахань,general,Средняя школа №32
RU,Россия,Астрахань,general,Средняя школа №33
RU,Россия,Астрахань,general,Средняя школа №35
RU,Россия,Астрахань,general,Средняя школа №36
RU,Россия,Астрахань,general,Средняя школа №39
RU,Россия,Астрахань,general,Средняя школа №40
RU,Россия,Астрахань,general,Средняя школа №45
RU,Россия,Астрахань,general,Средняя школа №48
RU,Россия,Астрахань,general,Средняя школа №49
RU,Россия,Астрахань,general,Средняя школа №51
RU,Россия,Астрахань,general,Средняя школа №52
RU,Россия,Астрахань,general,Средняя школа №53
RU,Россия,Астрахань,general,Средняя школа №54
RU,Россия,Астрахань,general,Средняя школа №56
RU,Россия,Астрахань,general,Средняя школа №57
RU,Россия,Астрахань,general,Средняя школа №59
RU,Россия,Астрахань,general,Средняя школа №6
RU,Россия,Астрахань,general,Средняя школа №61
RU,Россия,Астрахань,general,Средняя школа №66
RU,Россия,Астрахань,general,Средняя школа №7
RU,Россия,Астрахань,general,Средняя школа №71
RU,Россия,Астрахань,general,Средняя школа №74
RU,Россия,Астрахань,general,Средняя школа №8
RU,Россия,Астрахань,general,Средняя школа №9
RU,Россия,Астрахань,general,Старо-Волжская основная общеобразовательная школа
RU,Россия,Астрахань,general,Султановская основная общеобразовательная школа им. Намазбаева Байбулата
RU,Россия,Астрахань,general,Татаробашмаковская средняя школа
RU,Россия,Астрахань,general,Тишковская средняя общеобразовательная школа им. П.П. Мурыгина
RU,Россия,Астрахань,general,Травинская средняя общеобразовательная школа
RU,Россия,Астрахань,general,Трехпротокская средняя общеобразовательная школа
RU,Россия,Астрахань,general,Тузуклейская основная школа
RU,Россия,Астрахань,general,Тумакская средняя общеобразовательная школа
RU,Россия,Астрахань,general,Уваринская средняя школа
RU,Россия,Астрахань,general,Удаченская Основная Общеобразовательная школа
RU,Россия,Астрахань,general,Успенская общеобразовательная школа
RU,Россия,Астрахань,general,Цаганаманская средняя общеобразовательная школа №2
RU,Россия,Астрахань,general,Цветновская средняя общеобразовательная школа
RU,Россия,Астрахань,general,Чаганская средняя школа
RU,Россия,Астрахань,general,Черемухинская основная школа
RU,Россия,Астрахань,general,Школа
RU,Россия,Астрахань,general,Школа им. Махтумкули Фраги
RU,Россия,Астрахань,general,Яксатовская средняя школа
RU,Россия,Астрахань,general,Ямненская основная общеобразовательная школа
RU,Россия,Астрахань,general,Яндыковская средняя общеобразовательная школа
RU,Россия,Астрахань,university,Астраханская государственная консерватория
RU,Россия,Астрахань,university,Астраханский государственный архитектурно-строительный университет
RU,Россия,Астрахань,university,Астраханский государственный медицинский университет
RU,Россия,Астрахань,university,Астраханский государственный технический университет
RU,Россия,Астрахань,university,Астраханский государственный университет имени В.Н.Татищева
RU,Россия,Астрахань,university,Астраханский филиал
RU,Россия,Астрахань,university,Астраханский филиал Образовательного
RU,Россия,Астрахань,university,Астраханский филиал — Саратовская государственная юридическая академия
RU,Россия,Астрахань,university,Каспийский институт морского и речного транспорта имени генерал-адмирала Ф.М. Апраксина - филиал
RU,Россия,Ачинск,college,АКОТБ Ачинский колледж отраслевых технологий и бизнеса
RU,Россия,Ачинск,college,АКТСХ Ачинский колледж транспорта и сельского хозяйства
RU,Россия,Ачинск,college,АМТ Ачинский медицинский техникум
RU,Россия,Ачинск,college,АПК Ачинский педагогический колледж
RU,Россия,Ачинск,college,АТНГ Ачинский техникум нефти и газа им. Е.А. Демьяненко
RU,Россия,Ачинск,college,АТЭТ Ачинский торгово-экономический техникум
RU,Россия,Ачинск,college,Козульский филиал ЕДСТ Козульский филиал Емельяновского дорожно-строительного техникума
RU,Россия,Ачинск,college,МФ АКТиСХ Малиновский филиал Ачинского колледжа транспорта и сельского хозяйства
RU,Россия,Ачинск,general,Ачинская православная преображенская начальная гимназия
RU,Россия,Ачинск,general,Ачинская школа №3
RU,Россия,Ачинск,general,Основная школа №10
RU,Россия,Ачинск,general,Средняя школа №11
RU,Россия,Ачинск,general,Средняя школа №12
RU,Россия,Ачинск,general,Средняя школа №13
RU,Россия,Ачинск,general,Средняя школа №15
RU,Россия,Ачинск,general,Средняя школа №18
RU,Россия,Ачинск,general,Средняя школа №4
RU,Россия,Ачинск,general,Средняя школа №5
RU,Россия,Ачинск,general,Средняя школа №6
RU,Россия,Ачинск,general,Средняя школа №7
RU,Россия,Ачинск,general,Средняя школа №8
RU,Россия,Ачинск,general,Школа №16
RU,Россия,Ачинск,general,Школа №17
RU,Россия,Ачинск,general,Школа №3
RU,Россия,Баксан,general,Прогимназия №3 г.Баксана
RU,Россия,Баксан,general,Средняя общеобразовательная школа № 1 им. Паштова С.А. г. Баксана
RU,Россия,Баксан,general,Средняя общеобразовательная школа № 2 им.А.А.Шогенцукова
RU,Россия,Баксан,general,Средняя общеобразовательная школа № 3 им.Р.Калмыкова г. Баксана
RU,Россия,Баксан,general,Средняя общеобразовательная школа № 4 им.М.А.Сижажева г. Баксана
RU,Россия,Баксан,general,Средняя общеобразовательная школа № 5 г. Баксана им.Н.И.Нагоева
RU,Россия,Баксан,general,Средняя общеобразовательная школа № 6 г. Баксана
RU,Россия,Баксан,general,Средняя общеобразовательная школа №1 им. С.А. Паштова г. Баксана
RU,Россия,Баксан,general,Средняя школа №2
RU,Россия,Баксан,general,Средняя школа №4
RU,Россия,Баксан,general,Средняя школа №5
RU,Россия,Баксан,general,Средняя школа №6
RU,Россия,Балаково,boarding,Специальная общеобразовательная школа-интернат VIII вида г. Балаково
RU,Россия,Балаково,college,БМК Балаковский медицинский колледж
RU,Россия,Балаково,college,БПТ Балаковский политехнический техникум
RU,Россия,Балаково,college,БПТТ им. Н.В. Грибанова Балаковский промышленно-транспортный техникум им. Н.В. Грибанова
RU,Россия,Балаково,college,ГК Губернаторский колледж
RU,Россия,Балаково,college,Колледж Балаклавского филиала СГЮА Колледж Балаклавского филиала Саратовской государственной юридической академии
RU,Россия,Балаково,college,Колледж БИТИ НИЯУ МИФИ Колледж Балаковского инженерно-технологического института - филиал Национального исследова
RU,Россия,Балаково,college,ПКТиМ Поволжский колледж технологий и менеджмента
RU,Россия,Балаково,college,СОКИ г. Балаково Саратовский областной колледж искусств в г.Балаково
RU,Россия,Балаково,college,Частный Колледж Академия ТОП Балаково Филиал колледжа «Академия ТОП Балаково»
RU,Россия,Балаково,college,Частный ММК Межрегиональный многопрофильный колледж
RU,Россия,Балаково,general,Основная школа №10
RU,Россия,Балаково,general,Основная школа №6
RU,Россия,Балаково,general,Средняя школа № 5
RU,Россия,Балаково,general,Средняя школа №11
RU,Россия,Балаково,general,Средняя школа №12
RU,Россия,Балаково,general,Средняя школа №13
RU,Россия,Балаково,general,Средняя школа №15
RU,Россия,Балаково,general,Средняя школа №16
RU,Россия,Балаково,general,Средняя школа №18
RU,Россия,Балаково,general,Средняя школа №19
RU,Россия,Балаково,general,Средняя школа №2
RU,Россия,Балаково,general,Средняя школа №21
RU,Россия,Балаково,general,Средняя школа №22
RU,Россия,Балаково,general,Средняя школа №25
RU,Россия,Балаково,general,Средняя школа №26
RU,Россия,Балаково,general,Средняя школа №27
RU,Россия,Балаково,general,Средняя школа №28
RU,Россия,Балаково,general,Средняя школа №3
RU,Россия,Балаково,general,Средняя школа №4
RU,Россия,Балаково,general,Средняя школа №7
RU,Россия,Балахна,boarding,Специальная (коррекционная) общеобразовательная школа-интернат
RU,Россия,Балахна,college,Балахнинский филиал ННГУ им. Н.И. Лобачевского Балахнинский филиал Нижегородского государственного университета им. Н.И. Лобачевского
RU,Россия,Балахна,college,БТТ Балахнинский технический техникум
RU,Россия,Балахна,general,Коррекционная школа
RU,Россия,Балахна,general,Средняя школа №11
RU,Россия,Балахна,general,Средняя школа №12
RU,Россия,Балахна,general,Средняя школа №14
RU,Россия,Балахна,general,Средняя школа №3
RU,Россия,Балахна,general,Средняя школа №4
RU,Россия,Балахна,general,Средняя школа №6
RU,Россия,Балахна,general,Средняя школа №9
RU,Россия,Балашиха,college,Колледж РГУНХ Колледж «Российский государственный университет народного хозяйства имени В.И.Вернадского»
RU,Россия,Балашиха,college,СП ЦПСУ Структурное подразделение Центр подготовки сферы услуг «Энергия»
RU,Россия,Балашиха,college,Частный Колледж Академия ТОП Балашиха Филиал колледжа «Академия ТОП Балашиха»
RU,Россия,Балашиха,general,Гимназия № 1
RU,Россия,Балашиха,general,Гимназия № 1 имени Героя Российской Федерации А.В.Баландина
RU,Россия,Балашиха,general,Гимназия № 3
RU,Россия,Балашиха,general,Гимназия № 9 имени дважды Героя Советского Союза Адмирала флота Советского Союза С.Г. Горшкова
RU,Россия,Балашиха,general,Екатерининский лицей
RU,Россия,Балашиха,general,Елизаветинский лицей
RU,Россия,Балашиха,general,Земская гимназия
RU,Россия,Балашиха,general,Петровская гимназия
RU,Россия,Балашиха,general,Салтыковская гимназия
RU,Россия,Балашиха,general,Средняя общеобразовательная школа
RU,Россия,Балашиха,general,Средняя общеобразовательная школа № 12
RU,Россия,Балашиха,general,Средняя общеобразовательная школа № 14
RU,Россия,Балашиха,general,Средняя общеобразовательная школа № 15
RU,Россия,Балашиха,general,Средняя общеобразовательная школа № 16 имени Героя Советского Союза Сережникова А.И
RU,Россия,Балашиха,general,Средняя общеобразовательная школа № 20
RU,Россия,Балашиха,general,Средняя общеобразовательная школа № 26
RU,Россия,Балашиха,general,Средняя общеобразовательная школа № 27
RU,Россия,Балашиха,general,Средняя общеобразовательная школа № 3 с углубленным изучением отдельных предметов
RU,Россия,Балашиха,general,Средняя общеобразовательная школа № 30
RU,Россия,Балашиха,general,Средняя общеобразовательная школа № 4
RU,Россия,Балашиха,general,Средняя общеобразовательная школа № 5
RU,Россия,Балашиха,general,Средняя общеобразовательная школа № 6
RU,Россия,Балашиха,general,Средняя школа №1
RU,Россия,Балашиха,general,Средняя школа №10
RU,Россия,Балашиха,general,Средняя школа №11
RU,Россия,Балашиха,general,Средняя школа №16
RU,Россия,Балашиха,general,Средняя школа №2
RU,Россия,Балашиха,general,Средняя школа №21
RU,Россия,Балашиха,general,Средняя школа №22
RU,Россия,Балашиха,general,Средняя школа №25
RU,Россия,Балашиха,general,Средняя школа №3
RU,Россия,Балашиха,general,Средняя школа №33
RU,Россия,Балашиха,general,Средняя школа №7
RU,Россия,Балашиха,general,Средняя школа №8
RU,Россия,Балашиха,general,Школа для обучающихся с ограниченными возможностями здоровья
RU,Россия,Балашиха,general,Школа Интеллект-Сервис
RU,Россия,Балашиха,general,Школа №32
RU,Россия,Барнаул,boarding,Алтайский краевой педагогический лицей-интернат
RU,Россия,Барнаул,boarding,Барнаульская школа-интернат №3
RU,Россия,Барнаул,boarding,Барнаульская школа-интернат №4
RU,Россия,Барнаул,boarding,Барнаульская школа-интернат №5
RU,Россия,Барнаул,boarding,Барнаульская школа-интернат №6
RU,Россия,Барнаул,boarding,Озерская школа-интернат
RU,Россия,Барнаул,boarding,Павловская школа-интернат
RU,Россия,Барнаул,boarding,Тальменская школа-интернат
RU,Россия,Барнаул,college,ААГ Алтайская академия гостеприимства
RU,Россия,Барнаул,college,ААСК Алтайский архитектурно-строительный колледж
RU,Россия,Барнаул,college,ААТ Алтайский агротехнический техникум
RU,Россия,Барнаул,college,АИРМО Алтайский институт развития медицинского образования
RU,Россия,Барнаул,college,АКККиИ Алтайский краевой колледж культуры и искусств
RU,Россия,Барнаул,college,Алтайский филиал Финуниверситета Алтайский филиал Финансового университета при Правительстве Российской Федерации
RU,Россия,Барнаул,college,АлтГК Алтайский государственный колледж
RU,Россия,Барнаул,college,АлтГМК Алтайский государственный музыкальный колледж
RU,Россия,Барнаул,college,АПТ Алтайский политехнический техникум
RU,Россия,Барнаул,college,АПЭК Алтайский промышленно-экономический колледж
RU,Россия,Барнаул,college,АТТ Алтайский транспортный техникум
RU,Россия,Барнаул,college,АТТ в с. Первомайское Алтайский транспортный техникум в с. Первомайское
RU,Россия,Барнаул,college,ББМК Барнаульский базовый медицинский колледж
RU,Россия,Барнаул,college,БГПК имени В.К. Штильке Барнаульский государственный педагогический колледж Василия Константиновича Штильке
RU,Россия,Барнаул,college,БЛЖТ Барнаульский лицей железнодорожного транспорта
RU,Россия,Барнаул,college,БМТ Благовещенский медицинский техникум
RU,Россия,Барнаул,college,Бочкаревский ЛПО Бочкаревский лицей профессионального образования
RU,Россия,Барнаул,college,БПЛ Благовещенский профессиональный лицей
RU,Россия,Барнаул,college,Колледж АлтГУ Колледж Алтайского государственного университета
RU,Россия,Барнаул,college,Михайловский филиал ВПК Михайловский филиал Волчихинского политехнического колледжа
RU,Россия,Барнаул,college,МКСиПТ Международный колледж сыроделия и профессиональных технологий
RU,Россия,Барнаул,college,ПАТ Павловский аграрный техникум
RU,Россия,Барнаул,college,Профессиональный лицей ННР Профессиональный лицей Немецкого национального района
RU,Россия,Барнаул,college,УТК АлтГТУ Университетский технологический колледж Алтайского государственного технического университ
RU,Россия,Барнаул,college,Частный Алтайский институт экономики филиал СПбУТУиЭ Алтайский институт экономики филиал Санкт- Петербургского университета технологий управлен
RU,Россия,Барнаул,college,Частный АТКиП Алтайский техникум кинологии и предпринимательства
RU,Россия,Барнаул,college,Частный БКТ Барнаульский кооперативный техникум
RU,Россия,Барнаул,college,Частный Колледж Академия ТОП Барнаул Филиал колледжа «Академия ТОП Барнаул»
RU,Россия,Барнаул,college,Частный Колледж Тьютория Колледж Тьютория
RU,Россия,Барнаул,general,Акуловская средняя школа
RU,Россия,Барнаул,general,Алтайская школа №1
RU,Россия,Барнаул,general,Алтайская школа №2
RU,Россия,Барнаул,general,Анисимовская средняя школа
RU,Россия,Барнаул,general,Арбузовская средняя школа
RU,Россия,Барнаул,general,Барнаульская классическая школа
RU,Россия,Барнаул,general,Барнаульская школа №2
RU,Россия,Барнаул,general,Баюновоключевская средняя школа
RU,Россия,Барнаул,general,Беловская средняя школа
RU,Россия,Барнаул,general,Беловская средняя школа №1
RU,Россия,Барнаул,general,Березовская средняя школа
RU,Россия,Барнаул,general,Бобровская средняя школа
RU,Россия,Барнаул,general,Боровихинская основная школа
RU,Россия,Барнаул,general,Боровихинская средняя общеобразовательная школа
RU,Россия,Барнаул,general,Боровлянская средняя школа
RU,Россия,Барнаул,general,Бродковская средняя школа
RU,Россия,Барнаул,general,Буланихинская средняя школа
RU,Россия,Барнаул,general,Бурановская основная школа
RU,Россия,Барнаул,general,Верх-Жилинская основная школа
RU,Россия,Барнаул,general,Вершининская основная школа
RU,Россия,Барнаул,general,Восточная начальная школа
RU,Россия,Барнаул,general,Выползовская основная школа
RU,Россия,Барнаул,general,Гимназия № 69
RU,Россия,Барнаул,general,Гимназия № 74
RU,Россия,Барнаул,general,Глушинская основная школа
RU,Россия,Барнаул,general,Горновская средняя школа
RU,Россия,Барнаул,general,Елунинская основная школа
RU,Россия,Барнаул,general,Ельцовская средняя школа
RU,Россия,Барнаул,general,Жилинская средняя школа им. В.С. Камышникова
RU,Россия,Барнаул,general,Журавлихинская средняя школа
RU,Россия,Барнаул,general,Заводская средняя школа
RU,Россия,Барнаул,general,Загайновская средняя школа
RU,Россия,Барнаул,general,Зайцевская средняя школа
RU,Россия,Барнаул,general,Зимаревская средняя школа
RU,Россия,Барнаул,general,Зудиловская средняя школа
RU,Россия,Барнаул,general,Инская средняя школа
RU,Россия,Барнаул,general,Казанцевская основная школа
RU,Россия,Барнаул,general,Казачинская основная школа
RU,Россия,Барнаул,general,Каркавинская основная школа
RU,Россия,Барнаул,general,Кашкарагаихинская средняя школа
RU,Россия,Барнаул,general,Колыванская средняя школа
RU,Россия,Барнаул,general,Комсомольская основная школа
RU,Россия,Барнаул,general,Комсомольская №1 средняя школа
RU,Россия,Барнаул,general,Контошинская средняя школа
RU,Россия,Барнаул,general,Косихинская средняя школа им. А.М. Топорова
RU,Россия,Барнаул,general,Красноярская средняя школа
RU,Россия,Барнаул,general,Курочкинская основная школа
RU,Россия,Барнаул,general,Кучукская средняя школа
RU,Россия,Барнаул,general,Ларчихинская средняя школа
RU,Россия,Барнаул,general,Лебяжинская основная школа
RU,Россия,Барнаул,general,Логовская средняя школа
RU,Россия,Барнаул,general,Лосихинская средняя школа
RU,Россия,Барнаул,general,Луговская средняя школа
RU,Россия,Барнаул,general,Лушниковская основная школа
RU,Россия,Барнаул,general,Малаховская средняя школа
RU,Россия,Барнаул,general,Многоозерная начальная школа
RU,Россия,Барнаул,general,Налобихинская средняя школа
RU,Россия,Барнаул,general,Новоберезовская средняя школа
RU,Россия,Барнаул,general,Новоеловская основная школа
RU,Россия,Барнаул,general,Новоеловская средняя школа
RU,Россия,Барнаул,general,Новозоринская средняя школа
RU,Россия,Барнаул,general,Новообинцевская средняя школа
RU,Россия,Барнаул,general,Новоозерская средняя школа
RU,Россия,Барнаул,general,Новоперуновская средняя школа
RU,Россия,Барнаул,general,Новоповалихинская основная школа
RU,Россия,Барнаул,general,Новотроицкая средняя школа
RU,Россия,Барнаул,general,Овчинниковская школа
RU,Россия,Барнаул,general,Озёрская средняя школа
RU,Россия,Барнаул,general,Основная школа №109
RU,Россия,Барнаул,general,Основная школа №95
RU,Россия,Барнаул,general,Открытая школа №6
RU,Россия,Барнаул,general,Павловская начальная школа
RU,Россия,Барнаул,general,Павловская средняя школа
RU,Россия,Барнаул,general,Павлозаводская средняя школа
RU,Россия,Барнаул,general,Первомайская основная школа
RU,Россия,Барнаул,general,Первомайская средняя школа
RU,Россия,Барнаул,general,Петровская средняя школа
RU,Россия,Барнаул,general,Плотниковская основная школа
RU,Россия,Барнаул,general,Повалихинская средняя школа
RU,Россия,Барнаул,general,Полковниковская средняя школа
RU,Россия,Барнаул,general,Правдинская основная школа
RU,Россия,Барнаул,general,Пролетарская средняя школа
RU,Россия,Барнаул,general,Прутская средняя школа
RU,Россия,Барнаул,general,Ремзаводская средняя школа
RU,Россия,Барнаул,general,Речкуновская основная школа
RU,Россия,Барнаул,general,Рогозихинская основная школа
RU,Россия,Барнаул,general,Рогуличная основная школа
RU,Россия,Барнаул,general,Романовская начальная школа
RU,Россия,Барнаул,general,Санниковская средняя школа
RU,Россия,Барнаул,general,Сахарозаводская средняя общеобразовательная школа
RU,Россия,Барнаул,general,Северная средняя школа
RU,Россия,Барнаул,general,Сибирская средняя школа
RU,Россия,Барнаул,general,Сорочелоговская средняя школа
RU,Россия,Барнаул,general,Среднесибирская средняя школа
RU,Россия,Барнаул,general,Средняя общеобразвательная школNo 89 с углубленным изучением отдельных предметов
RU,Россия,Барнаул,general,Средняя общеобразовательная школNo117
RU,Россия,Барнаул,general,Средняя общеобразовательная школа №127
RU,Россия,Барнаул,general,Средняя общеобразовательная школа №56
RU,Россия,Барнаул,general,Средняя школа ГО ЗАТО Сибирский
RU,Россия,Барнаул,general,Средняя школа №1
RU,Россия,Барнаул,general,Средняя школа №10
RU,Россия,Барнаул,general,Средняя школа №102
RU,Россия,Барнаул,general,Средняя школа №103
RU,Россия,Барнаул,general,Средняя школа №106
RU,Россия,Барнаул,general,Средняя школа №107
RU,Россия,Барнаул,general,Средняя школа №110
RU,Россия,Барнаул,general,Средняя школа №113
RU,Россия,Барнаул,general,Средняя школа №114
RU,Россия,Барнаул,general,Средняя школа №117
RU,Россия,Барнаул,general,Средняя школа №118
RU,Россия,Барнаул,general,Средняя школа №120
RU,Россия,Барнаул,general,Средняя школа №125
RU,Россия,Барнаул,general,Средняя школа №126
RU,Россия,Барнаул,general,Средняя школа №128
RU,Россия,Барнаул,general,Средняя школа №13
RU,Россия,Барнаул,general,Средняя школа №132
RU,Россия,Барнаул,general,Средняя школа №133
RU,Россия,Барнаул,general,Средняя школа №134
RU,Россия,Барнаул,general,Средняя школа №135
RU,Россия,Барнаул,general,Средняя школа №136
RU,Россия,Барнаул,general,Средняя школа №137
RU,Россия,Барнаул,general,Средняя школа №138
RU,Россия,Барнаул,general,Средняя школа №24
RU,Россия,Барнаул,general,Средняя школа №31
RU,Россия,Барнаул,general,Средняя школа №37
RU,Россия,Барнаул,general,Средняя школа №38
RU,Россия,Барнаул,general,Средняя школа №48
RU,Россия,Барнаул,general,Средняя школа №49
RU,Россия,Барнаул,general,Средняя школа №50
RU,Россия,Барнаул,general,Средняя школа №51
RU,Россия,Барнаул,general,Средняя школа №53
RU,Россия,Барнаул,general,Средняя школа №54
RU,Россия,Барнаул,general,Средняя школа №55
RU,Россия,Барнаул,general,Средняя школа №59
RU,Россия,Барнаул,general,Средняя школа №6
RU,Россия,Барнаул,general,Средняя школа №60
RU,Россия,Барнаул,general,Средняя школа №63
RU,Россия,Барнаул,general,Средняя школа №64
RU,Россия,Барнаул,general,Средняя школа №68
RU,Россия,Барнаул,general,Средняя школа №70
RU,Россия,Барнаул,general,Средняя школа №72
RU,Россия,Барнаул,general,Средняя школа №75
RU,Россия,Барнаул,general,Средняя школа №76
RU,Россия,Барнаул,general,Средняя школа №78
RU,Россия,Барнаул,general,Средняя школа №81
RU,Россия,Барнаул,general,Средняя школа №84
RU,Россия,Барнаул,general,Средняя школа №88
RU,Россия,Барнаул,general,Средняя школа №89
RU,Россия,Барнаул,general,Средняя школа №91
RU,Россия,Барнаул,general,Средняя школа №93
RU,Россия,Барнаул,general,Средняя школа №94
RU,Россия,Барнаул,general,Средняя школа №96
RU,Россия,Барнаул,general,Средняя школа №97
RU,Россия,Барнаул,general,Средняя школа №98
RU,Россия,Барнаул,general,Средняя школа №99
RU,Россия,Барнаул,general,Староперуновская основная школа
RU,Россия,Барнаул,general,Стуковская основная школа
RU,Россия,Барнаул,general,Тальменская средняя школа №1
RU,Россия,Барнаул,general,Тальменская средняя школа №2
RU,Россия,Барнаул,general,Тальменская средняя школа №3
RU,Россия,Барнаул,general,Тальменская средняя школа №5
RU,Россия,Барнаул,general,Тальменская средняя школа №6
RU,Россия,Барнаул,general,Троицкая средняя школа №1
RU,Россия,Барнаул,general,Троицкая средняя школа №2
RU,Россия,Барнаул,general,Украинская средняя школа
RU,Россия,Барнаул,general,Фирсовская основная школа
RU,Россия,Барнаул,general,Хайрюзовская средняя школа
RU,Россия,Барнаул,general,Черемшанская основная школа
RU,Россия,Барнаул,general,Чернопятовская основная школа
RU,Россия,Барнаул,general,Шадринцевская средняя школа
RU,Россия,Барнаул,general,Шаховская средняя школа
RU,Россия,Барнаул,general,Шелаболихинская средняя школа №1
RU,Россия,Барнаул,general,Шипицынская основная школа
RU,Россия,Барнаул,general,Шишкинская средняя школа
RU,Россия,Барнаул,university,Алтайский государственный аграрный университет
RU,Россия,Барнаул,university,Алтайский государственный институт культуры
RU,Россия,Барнаул,university,Алтайский государственный медицинский университет
RU,Россия,Барнаул,university,Алтайский государственный педагогический университет
RU,Россия,Барнаул,university,Алтайский государственный технический университет им. И.И. Ползунова
RU,Россия,Барнаул,university,Алтайский государственный университет
RU,Россия,Барнаул,university,Алтайский институт труда и права (филиал)
RU,Россия,Барнаул,university,Алтайский институт экономики - филиал
RU,Россия,Барнаул,university,Алтайский филиал
RU,Россия,Барнаул,university,Барнаульская духовная семинария Барнаульской Епархии Русской Православной Церкви
RU,Россия,Батайск,college,БТЖТиС Батайский техникум железнодорожного транспорта и строительства
RU,Россия,Батайск,college,БТИТиР Донинтех Батайский техникум информационных технологий и радиоэлектроники «Донинтех»
RU,Россия,Батайск,college,Частный Колледж Академия ТОП Батайск Филиал колледжа «Академия ТОП Батайск»
RU,Россия,Батайск,general,МБОУ НШ № 1
RU,Россия,Батайск,general,Средняя общеобразовательная школа №12
RU,Россия,Батайск,general,Средняя общеобразовательная школа №16
RU,Россия,Батайск,general,Средняя школа №15
RU,Россия,Батайск,general,Средняя школа №2
RU,Россия,Батайск,general,Средняя школа №4
RU,Россия,Батайск,general,Средняя школа №5
RU,Россия,Батайск,general,Средняя школа №6
RU,Россия,Батайск,general,Средняя школа №8
RU,Россия,Батайск,general,Средняя школа №9
RU,Россия,Белгород,college,БАМТ Борисовский агромеханический техникум
RU,Россия,Белгород,college,БИК Белгородский индустриальный колледж
RU,Россия,Белгород,college,БМТ Белгородский машиностроительный техникум
RU,Россия,Белгород,college,БМТК Белгородский механико-технологический колледж
RU,Россия,Белгород,college,БПК Белгородский педагогический колледж
RU,Россия,Белгород,college,БПК Белгородский политехнический колледж
RU,Россия,Белгород,college,БПК Белгородский правоохранительный колледж им. В.В. Бурцева
RU,Россия,Белгород,college,БСК Белгородский строительный колледж
RU,Россия,Белгород,college,БТОП Белгородский техникум общественного питания
RU,Россия,Белгород,college,БТПиСУ Белгородский техникум промышленности и сферы услуг
RU,Россия,Белгород,college,ВАТ им. В.М. Грязнова Вейделевский агротехнологический техникум им. В.М. Грязнова
RU,Россия,Белгород,college,ДАК Дмитриевский аграрный колледж
RU,Россия,Белгород,college,Колледж БГАУ им. В.Я. Горина Колледж Белгородский государственный аграрный университет имени В.Я. Горина
RU,Россия,Белгород,college,Колледж БГТУ им. В.Г. Шухова Колледж высоких технологий БГТУ им. В.Г. Шухова
RU,Россия,Белгород,college,Колледж БелГУ Колледж Белгородского государственного национального исследовательского университета
RU,Россия,Белгород,college,РАТТ Ракитянский агротехнологический техникум
RU,Россия,Белгород,college,РПТ Ровеньский политехнический техникум
RU,Россия,Белгород,college,"Частный КБУКЭП Колледж Белгородского университета кооперации, экономики и права"
RU,Россия,Белгород,general,Белгородская вечерняя школа
RU,Россия,Белгород,general,Беловская средняя школа
RU,Россия,Белгород,general,Беломестненская средняя школа
RU,Россия,Белгород,general,Дубовская средняя школа
RU,Россия,Белгород,general,Мелиховская средняя школа
RU,Россия,Белгород,general,Мясоедовская основная школа
RU,Россия,Белгород,general,Основная школа №34
RU,Россия,Белгород,general,Пушкарская средняя школа
RU,Россия,Белгород,general,Разуменская средняя школа №1
RU,Россия,Белгород,general,Разуменская средняя школа №2
RU,Россия,Белгород,general,Разуменская средняя школа №3
RU,Россия,Белгород,general,Северная средняя школа №1
RU,Россия,Белгород,general,Северная средняя школа №2
RU,Россия,Белгород,general,Средняя общеобразовательная школа №18
RU,Россия,Белгород,general,Средняя школа
RU,Россия,Белгород,general,Средняя школа №11
RU,Россия,Белгород,general,Средняя школа №13
RU,Россия,Белгород,general,Средняя школа №14
RU,Россия,Белгород,general,Средняя школа №16
RU,Россия,Белгород,general,Средняя школа №17
RU,Россия,Белгород,general,Средняя школа №19
RU,Россия,Белгород,general,Средняя школа №20
RU,Россия,Белгород,general,Средняя школа №21
RU,Россия,Белгород,general,Средняя школа №24
RU,Россия,Белгород,general,Средняя школа №27
RU,Россия,Белгород,general,Средняя школа №28
RU,Россия,Белгород,general,Средняя школа №29
RU,Россия,Белгород,general,Средняя школа №31
RU,Россия,Белгород,general,Средняя школа №33
RU,Россия,Белгород,general,Средняя школа №35
RU,Россия,Белгород,general,Средняя школа №36
RU,Россия,Белгород,general,Средняя школа №37
RU,Россия,Белгород,general,Средняя школа №39
RU,Россия,Белгород,general,Средняя школа №4
RU,Россия,Белгород,general,Средняя школа №40
RU,Россия,Белгород,general,Средняя школа №41
RU,Россия,Белгород,general,Средняя школа №42
RU,Россия,Белгород,general,Средняя школа №43
RU,Россия,Белгород,general,Средняя школа №45
RU,Россия,Белгород,general,Средняя школа №46
RU,Россия,Белгород,general,Средняя школа №47
RU,Россия,Белгород,general,Средняя школа №48
RU,Россия,Белгород,general,Средняя школа №49
RU,Россия,Белгород,general,Средняя школа №50
RU,Россия,Белгород,general,Средняя школа №7
RU,Россия,Белгород,general,Стрелецкая средняя школа
RU,Россия,Белгород,general,Тавровская средняя школа
RU,Россия,Белгород,general,Шеинская средняя школа
RU,Россия,Белгород,general,Школа
RU,Россия,Белгород,general,Школа №30
RU,Россия,Белово,college,БИФ КемГУ Беловский институт (филиал) Кемеровского государственного университета
RU,Россия,Белово,college,БлПТ Беловский политехнический техникум
RU,Россия,Белово,college,БФ КМК Беловский филиал Кузбасского медицинского колледжа
RU,Россия,Белово,college,КМТ Кузбасский многопрофильный техникум
RU,Россия,Белово,college,Колледж КузГТУ им. Т.Ф. Горбачева в г. Белово Колледж Кузбасского государственного технического университета имени Т.Ф. Горбачева филиал
RU,Россия,Белово,general,Основная школа №21
RU,Россия,Белово,general,Основная школа №28
RU,Россия,Белово,general,Основная школа №4
RU,Россия,Белово,general,Основная школа №5
RU,Россия,Белово,general,Основная школа №7
RU,Россия,Белово,general,Средняя школа №10
RU,Россия,Белово,general,Средняя школа №11
RU,Россия,Белово,general,Средняя школа №14
RU,Россия,Белово,general,Средняя школа №30
RU,Россия,Белово,general,Средняя школа №32
RU,Россия,Белово,general,Средняя школа №76
RU,Россия,Белово,general,Средняя школа №8
RU,Россия,Белово,general,Средняя школа №9
RU,Россия,Белогорск,college,АКСТ г. Белогорск Амурский колледж сервиса и торговли филиал г. Белогорск
RU,Россия,Белогорск,college,АМФЦПК Амурский многофункциональный центр профессиональных квалификаций
RU,Россия,Белогорск,college,БТТ Белогорский технологический техникум
RU,Россия,Белогорск,college,ПАТ Прудовский аграрный техникум
RU,Россия,Белогорск,college,ЧАТ Чапаевский агротехнологический техникум
RU,Россия,Белогорск,general,Белогорская средняя школа №3
RU,Россия,Белогорск,general,Белогорская средняя школа №4
RU,Россия,Белогорск,general,Гимназия № 1 города Белогорск
RU,Россия,Белогорск,general,Школа № 10 города Белогорск
RU,Россия,Белогорск,general,Школа № 11 города Белогорск
RU,Россия,Белогорск,general,Школа № 17 города Белогорск
RU,Россия,Белогорск,general,Школа № 200 с углубленным изучением отдельных предметов
RU,Россия,Белогорск,general,Школа № 3 города Белогорск
RU,Россия,Белогорск,general,Школа № 4 города Белогорск
RU,Россия,Белогорск,general,Школа № 5 города Белогорск
RU,Россия,Белогорск,general,Школа №10
RU,Россия,Белогорск,general,Школа №11
RU,Россия,Белогорск,general,Школа №17
RU,Россия,Белогорск,general,Школа №200
RU,Россия,Белогорск,general,Школа №3
RU,Россия,Белогорск,general,Школа №4
RU,Россия,Белогорск,general,Школа №5
RU,Россия,Белореченск,college,БИТТ Белореченский индустриально-технологический техникум
RU,Россия,Белореченск,college,БМК Белореченский медицинский колледж
RU,Россия,Белореченск,college,Частный ККТК Краснодарский кооперативный техникум крайпотребсоюза
RU,Россия,Белореченск,general,ГКОУ Школа № 10 Г. Белореченска
RU,Россия,Белореченск,general,Коррекционная школа №10
RU,Россия,Белореченск,general,МАОУ Гимназия
RU,Россия,Белореченск,general,МБОУ НОШ 39
RU,Россия,Белореченск,general,МБОУ СОШ 1
RU,Россия,Белореченск,general,МБОУ СОШ 2
RU,Россия,Белореченск,general,МБОУ СОШ 3
RU,Россия,Белореченск,general,МБОУ СОШ 4
RU,Россия,Белореченск,general,МБОУ СОШ 5
RU,Россия,Белореченск,general,МБОУ СОШ 68
RU,Россия,Белореченск,general,МБОУ СОШ 8
RU,Россия,Белореченск,general,МБОУ СОШ 9
RU,Россия,Белореченск,general,Начальная школа №39
RU,Россия,Белореченск,general,Средняя общеобразовательная школа №2 им. А.С. Пушкина
RU,Россия,Белореченск,general,Средняя школа №1
RU,Россия,Белореченск,general,Средняя школа №3
RU,Россия,Белореченск,general,Средняя школа №4
RU,Россия,Белореченск,general,Средняя школа №5
RU,Россия,Белореченск,general,Средняя школа №68
RU,Россия,Белореченск,general,Средняя школа №8
RU,Россия,Белореченск,general,Средняя школа №9
RU,Россия,Бердск,college,БПК Бердский политехнический колледж
RU,Россия,Бердск,college,БФ НМК Бердский филиал Новосибирского медицинского колледжа
RU,Россия,Бердск,college,ИЦПО Искитимский центр профессионального обучения
RU,Россия,Бердск,general,Казачий кадетский корпус имени Героя Российской Федерации Олега Куянова (школа-интернат)
RU,Россия,Бердск,general,Лицей № 6
RU,Россия,Бердск,general,Лицей № 7
RU,Россия,Бердск,general,Средняя общеобразовательная школа с углубленным изучением отдельных предметов № 2 «Спектр»
RU,Россия,Бердск,general,Средняя общеобразовательная школа № 1
RU,Россия,Бердск,general,Средняя общеобразовательная школа № 10 «Пересвет»
RU,Россия,Бердск,general,Средняя общеобразовательная школа № 11
RU,Россия,Бердск,general,Средняя общеобразовательная школа № 12
RU,Россия,Бердск,general,Средняя общеобразовательная школа № 13
RU,Россия,Бердск,general,Средняя общеобразовательная школа № 3 «Пеликан»
RU,Россия,Бердск,general,Средняя общеобразовательная школа № 4
RU,Россия,Бердск,general,Средняя общеобразовательная школа № 5
RU,Россия,Бердск,general,Средняя общеобразовательная школа № 8
RU,Россия,Бердск,general,Средняя общеобразовательная школа № 9
RU,Россия,Бердск,general,Экономический лицей
RU,Россия,Бийск,boarding,Бийская школа-интернат №1
RU,Россия,Бийск,boarding,Бийская школа-интернат №2
RU,Россия,Бийск,boarding,Бийская школа-интернат №3
RU,Россия,Бийск,boarding,Кокшинская школа-интернат
RU,Россия,Бийск,college,АКПТиБ Алтайский колледж промышленных технологий и бизнеса
RU,Россия,Бийск,college,БГК Бийский государственный колледж
RU,Россия,Бийск,college,БМК Бийский медицинский колледж
RU,Россия,Бийск,college,БПК им. Д.И. Кузнецова Бийский педагогический колледж имени Д.И. Кузнецова
RU,Россия,Бийск,college,БПТК Бийский промышленно-технологический колледж
RU,Россия,Бийск,college,БСТ Благовещенский строительный техникум
RU,Россия,Бийск,college,БТЛХ Бийский техникум лесного хозяйства
RU,Россия,Бийск,college,Колледж АлтГУ филиал в г. Бийске Колледж Алтайского государственного университета филиал в г. Бийске
RU,Россия,Бийск,college,СЛПО Смоленский лицей профессионального образования
RU,Россия,Бийск,college,Солонешенский ЛПО Солонешенский лицей профессионального образования
RU,Россия,Бийск,college,Филиал АлтГМК в г. Бийске Алтайский государственный музыкальный колледж в г. Бийске
RU,Россия,Бийск,college,Частный БиТЭК Бийский технолого-экономический колледж
RU,Россия,Бийск,college,Частный Колледж Академия ТОП Бийск Филиал колледжа «Академия ТОП Бийск»
RU,Россия,Бийск,college,Частный ТОТ Усть-Коксинский техникум отраслевых технологий
RU,Россия,Бийск,general,Алтайская основная школа №1
RU,Россия,Бийск,general,Алтайская средняя школа №1
RU,Россия,Бийск,general,Алтайская средняя школа №2
RU,Россия,Бийск,general,Алтайская средняя школа №5
RU,Россия,Бийск,general,Ануйская средняя школа
RU,Россия,Бийск,general,Березовская средняя школа
RU,Россия,Бийск,general,Быстрянская средняя школа
RU,Россия,Бийск,general,Верх-Ануйская средняя школа
RU,Россия,Бийск,general,Верх-Катунская средняя школа
RU,Россия,Бийск,general,Верх-Обская средняя школа
RU,Россия,Бийск,general,Заринская средняя школа
RU,Россия,Бийск,general,Кадетская школа
RU,Россия,Бийск,general,Карагужинская основная школа
RU,Россия,Бийск,general,Катунская основная школа
RU,Россия,Бийск,general,Кировская средняя школа
RU,Россия,Бийск,general,Кокшинская средняя школа
RU,Россия,Бийск,general,Колбановская основная школа
RU,Россия,Бийск,general,Комаровская основная школа
RU,Россия,Бийск,general,Красноярская средняя школа
RU,Россия,Бийск,general,Лесная средняя школа
RU,Россия,Бийск,general,Линёвская средняя школа
RU,Россия,Бийск,general,Макарьевская основная школа
RU,Россия,Бийск,general,Малоугреневская средняя школа
RU,Россия,Бийск,general,Мирная средняя школа
RU,Россия,Бийск,general,Нижнекаменская средняя школа
RU,Россия,Бийск,general,Никольская средняя школа
RU,Россия,Бийск,general,Новозыковская средняя школа
RU,Россия,Бийск,general,Новотырышкинская средняя школа
RU,Россия,Бийск,general,Основная школа №19
RU,Россия,Бийск,general,Основная школа №21
RU,Россия,Бийск,general,Первомайская основная школа
RU,Россия,Бийск,general,Первомайская средняя школа
RU,Россия,Бийск,general,Первомайская средняя школа №2
RU,Россия,Бийск,general,Православная школа во имя праведного Иоанна Кронштадтского
RU,Россия,Бийск,general,Россошинская основная школа
RU,Россия,Бийск,general,Сетовская средняя школа
RU,Россия,Бийск,general,Сибирская средняя школа
RU,Россия,Бийск,general,Смоленская средняя школа №1
RU,Россия,Бийск,general,Смоленская средняя школа №2
RU,Россия,Бийск,general,Советская средняя школа
RU,Россия,Бийск,general,Соколовская средняя школа
RU,Россия,Бийск,general,Солоновская средняя школа
RU,Россия,Бийск,general,Средняя школа №1
RU,Россия,Бийск,general,Средняя школа №12
RU,Россия,Бийск,general,Средняя школа №15
RU,Россия,Бийск,general,Средняя школа №17
RU,Россия,Бийск,general,Средняя школа №18
RU,Россия,Бийск,general,Средняя школа №20
RU,Россия,Бийск,general,Средняя школа №25
RU,Россия,Бийск,general,Средняя школа №3
RU,Россия,Бийск,general,Средняя школа №33
RU,Россия,Бийск,general,Средняя школа №34
RU,Россия,Бийск,general,Средняя школа №4
RU,Россия,Бийск,general,Средняя школа №40
RU,Россия,Бийск,general,Средняя школа №41
RU,Россия,Бийск,general,Средняя школа №5
RU,Россия,Бийск,general,Средняя школа №6
RU,Россия,Бийск,general,Средняя школа №7
RU,Россия,Бийск,general,Средняя школа №8
RU,Россия,Бийск,general,Средняя школа №9
RU,Россия,Бийск,general,Сростинская средняя школа
RU,Россия,Бийск,general,Старобелокурихинская средняя школа
RU,Россия,Бийск,general,Старосуртайская основная школа
RU,Россия,Бийск,general,Степновская начальная школа
RU,Россия,Бийск,general,Сычевская средняя школа
RU,Россия,Бийск,general,Точилинская средняя школа
RU,Россия,Бийск,general,Урожайненская средняя школа
RU,Россия,Бийск,general,Усть-Ануйская средняя школа
RU,Россия,Бийск,general,Усть-Ишинская средняя школа
RU,Россия,Бийск,general,Усть-Катунская основная школа
RU,Россия,Бийск,general,Фоминская средняя школа
RU,Россия,Бийск,general,Хлеборобная средняя школа
RU,Россия,Бийск,general,Хуторская школа
RU,Россия,Бийск,general,Черновская основная школа
RU,Россия,Бийск,general,Шубенская средняя школа
RU,Россия,Бийск,general,Шульгинлогская средняя школа
RU,Россия,Благовещенск,boarding,Коррекционная школа-интернат №8
RU,Россия,Благовещенск,college,АКИК Амурский колледж искусств и культуры
RU,Россия,Благовещенск,college,АКК Амурский казачий колледж
RU,Россия,Благовещенск,college,АКСЖКХ Амурский колледж строительства и жилищно-коммунального хозяйства
RU,Россия,Благовещенск,college,АКСТ Амурский колледж сервиса и торговли
RU,Россия,Благовещенск,college,АКТДХ Амурский колледж транспорта и дорожного хозяйства
RU,Россия,Благовещенск,college,АмАК Амурский аграрный колледж
RU,Россия,Благовещенск,college,АМК Амурский медицинский колледж
RU,Россия,Благовещенск,college,АПК Амурский педагогический колледж
RU,Россия,Благовещенск,college,БМПК Благовещенский многопрофильный профессиональный колледж
RU,Россия,Благовещенск,college,БПК Благовещенский политехнический колледж
RU,Россия,Благовещенск,college,"БФ БАСК Благовещенский филиал Башкирского колледжа архитектуры, строительства и коммунального хозя"
RU,Россия,Благовещенск,college,БФЭК Благовещенский финансово-экономический колледж
RU,Россия,Благовещенск,college,КДГАУ Колледж Дальневосточный государственный аграрный университет
RU,Россия,Благовещенск,college,КМГУ им. Г.И. Невельского в г. Благовещенск Колледж Морской государственный университет им. Г.И. Невельского — в г. Благовещенск
RU,Россия,Благовещенск,college,Частный Колледж Академия ТОП Благовещенск Филиал колледжа «Академия ТОП Благовещенск»
RU,Россия,Благовещенск,general,Волковская средняя школа
RU,Россия,Благовещенск,general,Коррекционная школа №7
RU,Россия,Благовещенск,general,Марковская средняя общеобразовательная школа
RU,Россия,Благовещенск,general,Михайловская средняя школа
RU,Россия,Благовещенск,general,МОБУ Гимназия № 1 Г. Благовещенска
RU,Россия,Благовещенск,general,МОБУ ООШ № 2 Г. Благовещенска
RU,Россия,Благовещенск,general,МОБУ ООШ № 3 ИМ. П.А. Комлева Г. Благовещенска
RU,Россия,Благовещенск,general,МОБУ СОШ № 4 ИМ. А.я.першина Г. Благовещенска
RU,Россия,Благовещенск,general,МОБУ СОШ № 5 Г. Благовещенска
RU,Россия,Благовещенск,general,МОБУ СОШ № 6 ИМ. М.а.киняшова Г.благовещенска РБ
RU,Россия,Благовещенск,general,Молчановская средняя школа
RU,Россия,Благовещенск,general,Новгородская средняя школа
RU,Россия,Благовещенск,general,Новопетровская средняя школа
RU,Россия,Благовещенск,general,Новотроицкая основная школа
RU,Россия,Благовещенск,general,Орлинская средняя школа
RU,Россия,Благовещенск,general,Основная школа
RU,Россия,Благовещенск,general,Основная школа №2
RU,Россия,Благовещенск,general,Основная школа №3
RU,Россия,Благовещенск,general,Семиозерская основная школа
RU,Россия,Благовещенск,general,Средняя школа
RU,Россия,Благовещенск,general,Средняя школа №1
RU,Россия,Благовещенск,general,Средняя школа №2
RU,Россия,Благовещенск,general,Средняя школа №4
RU,Россия,Благовещенск,general,Средняя школа №5
RU,Россия,Благовещенск,general,Средняя школа №6
RU,Россия,Благовещенск,general,Успеновская средняя школа
RU,Россия,Благовещенск,general,Усть-Ивановская средняя школа
RU,Россия,Благовещенск,general,Устьпёрская основная школа
RU,Россия,Благовещенск,general,Черниговская основная школа
RU,Россия,Благовещенск,general,Чигиринская средняя школа
RU,Россия,Благовещенск,general,Школа Наш дом
RU,Россия,Благовещенск,general,Школа №10
RU,Россия,Благовещенск,general,Школа №12
RU,Россия,Благовещенск,general,Школа №13
RU,Россия,Благовещенск,general,Школа №14
RU,Россия,Благовещенск,general,Школа №15
RU,Россия,Благовещенск,general,Школа №16
RU,Россия,Благовещенск,general,Школа №17
RU,Россия,Благовещенск,general,Школа №22 им. Ф.Э. Дзержинского
RU,Россия,Благовещенск,general,Школа №23
RU,Россия,Благовещенск,general,Школа №24
RU,Россия,Благовещенск,general,Школа №26
RU,Россия,Благовещенск,general,Школа №27
RU,Россия,Благовещенск,general,Школа №28
RU,Россия,Бор,general,Большепикинская основная школа
RU,Россия,Бор,general,Борская средняя школа
RU,Россия,Бор,general,Начальная школа №17
RU,Россия,Бор,general,Октябрьская средняя школа
RU,Россия,Бор,general,Основная школа №20
RU,Россия,Бор,general,Основная школа №5
RU,Россия,Бор,general,Средняя общеобразовательная школа №1
RU,Россия,Бор,general,Средняя школа №10
RU,Россия,Бор,general,Средняя школа №11
RU,Россия,Бор,general,Средняя школа №12
RU,Россия,Бор,general,Средняя школа №14
RU,Россия,Бор,general,Средняя школа №2
RU,Россия,Бор,general,Средняя школа №22
RU,Россия,Бор,general,Средняя школа №3
RU,Россия,Бор,general,Средняя школа №4
RU,Россия,Бор,general,Средняя школа №6
RU,Россия,Бор,general,Средняя школа №8
RU,Россия,Бор,general,Строящаяся школа
RU,Россия,Борзя,college,БМУ Борзинское медицинское училище
RU,Россия,Борзя,college,БФ КПТК Борзинский филиал Краснокаменский промышленно-технологический колледж
RU,Россия,Борзя,general,Средняя общеобразовательная школа № 240 г. Борзи
RU,Россия,Борзя,general,Школа № 41 Г. Борзи
RU,Россия,Боровичи,college,БАДК Боровичский автомобильно-дорожный колледж
RU,Россия,Боровичи,college,БАПТ Боровичский агропромышленный техникум
RU,Россия,Боровичи,college,БМК им. А.А. Кокорина Боровичский медицинский колледж имени А.А. Кокорина
RU,Россия,Боровичи,college,БПК Боровичский педагогический колледж
RU,Россия,Боровичи,college,БТОПиС Боровичский техникум общественного питания и строительства
RU,Россия,Боровичи,college,БТСИиЭ Боровичский техникум строительной индустрии и экономики
RU,Россия,Боровичи,college,БТСИиЭ филиал в п. Хвойная Боровичский техникум строительной индустрии и экономики филиал в п. Хвойная
RU,Россия,Боровичи,general,Гимназия
RU,Россия,Боровичи,general,Средняя образовательная школа № 4
RU,Россия,Боровичи,general,Средняя образовательная школа № 7
RU,Россия,Боровичи,general,Средняя образовательная школа № 8 с углубленным изучением математики и английского языка
RU,Россия,Боровичи,general,Средняя общеобразовательная школа № 1
RU,Россия,Боровичи,general,Средняя общеобразовательная школа № 11 с углубленным изучением экономики и биологии
RU,Россия,Боровичи,general,Средняя общеобразовательная школа № 9
RU,Россия,Братск,college,БМК Братский медицинский колледж
RU,Россия,Братск,college,БМУ Братское музыкальное училище
RU,Россия,Братск,college,БПК Братский педагогический колледж
RU,Россия,Братск,college,БПК Братский политехнический колледж
RU,Россия,Братск,college,БПК Братский профессиональный техникум
RU,Россия,Братск,college,БПромТ Братский промышленный техникум
RU,Россия,Братск,college,БрИМТ Братский индустриально-металлургический техникум
RU,Россия,Братск,general,Бурнинская начальная школа
RU,Россия,Братск,general,Вечерняя школа №9
RU,Россия,Братск,general,Коррекционная школа №25
RU,Россия,Братск,general,Коррекционная школа №33
RU,Россия,Братск,general,Кузнецовская средняя школа
RU,Россия,Братск,general,Основная школа №17
RU,Россия,Братск,general,Открытая школа №1
RU,Россия,Братск,general,Открытая школа №2
RU,Россия,Братск,general,Средняя школа №1
RU,Россия,Братск,general,Средняя школа №12
RU,Россия,Братск,general,Средняя школа №13
RU,Россия,Братск,general,Средняя школа №14
RU,Россия,Братск,general,Средняя школа №15
RU,Россия,Братск,general,Средняя школа №16
RU,Россия,Братск,general,Средняя школа №18
RU,Россия,Братск,general,Средняя школа №19
RU,Россия,Братск,general,Средняя школа №20
RU,Россия,Братск,general,Средняя школа №24
RU,Россия,Братск,general,Средняя школа №26
RU,Россия,Братск,general,Средняя школа №29
RU,Россия,Братск,general,Средняя школа №3
RU,Россия,Братск,general,Средняя школа №30
RU,Россия,Братск,general,Средняя школа №31
RU,Россия,Братск,general,Средняя школа №32
RU,Россия,Братск,general,Средняя школа №34
RU,Россия,Братск,general,Средняя школа №35
RU,Россия,Братск,general,Средняя школа №36
RU,Россия,Братск,general,Средняя школа №37
RU,Россия,Братск,general,Средняя школа №39
RU,Россия,Братск,general,Средняя школа №4
RU,Россия,Братск,general,Средняя школа №40
RU,Россия,Братск,general,Средняя школа №41
RU,Россия,Братск,general,Средняя школа №42
RU,Россия,Братск,general,Средняя школа №43
RU,Россия,Братск,general,Средняя школа №45
RU,Россия,Братск,general,Средняя школа №46
RU,Россия,Братск,general,Средняя школа №5
RU,Россия,Братск,general,Средняя школа №6
RU,Россия,Братск,general,Средняя школа №8
RU,Россия,Братск,general,Средняя школа №9
RU,Россия,Братск,general,Тарминская средняя школа
RU,Россия,Брянск,college,ББМК Брянский базовый медицинский колледж
RU,Россия,Брянск,college,БГУОР Брянское государственное училище (колледж) олимпийского резерва
RU,Россия,Брянск,college,"БМСТ им. ак. Н.М, Амосова Брянский медико-социальный техникум им. ак. Н.М. Амосова"
RU,Россия,Брянск,college,БОКИ Брянский областной колледж искусств
RU,Россия,Брянск,college,БППК Брянский профессионально-педагогический колледж
RU,Россия,Брянск,college,Брасовский филиал ФГБОУ ВО Брянский ГАУ Брасовский промышленно-экономический техникум
RU,Россия,Брянск,college,Брянский филиал ПГУПС Брянский филиал ПГУПС
RU,Россия,Брянск,college,Брянский филиал РЭУ им. Г.В. Плеханова Брянский филиал Российского экономического университета им. Г.В. Плеханова
RU,Россия,Брянск,college,БСК им. Н.Е. Жуковского Брянский строительный колледж имени профессора Н.Е. Жуковского
RU,Россия,Брянск,college,БСТТ им. Л.Я. Кучеева Брянский строительно – технологический техникум имени Л.Я.Кучеева
RU,Россия,Брянск,college,БТПИТ Брянский техникум питания и торговли
RU,Россия,Брянск,college,БТПТиСУ Брянский техникум профессиональных технологий и сферы услуг
RU,Россия,Брянск,college,БТТ Брянский транспортный техникум
RU,Россия,Брянск,college,БТЭиР Брянский техникум энергомашиностроения и радиоэлектроники им. М.А. Афанасьева
RU,Россия,Брянск,college,КММТ п. Навля Комаричский механико-технологический техникум п. Навля
RU,Россия,Брянск,college,КМТТ Комаричский механико-технологический техникум
RU,Россия,Брянск,college,Колледж БГИТУ Колледж Брянского государственного инженерно-технологического университета
RU,Россия,Брянск,college,КСПК Клинцовский индустриально-педагогический колледж
RU,Россия,Брянск,college,Мичуринский филиал Брянский ГАУ Мичуринский филиал Брянского государственного аграрного университета
RU,Россия,Брянск,college,РЖТ Региональный железнодорожный техникум
RU,Россия,Брянск,college,Частный БКТ Брянский кооперативный техникум
RU,Россия,Брянск,college,Частный БТУБ Брянский техникум управления и бизнеса
RU,Россия,Брянск,college,Частный Колледж Академия ТОП Брянск Филиал колледжа «Академия ТОП Брянск»
RU,Россия,Брянск,general,Cредняя общеобразовательная школа № 30
RU,Россия,Брянск,general,Cредняя общеобразовательная школа № 35
RU,Россия,Брянск,general,Cредняя общеобразовательная школа № 40
RU,Россия,Брянск,general,Cредняя общеобразовательная школа № 41
RU,Россия,Брянск,general,Cредняя общеобразовательная школа № 57
RU,Россия,Брянск,general,Вечерняя школа №5
RU,Россия,Брянск,general,Гимназия № 1
RU,Россия,Брянск,general,Гимназия № 6
RU,Россия,Брянск,general,Кокинская средняя школа
RU,Россия,Брянск,general,Мичуринская средняя школа
RU,Россия,Брянск,general,Нетьинская средняя школа
RU,Россия,Брянск,general,Новодарковичская средняя школа
RU,Россия,Брянск,general,Отрадненская средняя школа
RU,Россия,Брянск,general,Свенская средняя школа №1
RU,Россия,Брянск,general,Специальная (коррекционная) школа №37
RU,Россия,Брянск,general,Специальная (коррекционная) школа №68 I-II вида для глухих и слабослышащих детей
RU,Россия,Брянск,general,Средняя общеобразовательная школа № 17
RU,Россия,Брянск,general,Средняя общеобразовательная школа № 25
RU,Россия,Брянск,general,Средняя общеобразовательная школа № 28
RU,Россия,Брянск,general,Средняя общеобразовательная школа № 3
RU,Россия,Брянск,general,Средняя общеобразовательная школа № 34
RU,Россия,Брянск,general,Средняя общеобразовательная школа № 42
RU,Россия,Брянск,general,Средняя общеобразовательная школа № 52 г.Брянска
RU,Россия,Брянск,general,Средняя общеобразовательная школа № 53
RU,Россия,Брянск,general,Средняя общеобразовательная школа № 67
RU,Россия,Брянск,general,Средняя общеобразовательная школа №1
RU,Россия,Брянск,general,Средняя общеобразовательная школа №13 им. Героя Советского Союза И.Б. Катунина
RU,Россия,Брянск,general,Средняя общеобразовательная школа №18 им. братьев Могилевцевых
RU,Россия,Брянск,general,Средняя школа №11
RU,Россия,Брянск,general,Средняя школа №12
RU,Россия,Брянск,general,Средняя школа №14
RU,Россия,Брянск,general,Средняя школа №15
RU,Россия,Брянск,general,Средняя школа №19
RU,Россия,Брянск,general,Средняя школа №2
RU,Россия,Брянск,general,Средняя школа №21
RU,Россия,Брянск,general,Средняя школа №22
RU,Россия,Брянск,general,Средняя школа №26
RU,Россия,Брянск,general,Средняя школа №32
RU,Россия,Брянск,general,Средняя школа №33
RU,Россия,Брянск,general,Средняя школа №35
RU,Россия,Брянск,general,Средняя школа №36
RU,Россия,Брянск,general,Средняя школа №39
RU,Россия,Брянск,general,Средняя школа №4
RU,Россия,Брянск,general,Средняя школа №40
RU,Россия,Брянск,general,Средняя школа №41
RU,Россия,Брянск,general,Средняя школа №43
RU,Россия,Брянск,general,Средняя школа №45
RU,Россия,Брянск,general,Средняя школа №46
RU,Россия,Брянск,general,Средняя школа №49
RU,Россия,Брянск,general,Средняя школа №5
RU,Россия,Брянск,general,Средняя школа №51
RU,Россия,Брянск,general,Средняя школа №52
RU,Россия,Брянск,general,Средняя школа №54
RU,Россия,Брянск,general,Средняя школа №55
RU,Россия,Брянск,general,Средняя школа №56
RU,Россия,Брянск,general,Средняя школа №57
RU,Россия,Брянск,general,Средняя школа №58
RU,Россия,Брянск,general,Средняя школа №6
RU,Россия,Брянск,general,Средняя школа №60
RU,Россия,Брянск,general,Средняя школа №61
RU,Россия,Брянск,general,Средняя школа №63
RU,Россия,Брянск,general,Средняя школа №64
RU,Россия,Брянск,general,Средняя школа №66
RU,Россия,Брянск,general,Средняя школа №72
RU,Россия,Брянск,general,Средняя школа №8
RU,Россия,Брянск,general,Средняя школа №9
RU,Россия,Брянск,general,Стекляннорадицкая средняя школа
RU,Россия,Брянск,general,Супоневская средняя школа №1
RU,Россия,Брянск,general,Супоневская средняя школа №2
RU,Россия,Брянск,general,Теменичская средняя школа
RU,Россия,Брянск,general,Школа коррекции и развития VIII вида № 31
RU,Россия,Брянск,general,Школа коррекции и развития VIII вида № 37
RU,Россия,Брянск,general,Школа коррекции и развития VIII вида № 44
RU,Россия,Брянск,general,Школа коррекции и развития VIII вида № 50
RU,Россия,Брянск,general,Школа коррекции и развития №31 VIII вида
RU,Россия,Брянск,private,Частная школа №1
RU,Россия,Брянск,university,Брянский государственный инженерно-технологический университет
RU,Россия,Брянск,university,Брянский государственный технический университет
RU,Россия,Брянск,university,Брянский государственный университет имени академика И.Г. Петровского
RU,Россия,Брянск,university,Брянский институт управления и бизнеса
RU,Россия,Брянск,university,Брянский филиал
RU,Россия,Брянск,university,Брянский филиал — Российский экономический университет
RU,Россия,Бугульма,boarding,Бугульминская школа-интернат для детей с ограниченными возможностями здоровья
RU,Россия,Бугульма,college,БАК Бугульминский аграрный колледж
RU,Россия,Бугульма,college,БМТ Бугульминский машиностроительный техникум
RU,Россия,Бугульма,college,БМУ Бугульминское медицинское училище
RU,Россия,Бугульма,college,БППК Бугульминский профессионально-педагогический колледж
RU,Россия,Бугульма,college,БСТК Бугульминский строительно-технический колледж
RU,Россия,Бугульма,college,Частный Бугульминский филиал КИУ им. В.Г. Тимирясова Бугульминский филиал Казанского инновационного университета имени В.Г. Тимирясова
RU,Россия,Бугульма,general,Бугульминская школа №10
RU,Россия,Бугульма,general,Дворец школьников Бугульминского муниципального района
RU,Россия,Бугульма,general,Основная школа №18
RU,Россия,Бугульма,general,Основная школа №8
RU,Россия,Бугульма,general,Средняя школа №1
RU,Россия,Бугульма,general,Средняя школа №11
RU,Россия,Бугульма,general,Средняя школа №13
RU,Россия,Бугульма,general,Средняя школа №16
RU,Россия,Бугульма,general,Средняя школа №3
RU,Россия,Бугульма,general,Средняя школа №4
RU,Россия,Бугульма,general,Средняя школа №5
RU,Россия,Бугульма,general,Средняя школа №6
RU,Россия,Бугульма,general,Средняя школа №9
RU,Россия,Бугульма,general,Школа №12
RU,Россия,Бугуруслан,college,БНК Бугурусланский нефтяной колледж
RU,Россия,Бугуруслан,college,Бугурусланский филиал «ООМК» Бугурусланский филиал «Оренбургский областной медицинский колледж»
RU,Россия,Бугуруслан,college,Педколледж г. Бугуруслана Педагогический колледж г. Бугуруслана
RU,Россия,Бугуруслан,college,СХТ г. Бугуруслана Сельскохозяйственный техникум г. Бугуруслана
RU,Россия,Бугуруслан,general,город Бугуруслан
RU,Россия,Бугуруслан,general,Основная общеобразовательная школа № 5
RU,Россия,Бугуруслан,general,Специальная (коррекционная) школа-интернат
RU,Россия,Бугуруслан,general,Средняя общеобразовательная школа имени М.И. Калинина
RU,Россия,Бугуруслан,general,Средняя общеобразовательная школа № 7
RU,Россия,Буденновск,college,БМК Буденновский медицинский колледж
RU,Россия,Буденновск,college,БПК Буденновский политехнический колледж
RU,Россия,Буденновск,college,Колледж СГПИ филиал в г. Буденновске Колледж Ставропольского государственного педагогического института филиал в г. Буденновске
RU,Россия,Буденновск,college,ПАТТ Прасковейский агро-технологический техникум
RU,Россия,Буденновск,college,"Частный Буденновский филиал Колледжа ""Современная школа бизнеса"" Буденновский филиал Колледжа ""Современная школа бизнеса"""
RU,Россия,Бузулук,college,БГМТ - филиал ОГАУ Бузулукский гидромелиоративный техникум - филиал Оренбургский государственный аграрный уни
RU,Россия,Бузулук,college,БКПиТ Бузулукский колледж промышленности и транспорта
RU,Россия,Бузулук,college,БЛТ Бузулукский лесхоз-техникум
RU,Россия,Бузулук,college,БМК Бузулукский музыкальный колледж
RU,Россия,Бузулук,college,БСК Бузулукский строительный колледж
RU,Россия,Бузулук,college,Бузулукский филиал «ООМК» Бузулукский филиал «Оренбургский областной медицинский колледж»
RU,Россия,Бузулук,college,БФЭК Бузулукский финансово-экономический колледж
RU,Россия,Бузулук,college,Педколледж г. Бузулука Педагогический колледж г. Бузулука
RU,Россия,Бузулук,college,ТПТ филиал в п. Первомайский Ташлинский политехнический техникум филиал в п. Первомайский
RU,Россия,Бузулук,college,Частный Колледж Академия ТОП Бузулук Филиал колледжа «Академия ТОП Бузулук»
RU,Россия,Буйнакск,college,БМУ Буйнакское медицинское училище
RU,Россия,Буйнакск,college,КЭиП Колледж экономики и предпринимательства
RU,Россия,Буйнакск,college,ППК им. Расула Гамзатова Профессионально-педагогический колледж имени Расула Гамзатова
RU,Россия,Буйнакск,college,СХК им. Ш.И. Шихсаидова Сельскохозяйственный колледж им. Ш.И. Шихсаидова
RU,Россия,Буйнакск,general,Гимназия Города Буйнакска им. А.Н. Хуторянского
RU,Россия,Буйнакск,general,Многопрофильный лицей им. Ф. Алиевой
RU,Россия,Буйнакск,general,Средняя общеобразовательная школа №10
RU,Россия,Буйнакск,general,Средняя Общеобразовательная школа №11
RU,Россия,Буйнакск,general,Средняя общеобразовательная школа №2
RU,Россия,Буйнакск,general,Средняя общеобразовательная школа №5
RU,Россия,Буйнакск,general,Средняя общеобразовательная школа №6
RU,Россия,Буйнакск,general,Средняя общеобразовательная школа №7 им. Ю.А. Акаева
RU,Россия,Буйнакск,general,Средняя общеобразовательная школа №8 города Буйнакска
RU,Россия,Буйнакск,general,Средняя общеобразовательная школа №9 города Буйнакска
RU,Россия,Буйнакск,general,Средняя школа №4
RU,Россия,Великие Луки,college,Великолукский филиал ПГУПС Великолукский филиал Петербургского государственного университа путей сообщения Императора
RU,Россия,Великие Луки,college,ВЛТК Великолукский лесотехнический колледж
RU,Россия,Великие Луки,college,ВМК Великолукский медицинский колледж
RU,Россия,Великие Луки,college,ВМТК Великолукский механико-технологический колледж
RU,Россия,Великие Луки,college,ВПК Великолукский политехнический колледж
RU,Россия,Великие Луки,college,Колледж ПсковГУ филиал в г. Великие Луки Колледж Псковского государственного университета филиал в г. Великие Луки
RU,Россия,Великие Луки,college,Частный Колледж Академия ТОП Великие Луки Филиал колледжа «Академия ТОП Великие Луки»
RU,Россия,Великие Луки,general,"Великолукская средняя школа-интернат для детей, нуждающихся в социальной поддержке"
RU,Россия,Великие Луки,general,Гимназия им.С.В.Ковалевской
RU,Россия,Великие Луки,general,Кадетская школа
RU,Россия,Великие Луки,general,Лицей № 10
RU,Россия,Великие Луки,general,Лицей № 11
RU,Россия,Великие Луки,general,Педагогический лицей
RU,Россия,Великие Луки,general,Средняя общеобразовательная школа № 1
RU,Россия,Великие Луки,general,Средняя общеобразовательная школа № 12 имени маршала Советского Союза К.К. Рокоссовского
RU,Россия,Великие Луки,general,Средняя общеобразовательная школа № 13
RU,Россия,Великие Луки,general,Средняя общеобразовательная школа № 16
RU,Россия,Великие Луки,general,Средняя общеобразовательная школа № 17
RU,Россия,Великие Луки,general,Средняя общеобразовательная школа № 2
RU,Россия,Великие Луки,general,Средняя общеобразовательная школа № 5
RU,Россия,Великие Луки,general,Средняя общеобразовательная школа № 6 им. Героя Советского Союза А.В. Попова
RU,Россия,Великие Луки,general,Средняя общеобразовательная школа № 7
RU,Россия,Великие Луки,general,Средняя общеобразовательная школа № 9
RU,Россия,Великие Луки,university,Великолукская государственная академия физической культуры и спорта
RU,Россия,Великие Луки,university,Великолукская государственная сельскохозяйственная академия
RU,Россия,Великие Луки,university,Псковский государственный университет — филиал в г. Великие Луки
RU,Россия,Великий Новгород,college,ДТТ Дорожно-транспортный техникум
RU,Россия,Великий Новгород,college,МК НовГУ им. Ярослава Мудрого Медицинский колледж НовГУ им. Ярослава Мудрого
RU,Россия,Великий Новгород,college,НАТ Новгородский агротехнический техникум
RU,Россия,Великий Новгород,college,НовХИТ Новгородский химико-индустриальный техникум
RU,Россия,Великий Новгород,college,НОКИ им. С.В. Рахманинова Новгородский областной колледж искусств им. С.В. Рахманинова
RU,Россия,Великий Новгород,college,НСК Новгородский строительный колледж
RU,Россия,Великий Новгород,college,ПК НовГУ им. Ярослава Мудрого Политехнический колледж НовГУ им. Ярослава Мудрого
RU,Россия,Великий Новгород,college,Технологический колледж Технологический колледж г. Великий Новгород
RU,Россия,Великий Новгород,college,Филиал ВАТ Филиал Валдайского аграрного техникума
RU,Россия,Великий Новгород,college,Частный Колледж Академия ТОП Великий Новгород Филиал колледжа «Академия ТОП Великий Новгород»
RU,Россия,Великий Новгород,college,"Частный НТСЭиП Новгородский техникум сервиса, экономики и права"
RU,Россия,Великий Новгород,general,Григоровская основная школа
RU,Россия,Великий Новгород,general,Панковская средняя общеобразовательная школа
RU,Россия,Великий Новгород,general,Подберезская средняя школа
RU,Россия,Великий Новгород,general,Савинская основная школа
RU,Россия,Великий Новгород,general,Славная школа
RU,Россия,Великий Новгород,general,Средняя общеобразовательная школа №21
RU,Россия,Великий Новгород,general,Средняя школа-комплекс №33
RU,Россия,Великий Новгород,general,Средняя школа № 9
RU,Россия,Великий Новгород,general,Средняя школа №10
RU,Россия,Великий Новгород,general,Средняя школа №13
RU,Россия,Великий Новгород,general,Средняя школа №14
RU,Россия,Великий Новгород,general,Средняя школа №15
RU,Россия,Великий Новгород,general,Средняя школа №16
RU,Россия,Великий Новгород,general,Средняя школа №18
RU,Россия,Великий Новгород,general,Средняя школа №2
RU,Россия,Великий Новгород,general,Средняя школа №22
RU,Россия,Великий Новгород,general,Средняя школа №23
RU,Россия,Великий Новгород,general,Средняя школа №26
RU,Россия,Великий Новгород,general,Средняя школа №31
RU,Россия,Великий Новгород,general,Средняя школа №34
RU,Россия,Великий Новгород,general,Средняя школа №36
RU,Россия,Великий Новгород,general,Средняя школа №37
RU,Россия,Великий Новгород,general,Средняя школа №4
RU,Россия,Великий Новгород,general,Средняя школа №8
RU,Россия,Великий Новгород,general,Сырковская средняя школа
RU,Россия,Великий Новгород,general,Трубичинская основная школа
RU,Россия,Великий Новгород,general,Чечулинская средняя школа
RU,Россия,Великий Новгород,general,Школа № 17
RU,Россия,Великий Новгород,general,Школа №20
RU,Россия,Верхняя Пышма,boarding,Верхнепышминская школа-интернат
RU,Россия,Верхняя Пышма,college,"ВПМТТ Верхнепышминский механико-технологический техникум ""Юность"""
RU,Россия,Верхняя Пышма,college,УГК им. И.И. Ползунова г. Верхняя Пышма Уральский государственный техникум им. И.И. Ползунова филиал в г. Верхняя Пышма
RU,Россия,Верхняя Пышма,general,"Верхнепышминская школа-интернат имени С.А. Мартиросяна, реализующая адаптированные основные общеобразовательные программы"
RU,Россия,Верхняя Пышма,general,Средняя общеобразовательная школа № 1 с углубленным изучением отдельных предметов имени Б.С. Суворова
RU,Россия,Верхняя Пышма,general,Средняя общеобразовательная школа № 2 с углубленным изучением отдельных предметов имени М.И. Талыкова
RU,Россия,Верхняя Пышма,general,Средняя общеобразовательная школа № 22 с углубленным изучением отдельных предметов
RU,Россия,Верхняя Пышма,general,Средняя общеобразовательная школа № 25 с углубленным изучением отдельных предметов
RU,Россия,Верхняя Пышма,general,Средняя общеобразовательная школа № 3
RU,Россия,Верхняя Пышма,general,Средняя общеобразовательная школа № 33 с углубленным изучением отдельных предметов
RU,Россия,Верхняя Пышма,general,Средняя общеобразовательная школа № 4
RU,Россия,Верхняя Пышма,general,Средняя школа №1
RU,Россия,Верхняя Пышма,general,Средняя школа №2
RU,Россия,Верхняя Пышма,general,Средняя школа №22
RU,Россия,Верхняя Пышма,general,Средняя школа №25
RU,Россия,Видное,general,Видновская средняя школа №1
RU,Россия,Видное,general,Видновская средняя школа №10
RU,Россия,Видное,general,Видновская средняя школа №2
RU,Россия,Видное,general,Видновская средняя школа №5
RU,Россия,Видное,general,Видновская средняя школа №7
RU,Россия,Видное,general,Видновский художественно-технический лицей
RU,Россия,Видное,general,Русская школа
RU,Россия,Владивосток,boarding,Коррекционная школа-интернат
RU,Россия,Владивосток,boarding,Коррекционная школа-интернат №63
RU,Россия,Владивосток,boarding,Раздольненская специальная общеобразовательная школа-интернат
RU,Россия,Владивосток,college,АК ВГУЭС Академический колледж Владивостокского государственного университета экономики и сервиса
RU,Россия,Владивосток,college,ВБМК Владивостокский базовый медицинский колледж
RU,Россия,Владивосток,college,ВМРК Владивостокский морской рыбопромышленный колледж Дальневосточного государственного техниче
RU,Россия,Владивосток,college,ВСК Владивостокский судостроительный колледж
RU,Россия,Владивосток,college,"Дальневосточный колледж урбанистики, благоустройства и креативных индустрий"
RU,Россия,Владивосток,college,ДВГГТК имени Д. М. Карбышева Дальневосточный государственный гуманитарно-технический колледж имени Героя Советского Сою
RU,Россия,Владивосток,college,КИМК ВГУЭС Колледж индустрии моды и красоты Владивостокского государственного университета экономики
RU,Россия,Владивосток,college,КИТГ при ВВГУ Колледж индустрии туризма и гостеприимства при ВВГУ
RU,Россия,Владивосток,college,КМК Кавалеровский многопрофильный колледж
RU,Россия,Владивосток,college,КМТ Колледж машиностроения и транспорта
RU,Россия,Владивосток,college,Колледж ВВГУ Колледж сервиса и дизайна Владивостокского государственного университета
RU,Россия,Владивосток,college,Колледж ТГМУ Минздрава России Колледж Тихоокеанского государственного медицинского университета Министерства здравоохран
RU,Россия,Владивосток,college,МК ДГИИ Музыкальный колледж Дальневосточного государственного института искусств
RU,Россия,Владивосток,college,ПГУОР Приморское государственное училище (техникум) олимпийского резерва
RU,Россия,Владивосток,college,ПККИ Приморский краевой колледж искусств
RU,Россия,Владивосток,college,ПКЭиС Промышленный колледж энергетики и связи
RU,Россия,Владивосток,college,ППК Приморский политехнический колледж
RU,Россия,Владивосток,college,РТК Региональный технический колледж
RU,Россия,Владивосток,college,Частный ВГКК Владивостокский гуманитарно-коммерческий колледж Приморского крайпотребсоюза
RU,Россия,Владивосток,college,Частный Колледж Академия ТОП Владивосток Филиал колледжа «Академия ТОП Владивосток»
RU,Россия,Владивосток,college,Школа медицины и наук о жизни ДВФУ Школа медицины и наук о жизни Дальневосточного федерального университета
RU,Россия,Владивосток,general,Азиатско-Тихоокеанская средняя школа
RU,Россия,Владивосток,general,Владивостокская коррекционная школа
RU,Россия,Владивосток,general,Дальневосточная школа
RU,Россия,Владивосток,general,Ин Школа Первая Новая
RU,Россия,Владивосток,general,Начальная школа №10
RU,Россия,Владивосток,general,Основная школа №1
RU,Россия,Владивосток,general,Основная школа №12
RU,Россия,Владивосток,general,Основная школа №49
RU,Россия,Владивосток,general,Основная школа №8
RU,Россия,Владивосток,general,Средняя общеобразовательная школа №15
RU,Россия,Владивосток,general,Средняя общеобразовательная школа №48 им. героя Российской Федерации Маслова И. В
RU,Россия,Владивосток,general,Средняя школа
RU,Россия,Владивосток,general,Средняя школа №1
RU,Россия,Владивосток,general,Средняя школа №10
RU,Россия,Владивосток,general,Средняя школа №11
RU,Россия,Владивосток,general,Средняя школа №12
RU,Россия,Владивосток,general,Средняя школа №13
RU,Россия,Владивосток,general,Средняя школа №14
RU,Россия,Владивосток,general,Средняя школа №16
RU,Россия,Владивосток,general,Средняя школа №17
RU,Россия,Владивосток,general,Средняя школа №18
RU,Россия,Владивосток,general,Средняя школа №19
RU,Россия,Владивосток,general,Средняя школа №2
RU,Россия,Владивосток,general,Средняя школа №20
RU,Россия,Владивосток,general,Средняя школа №21
RU,Россия,Владивосток,general,Средняя школа №22
RU,Россия,Владивосток,general,Средняя школа №23
RU,Россия,Владивосток,general,Средняя школа №25
RU,Россия,Владивосток,general,Средняя школа №26
RU,Россия,Владивосток,general,Средняя школа №29
RU,Россия,Владивосток,general,Средняя школа №3
RU,Россия,Владивосток,general,Средняя школа №32
RU,Россия,Владивосток,general,Средняя школа №33
RU,Россия,Владивосток,general,Средняя школа №35
RU,Россия,Владивосток,general,Средняя школа №37
RU,Россия,Владивосток,general,Средняя школа №38
RU,Россия,Владивосток,general,Средняя школа №4
RU,Россия,Владивосток,general,Средняя школа №40
RU,Россия,Владивосток,general,Средняя школа №42
RU,Россия,Владивосток,general,Средняя школа №43
RU,Россия,Владивосток,general,Средняя школа №44
RU,Россия,Владивосток,general,Средняя школа №46
RU,Россия,Владивосток,general,Средняя школа №47
RU,Россия,Владивосток,general,Средняя школа №5
RU,Россия,Владивосток,general,Средняя школа №50
RU,Россия,Владивосток,general,Средняя школа №51
RU,Россия,Владивосток,general,Средняя школа №52
RU,Россия,Владивосток,general,Средняя школа №53
RU,Россия,Владивосток,general,Средняя школа №54
RU,Россия,Владивосток,general,Средняя школа №56
RU,Россия,Владивосток,general,Средняя школа №57
RU,Россия,Владивосток,general,Средняя школа №58
RU,Россия,Владивосток,general,Средняя школа №59 им С.В. Ефремова
RU,Россия,Владивосток,general,Средняя школа №6
RU,Россия,Владивосток,general,Средняя школа №60
RU,Россия,Владивосток,general,Средняя школа №61
RU,Россия,Владивосток,general,Средняя школа №62
RU,Россия,Владивосток,general,Средняя школа №63
RU,Россия,Владивосток,general,Средняя школа №64
RU,Россия,Владивосток,general,Средняя школа №66
RU,Россия,Владивосток,general,Средняя школа №67
RU,Россия,Владивосток,general,Средняя школа №68
RU,Россия,Владивосток,general,Средняя школа №69
RU,Россия,Владивосток,general,Средняя школа №7
RU,Россия,Владивосток,general,Средняя школа №70
RU,Россия,Владивосток,general,Средняя школа №71
RU,Россия,Владивосток,general,Средняя школа №72
RU,Россия,Владивосток,general,Средняя школа №73
RU,Россия,Владивосток,general,Средняя школа №74
RU,Россия,Владивосток,general,Средняя школа №76
RU,Россия,Владивосток,general,Средняя школа №77
RU,Россия,Владивосток,general,Средняя школа №78
RU,Россия,Владивосток,general,Средняя школа №80
RU,Россия,Владивосток,general,Средняя школа №81
RU,Россия,Владивосток,general,Средняя школа №82
RU,Россия,Владивосток,general,Средняя школа №83
RU,Россия,Владивосток,general,Средняя школа №9
RU,Россия,Владивосток,general,Строящаяся школа №1
RU,Россия,Владивосток,general,Школа №79
RU,Россия,Владивосток,private,Владивостокская международная средняя школа
RU,Россия,Владивосток,private,Международная лингвистическая школа
RU,Россия,Владивосток,private,Международная школа нового тысячелетия
RU,Россия,Владивосток,university,Владивостокский государственный университет
RU,Россия,Владивосток,university,Владивостокский филиал — Российская таможенная академия
RU,Россия,Владивосток,university,Дальневосточный государственный институт искусств
RU,Россия,Владивосток,university,Дальневосточный государственный технический рыбохозяйственный университет
RU,Россия,Владивосток,university,Дальневосточный институт коммуникаций
RU,Россия,Владивосток,university,Дальневосточный федеральный университет
RU,Россия,Владивосток,university,Морской государственный университет имени адмирала Г.И. Невельского
RU,Россия,Владивосток,university,Приморский филиал
RU,Россия,Владивосток,university,Тихоокеанский государственный медицинский университет
RU,Россия,Владикавказ,boarding,"Специальная (коррекционная) общеобразовательная школа-интернат для глухих, слабослышащих и позднооглохших детей"
RU,Россия,Владикавказ,college,ВГМТ Владикавказский государственный многоотраслевой техникум
RU,Россия,Владикавказ,college,ВКИ им. Валерия Гергиева Владикавказский колледж искусств имени Валерия Гергиева
RU,Россия,Владикавказ,college,ВКЭ Владикавказский колледж электроники
RU,Россия,Владикавказ,college,Владикавказский колледж индустрии моды
RU,Россия,Владикавказ,college,ВлТЖТ филиал РГУПС Владикавказский техникум железнодорожного транспорта филиал Ростовского государственного у
RU,Россия,Владикавказ,college,ВМТ им. Г. Калоева Владикавказский многопрофильный техникум им. Г. Калоева
RU,Россия,Владикавказ,college,ВОДНПТ Владикавказский ордена Дружбы народов политехнический техникум
RU,Россия,Владикавказ,college,РКК г. Владикавказ Республиканский колледж культуры г. Владикавказ
RU,Россия,Владикавказ,college,СКСТ Северо-Кавказский строительный техникум
RU,Россия,Владикавказ,college,СООГТЭК Северо-Осетинский государственный торгово-экономический колледж
RU,Россия,Владикавказ,college,СОПК Северо-Осетинский педагогический колледж
RU,Россия,Владикавказ,college,ТКПД Технологический колледж полиграфии и дизайна
RU,Россия,Владикавказ,college,Частный ВГТК Владикавказский гуманитарно-технический колледж
RU,Россия,Владикавказ,college,Частный ВКУ Владикавказский колледж управления
RU,Россия,Владикавказ,college,Частный ВКЭП Владикавказский колледж экономики и права
RU,Россия,Владикавказ,college,Частный ВПК Владикавказский профессиональный колледж
RU,Россия,Владикавказ,college,ЭМК Эльхотовский многопрофильный колледж имени Героя Социалитсического Труда Дагко Еламурзаеви
RU,Россия,Владикавказ,general,Аланская гимназия
RU,Россия,Владикавказ,general,Базовая средняя школа №7
RU,Россия,Владикавказ,general,Вечерняя школа №2
RU,Россия,Владикавказ,general,МБОУ Гимназия № 16 ИМ. Героя Советского Союза А.Н. Карасёва
RU,Россия,Владикавказ,general,МБОУ Гимназия № 4
RU,Россия,Владикавказ,general,МБОУ СОШ № 13 ИМ. К.хетагурова
RU,Россия,Владикавказ,general,МБОУ СОШ № 14 ИМ. Ларионова В.П
RU,Россия,Владикавказ,general,МБОУ СОШ № 15 ИМ. Героя Советского Союза Мильдзихова Х.З
RU,Россия,Владикавказ,general,МБОУ СОШ № 21 ИМ. Семенова Д.В
RU,Россия,Владикавказ,general,МБОУ СОШ № 25 Им.героя Советского Союза Остаева А.Е
RU,Россия,Владикавказ,general,МБОУ СОШ № 3 Имени Корневой Софьи Владимировны
RU,Россия,Владикавказ,general,МБОУ СОШ № 36 ИМ. К.Е. Ходова
RU,Россия,Владикавказ,general,МБОУ СОШ № 38 (многопрофильная) Им.в.м.дегоева
RU,Россия,Владикавказ,general,МБОУ СОШ № 39 ИМ. Т.с.дзебисова
RU,Россия,Владикавказ,general,муниципальное бюджетное общеобразовательное учреждение средняя общеобразовательная школа № 22 имени полного кавалера Ордена Славы Коняева Виктора Михайловича
RU,Россия,Владикавказ,general,Общеобразовательная школа - интернат среднего общего образования г. Владикавказ
RU,Россия,Владикавказ,general,Основная школа
RU,Россия,Владикавказ,general,Средняя многопрофильная школа №44
RU,Россия,Владикавказ,general,Средняя общеобразовательная школа им. героя Советского Союза Б.Х. Моргоева
RU,Россия,Владикавказ,general,Средняя общеобразовательная школа им. С. Киргуева с. Ахсарисар
RU,Россия,Владикавказ,general,Средняя общеобразовательная школа им. С.Х. Тубеева с. Хазнидон
RU,Россия,Владикавказ,general,Средняя общеобразовательная школа им. С.Я. Батышева ст. Николаевской
RU,Россия,Владикавказ,general,Средняя общеобразовательная школа пос. Верхний Фиагдон
RU,Россия,Владикавказ,general,Средняя общеобразовательная школа с. Кадгарон
RU,Россия,Владикавказ,general,Средняя общеобразовательная школа с. Карман
RU,Россия,Владикавказ,general,Средняя общеобразовательная школа с. Коста
RU,Россия,Владикавказ,general,Средняя общеобразовательная школа с. Суадаг
RU,Россия,Владикавказ,general,Средняя общеобразовательная школа с. Сурх-Дигора
RU,Россия,Владикавказ,general,Средняя общеобразовательная школа с. Толдзгун
RU,Россия,Владикавказ,general,Средняя общеобразовательная школа №1 им героя советского союза Г. В Пасынкова
RU,Россия,Владикавказ,general,Средняя общеобразовательная школа №1 им. Д. Хугаева с.Ногир
RU,Россия,Владикавказ,general,Средняя общеобразовательная школа №2 им. С. Газдарова с. Чикола
RU,Россия,Владикавказ,general,Средняя общеобразовательная школа №33 им. З. Калоева
RU,Россия,Владикавказ,general,Средняя общеобразовательная школа №34 им. Г.И. Хетагурова
RU,Россия,Владикавказ,general,Средняя школа
RU,Россия,Владикавказ,general,Средняя школа им. героя Советского Союза Э. Ахсарова
RU,Россия,Владикавказ,general,Средняя школа им. героя Социалистического труда
RU,Россия,Владикавказ,general,Средняя школа им. Т.К. Агузарова
RU,Россия,Владикавказ,general,Средняя школа с. Новый Урух
RU,Россия,Владикавказ,general,Средняя школа №1
RU,Россия,Владикавказ,general,Средняя школа №11
RU,Россия,Владикавказ,general,Средняя школа №13
RU,Россия,Владикавказ,general,Средняя школа №14
RU,Россия,Владикавказ,general,Средняя школа №15
RU,Россия,Владикавказ,general,Средняя школа №17
RU,Россия,Владикавказ,general,Средняя школа №18
RU,Россия,Владикавказ,general,Средняя школа №19
RU,Россия,Владикавказ,general,Средняя школа №2
RU,Россия,Владикавказ,general,Средняя школа №21
RU,Россия,Владикавказ,general,Средняя школа №22
RU,Россия,Владикавказ,general,Средняя школа №24
RU,Россия,Владикавказ,general,Средняя школа №25
RU,Россия,Владикавказ,general,Средняя школа №26
RU,Россия,Владикавказ,general,Средняя школа №27
RU,Россия,Владикавказ,general,Средняя школа №28
RU,Россия,Владикавказ,general,Средняя школа №29
RU,Россия,Владикавказ,general,Средняя школа №3
RU,Россия,Владикавказ,general,Средняя школа №30
RU,Россия,Владикавказ,general,Средняя школа №31
RU,Россия,Владикавказ,general,Средняя школа №36
RU,Россия,Владикавказ,general,Средняя школа №37
RU,Россия,Владикавказ,general,Средняя школа №38
RU,Россия,Владикавказ,general,Средняя школа №39
RU,Россия,Владикавказ,general,Средняя школа №4
RU,Россия,Владикавказ,general,Средняя школа №40
RU,Россия,Владикавказ,general,Средняя школа №41
RU,Россия,Владикавказ,general,Средняя школа №42
RU,Россия,Владикавказ,general,Средняя школа №43
RU,Россия,Владикавказ,general,Средняя школа №46
RU,Россия,Владикавказ,general,Средняя школа №47
RU,Россия,Владикавказ,general,Средняя школа №48
RU,Россия,Владикавказ,general,Средняя школа №50
RU,Россия,Владикавказ,general,Средняя школа №6
RU,Россия,Владикавказ,general,Средняя школа №8
RU,Россия,Владикавказ,private,Владикавказская негосударственная средняя школа
RU,Россия,Владикавказ,university,Владикавказский институт управления
RU,Россия,Владикавказ,university,Владикавказский филиал
RU,Россия,Владикавказ,university,Горский государственный аграрный университет
RU,Россия,Владикавказ,university,Северо-Кавказский горно-металлургический институт (государственный технологический университет)
RU,Россия,Владикавказ,university,Северо-Осетинская государственная медицинская академия
RU,Россия,Владикавказ,university,Северо-Осетинский государственный университет имени Коста Левановича Хетагурова
RU,Россия,Владимир,college,ВАК Владимирский аграрный колледж
RU,Россия,Владимир,college,ВБМК Владимирский базовый медицинский колледж
RU,Россия,Владимир,college,ВИК Владимирский индустриальный колледж
RU,Россия,Владимир,college,Владимирский филиал Финуниверситета Владимирский филиал Финансового университета при Правительстве Российской Федерации
RU,Россия,Владимир,college,ВлГК им. Советкина Высшая государственная инженерно-техническая школа (колледж) имени Д.К. Советкина
RU,Россия,Владимир,college,ВЛПК Владимирский политехнический колледж
RU,Россия,Владимир,college,ВОККиК Владимирский областной колледж культуры и искусства
RU,Россия,Владимир,college,ВОМК им. А.П. Бородина Владимирский областной музыкальный колледж им. А.П. Бородина
RU,Россия,Владимир,college,ВПК Владимирский педагогический колледж
RU,Россия,Владимир,college,ВСК Владимирский строительный колледж
RU,Россия,Владимир,college,ВТК Владимирский технологический колледж
RU,Россия,Владимир,college,ВТЭП Владимирский техникум экономики и права Владкоопсоюза
RU,Россия,Владимир,college,ВХМК Владимирский химико-механический колледж
RU,Россия,Владимир,college,ВЭТК Владимирский экономико-технологический колледж
RU,Россия,Владимир,college,Колледж Мстёрский филиал ВШНИ Колледж Мстёрского института лаковой миниатюрной живописи имени Ф.А. Модорова Высшей школы
RU,Россия,Владимир,college,МЛТ Муромцевский лесотехнический техникум
RU,Россия,Владимир,college,Частный Колледж Академия ТОП Владимир Филиал колледжа «Академия ТОП Владимир»
RU,Россия,Владимир,general,Боголюбовская средняя школа
RU,Россия,Владимир,general,Вальдорфская школа
RU,Россия,Владимир,general,Вяткинская средняя школа
RU,Россия,Владимир,general,Гавриловская средняя школа
RU,Россия,Владимир,general,МБОУ Владимирская СОШ
RU,Россия,Владимир,general,Ново-Александровская основная школа
RU,Россия,Владимир,general,Новосельская средняя школа
RU,Россия,Владимир,general,Открытая (сменная) общеобразовательная школа №8
RU,Россия,Владимир,general,Павловская средняя общеобразовательная школа
RU,Россия,Владимир,general,Порецкая средняя школа
RU,Россия,Владимир,general,Садовая средняя школа
RU,Россия,Владимир,general,Сновицкая средняя школа
RU,Россия,Владимир,general,Сокольская средняя школа
RU,Россия,Владимир,general,Средняя школа №1
RU,Россия,Владимир,general,Средняя школа №10
RU,Россия,Владимир,general,Средняя школа №11
RU,Россия,Владимир,general,Средняя школа №15
RU,Россия,Владимир,general,Средняя школа №16
RU,Россия,Владимир,general,Средняя школа №2
RU,Россия,Владимир,general,Средняя школа №20
RU,Россия,Владимир,general,Средняя школа №21
RU,Россия,Владимир,general,Средняя школа №22
RU,Россия,Владимир,general,Средняя школа №25
RU,Россия,Владимир,general,Средняя школа №26
RU,Россия,Владимир,general,Средняя школа №28
RU,Россия,Владимир,general,Средняя школа №29
RU,Россия,Владимир,general,Средняя школа №31
RU,Россия,Владимир,general,Средняя школа №32
RU,Россия,Владимир,general,Средняя школа №33
RU,Россия,Владимир,general,Средняя школа №34
RU,Россия,Владимир,general,Средняя школа №36
RU,Россия,Владимир,general,Средняя школа №37
RU,Россия,Владимир,general,Средняя школа №38
RU,Россия,Владимир,general,Средняя школа №40
RU,Россия,Владимир,general,Средняя школа №41
RU,Россия,Владимир,general,Средняя школа №42
RU,Россия,Владимир,general,Средняя школа №43
RU,Россия,Владимир,general,Средняя школа №44
RU,Россия,Владимир,general,Средняя школа №45
RU,Россия,Владимир,general,Средняя школа №46
RU,Россия,Владимир,general,Средняя школа №47
RU,Россия,Владимир,general,Средняя школа №48
RU,Россия,Владимир,general,Средняя школа №49
RU,Россия,Владимир,general,Средняя школа №5
RU,Россия,Владимир,general,Средняя школа №6
RU,Россия,Владимир,general,Средняя школа №7
RU,Россия,Владимир,general,Средняя школа №8
RU,Россия,Владимир,general,Средняя школа №9
RU,Россия,Владимир,general,Стародворская средняя школа
RU,Россия,Владимир,general,Устьевская основная школа
RU,Россия,Владимир,general,Школа Будущего
RU,Россия,Волгоград,boarding,Волгоградская школа-интернат №1
RU,Россия,Волгоград,boarding,Волгоградская школа-интернат №2
RU,Россия,Волгоград,boarding,Волгоградская школа-интернат №5
RU,Россия,Волгоград,boarding,Волгоградская школа-интернат №7
RU,Россия,Волгоград,college,АЛК Арчединский лесной колледж
RU,Россия,Волгоград,college,ВИТ Волгоградский индустриальный техникум
RU,Россия,Волгоград,college,ВКМиС Волгоградский колледж машиностроения и связи
RU,Россия,Волгоград,college,ВКРСиТ Волгоградский колледж ресторанного сервиса и торговли
RU,Россия,Волгоград,college,ВКУиНТ Волгоградский колледж управления и новых технологий им. Ю. Гагарина
RU,Россия,Волгоград,college,ВМК Волгоградский медицинский колледж
RU,Россия,Волгоград,college,ВМЭТ Волгоградский медико-экологический техникум
RU,Россия,Волгоград,college,ВПК им. В.И. Вернадского Волгоградский политехнический колледж имени В.И. Вернадского
RU,Россия,Волгоград,college,ВПТКР Волгоградский профессиональный техникум кадровых ресурсов
RU,Россия,Волгоград,college,ВСПК Волгоградский социально-педагогический колледж
RU,Россия,Волгоград,college,ВСТ Волгоградский строительный техникум
RU,Россия,Волгоград,college,ВТВТ им. Н.Д. Сергеева Волгоградский техникум водного транспорта имени адмирала флота Н.Д. Сергеева
RU,Россия,Волгоград,college,ВТЖТ филиал РГУПС Волгоградский техникум железнодорожного транспорта филиал Ростовского государственного уни
RU,Россия,Волгоград,college,ВТЖТиК Волгоградский техникум железнодорожного транспорта и коммуникаций
RU,Россия,Волгоград,college,ВТК Волгоградский технологический колледж
RU,Россия,Волгоград,college,ВЭК Волгоградский энергетический колледж
RU,Россия,Волгоград,college,ИНО ВолГАУ Институт непрерывного образования Волгоградского государственного аграрного университета
RU,Россия,Волгоград,college,Колледж ВГИИК Колледж искусств и культуры Волгоградского государственного института искусств и культуры
RU,Россия,Волгоград,college,Колледж ВК им. Серебрякова Факультет среднего профессионального образования Волгоградской консерватории имени П.А. Се
RU,Россия,Волгоград,college,Профессиональное училище № 49 Профессиональное училище № 49 п. Серп и Молот
RU,Россия,Волгоград,college,СТМСХ Серафимовичский техникум механизации сельского хозяйства
RU,Россия,Волгоград,college,УОР им. А.И. Родимцева Училище олимпийского резерва имени дважды Героя Советского Союза А.И.Родимцева
RU,Россия,Волгоград,college,Частный Академический колледж Академический колледж в г. Волгограде
RU,Россия,Волгоград,college,Частный Газпром колледж Волгоград Газпром колледж Волгоград имени И. А. Матлашова
RU,Россия,Волгоград,college,Частный Колледж ВКИ РУК Колледж Волгоградского кооперативного института (филиала) Российского университета коопера
RU,Россия,Волгоград,college,Частный Колледж ВФ МФЮА Колледж Волгоградского филиала Московского финансово-юридического университета
RU,Россия,Волгоград,general,Береславская средняя школа
RU,Россия,Волгоград,general,Большечапурниковская средняя школа
RU,Россия,Волгоград,general,Вечерняя школа №10
RU,Россия,Волгоград,general,Волгоградская школа дифференцированного обучения
RU,Россия,Волгоград,general,Гимназия № 11 Дзержинского района Волгограда
RU,Россия,Волгоград,general,Гимназия № 13 Тракторозаводского района Волгограда
RU,Россия,Волгоград,general,Гимназия № 17 Ворошиловского района Волгограда
RU,Россия,Волгоград,general,Гимназия № 3 Центрального района Волгограда
RU,Россия,Волгоград,general,Гимназия № 7 Красноармейского района Волгограда
RU,Россия,Волгоград,general,Гимназия № 8 Красноармейского района Волгограда
RU,Россия,Волгоград,general,Городищенская средняя школа №1
RU,Россия,Волгоград,general,Городищенская средняя школа №2
RU,Россия,Волгоград,general,Городищенская средняя школа №3
RU,Россия,Волгоград,general,Дубовоовражская средняя школа
RU,Россия,Волгоград,general,Ерзовская средняя школа
RU,Россия,Волгоград,general,Ивановская средняя школа
RU,Россия,Волгоград,general,Карповская средняя школа
RU,Россия,Волгоград,general,Кировская средняя школа
RU,Россия,Волгоград,general,Краснопахаревская основная школа
RU,Россия,Волгоград,general,Кузьмичёвская средняя школа
RU,Россия,Волгоград,general,Лицей № 1 Красноармейского района Волгограда
RU,Россия,Волгоград,general,Лицей № 11 Ворошиловского района Волгограда
RU,Россия,Волгоград,general,Лицей № 4 Красноармейского района Волгограда
RU,Россия,Волгоград,general,Лицей № 5 имени Ю.А.Гагарина Центрального района Волгограда
RU,Россия,Волгоград,general,Лицей № 7 Дзержинского района Волгограда
RU,Россия,Волгоград,general,Лицей № 9 имени заслуженного учителя школы Российской Федерации А.Н. Неверова Дзержинского района Волгограда
RU,Россия,Волгоград,general,Наримановская средняя школа
RU,Россия,Волгоград,general,Начальная школа №1
RU,Россия,Волгоград,general,Начальная школа №2
RU,Россия,Волгоград,general,Новожизненская средняя школа
RU,Россия,Волгоград,general,Новонадеждинская средняя школа
RU,Россия,Волгоград,general,Новорогачинская средняя школа
RU,Россия,Волгоград,general,Орловская средняя школа
RU,Россия,Волгоград,general,Основная школа № 79
RU,Россия,Волгоград,general,Основная школа №104
RU,Россия,Волгоград,general,Основная школа №53
RU,Россия,Волгоград,general,Основная школа №59
RU,Россия,Волгоград,general,Райгородская средняя школа
RU,Россия,Волгоград,general,Россошинская средняя школа
RU,Россия,Волгоград,general,Светлоярская средняя школа № 2
RU,Россия,Волгоград,general,Светлоярская средняя школа №1
RU,Россия,Волгоград,general,Северная основная школа
RU,Россия,Волгоград,general,Средняя школа
RU,Россия,Волгоград,general,Средняя школа № 112 Кировского района Волгограда
RU,Россия,Волгоград,general,Средняя школа № 117 Красноармейского района Волгограда
RU,Россия,Волгоград,general,Средняя школа № 18 Тракторозаводского района Волгограда
RU,Россия,Волгоград,general,Средняя школа № 27 Тракторозаводского района Волгограда
RU,Россия,Волгоград,general,Средняя школа № 3 Тракторозаводского района Волгограда
RU,Россия,Волгоград,general,Средняя школа № 31 Красноармейского района Волгограда
RU,Россия,Волгоград,general,Средняя школа № 48 Ворошиловского района Волгограда
RU,Россия,Волгоград,general,Средняя школа № 75 Красноармейского района Волгограда
RU,Россия,Волгоград,general,Средняя школа №1
RU,Россия,Волгоград,general,Средняя школа №10
RU,Россия,Волгоград,general,Средняя школа №100
RU,Россия,Волгоград,general,Средняя школа №101
RU,Россия,Волгоград,general,Средняя школа №102
RU,Россия,Волгоград,general,Средняя школа №103
RU,Россия,Волгоград,general,Средняя школа №105
RU,Россия,Волгоград,general,Средняя школа №106
RU,Россия,Волгоград,general,Средняя школа №11
RU,Россия,Волгоград,general,Средняя школа №110
RU,Россия,Волгоград,general,Средняя школа №111
RU,Россия,Волгоград,general,Средняя школа №112
RU,Россия,Волгоград,general,Средняя школа №113 Красноармейского района Волгограда
RU,Россия,Волгоград,general,Средняя школа №115
RU,Россия,Волгоград,general,Средняя школа №117
RU,Россия,Волгоград,general,Средняя школа №118
RU,Россия,Волгоград,general,Средняя школа №120
RU,Россия,Волгоград,general,Средняя школа №121
RU,Россия,Волгоград,general,Средняя школа №123
RU,Россия,Волгоград,general,Средняя школа №124
RU,Россия,Волгоград,general,Средняя школа №125
RU,Россия,Волгоград,general,Средняя школа №128
RU,Россия,Волгоград,general,Средняя школа №129
RU,Россия,Волгоград,general,Средняя школа №13
RU,Россия,Волгоград,general,Средняя школа №130
RU,Россия,Волгоград,general,Средняя школа №14
RU,Россия,Волгоград,general,Средняя школа №140
RU,Россия,Волгоград,general,Средняя школа №15
RU,Россия,Волгоград,general,Средняя школа №16
RU,Россия,Волгоград,general,Средняя школа №17
RU,Россия,Волгоград,general,Средняя школа №18
RU,Россия,Волгоград,general,Средняя школа №19
RU,Россия,Волгоград,general,Средняя школа №20
RU,Россия,Волгоград,general,Средняя школа №24
RU,Россия,Волгоград,general,Средняя школа №25
RU,Россия,Волгоград,general,Средняя школа №26
RU,Россия,Волгоград,general,Средняя школа №27
RU,Россия,Волгоград,general,Средняя школа №29
RU,Россия,Волгоград,general,Средняя школа №3
RU,Россия,Волгоград,general,Средняя школа №30
RU,Россия,Волгоград,general,Средняя школа №31
RU,Россия,Волгоград,general,Средняя школа №32
RU,Россия,Волгоград,general,Средняя школа №33
RU,Россия,Волгоград,general,Средняя школа №34
RU,Россия,Волгоград,general,Средняя школа №35
RU,Россия,Волгоград,general,Средняя школа №38
RU,Россия,Волгоград,general,Средняя школа №43
RU,Россия,Волгоград,general,Средняя школа №44
RU,Россия,Волгоград,general,Средняя школа №45
RU,Россия,Волгоград,general,Средняя школа №46
RU,Россия,Волгоград,general,Средняя школа №48
RU,Россия,Волгоград,general,Средняя школа №49
RU,Россия,Волгоград,general,Средняя школа №5
RU,Россия,Волгоград,general,Средняя школа №50
RU,Россия,Волгоград,general,Средняя школа №51
RU,Россия,Волгоград,general,Средняя школа №54
RU,Россия,Волгоград,general,Средняя школа №56
RU,Россия,Волгоград,general,Средняя школа №57
RU,Россия,Волгоград,general,Средняя школа №6
RU,Россия,Волгоград,general,Средняя школа №60
RU,Россия,Волгоград,general,Средняя школа №61
RU,Россия,Волгоград,general,Средняя школа №62
RU,Россия,Волгоград,general,Средняя школа №64
RU,Россия,Волгоград,general,Средняя школа №65
RU,Россия,Волгоград,general,Средняя школа №67
RU,Россия,Волгоград,general,Средняя школа №7
RU,Россия,Волгоград,general,Средняя школа №72
RU,Россия,Волгоград,general,Средняя школа №75
RU,Россия,Волгоград,general,Средняя школа №76
RU,Россия,Волгоград,general,Средняя школа №77
RU,Россия,Волгоград,general,Средняя школа №78
RU,Россия,Волгоград,general,Средняя школа №81
RU,Россия,Волгоград,general,Средняя школа №82
RU,Россия,Волгоград,general,Средняя школа №83
RU,Россия,Волгоград,general,Средняя школа №84
RU,Россия,Волгоград,general,Средняя школа №85
RU,Россия,Волгоград,general,Средняя школа №86
RU,Россия,Волгоград,general,Средняя школа №87
RU,Россия,Волгоград,general,Средняя школа №88
RU,Россия,Волгоград,general,Средняя школа №89
RU,Россия,Волгоград,general,Средняя школа №91
RU,Россия,Волгоград,general,Средняя школа №92
RU,Россия,Волгоград,general,Средняя школа №93
RU,Россия,Волгоград,general,Средняя школа №94
RU,Россия,Волгоград,general,Средняя школа №95
RU,Россия,Волгоград,general,Средняя школа №96
RU,Россия,Волгоград,general,Средняя школа №98
RU,Россия,Волгоград,general,Средняя школа №99
RU,Россия,Волгоград,general,Червлёновская средняя школа
RU,Россия,Волгоград,general,Школа перемен
RU,Россия,Волгоград,general,Школа №9
RU,Россия,Волгоград,private,Средняя частная интегрированная школа
RU,Россия,Волгоград,university,Волгоградская государственная академия физической культуры
RU,Россия,Волгоград,university,Волгоградская государственная консерватория имени П.А. Серебрякова
RU,Россия,Волгоград,university,Волгоградский государственный аграрный университет
RU,Россия,Волгоград,university,Волгоградский государственный институт искусств и культуры
RU,Россия,Волгоград,university,Волгоградский государственный медицинский университет
RU,Россия,Волгоград,university,Волгоградский государственный социально-педагогический университет
RU,Россия,Волгоград,university,Волгоградский государственный технический университет
RU,Россия,Волгоград,university,Волгоградский государственный университет
RU,Россия,Волгоград,university,Волгоградский гуманитарный институт
RU,Россия,Волгоград,university,Волгоградский институт бизнеса
RU,Россия,Волгоград,university,Волгоградский институт управления - филиал
RU,Россия,Волгоград,university,Волгоградский кооперативный институт (филиал)
RU,Россия,Волгоград,university,Волгоградский филиал
RU,Россия,Волгоград,university,Волгоградский филиал Аккредитованного образовательного
RU,Россия,Волгоград,university,Волгоградский филиал — Российский экономический университет
RU,Россия,Волжский,boarding,Волжская школа-интернат
RU,Россия,Волжский,college,ВПТ Волжский политехнический техникум
RU,Россия,Волжский,college,"Колледж ВИЭПП Колледж Волжского института экономики, педагогики и права"
RU,Россия,Волжский,college,УК ВФ ВГУ Университетский колледж Волжского филиала Волгоградского государственного университета
RU,Россия,Волжский,college,Частный Волжский филиал ВМЭТ Волжский филиал Волгоградского медико-экологического техникума
RU,Россия,Волжский,college,Частный Колледж Академия ТОП Волжский Филиал колледжа «Академия ТОП Волжский»
RU,Россия,Волжский,college,Частный Колледж Волжского филиала МЮИ Колледж Волжского филиала Международного Юридического Института
RU,Россия,Волжский,general,Волжская школа №1
RU,Россия,Волжский,general,Волжская школа №2
RU,Россия,Волжский,general,СОШ Новая школа
RU,Россия,Волжский,general,СОШ Русско-американская школа
RU,Россия,Волжский,general,Средняя общеобразовательная школа п. Волжский
RU,Россия,Волжский,general,Средняя школа №1
RU,Россия,Волжский,general,Средняя школа №10
RU,Россия,Волжский,general,Средняя школа №11
RU,Россия,Волжский,general,Средняя школа №12
RU,Россия,Волжский,general,Средняя школа №13
RU,Россия,Волжский,general,Средняя школа №15
RU,Россия,Волжский,general,Средняя школа №17
RU,Россия,Волжский,general,Средняя школа №18
RU,Россия,Волжский,general,Средняя школа №19
RU,Россия,Волжский,general,Средняя школа №2
RU,Россия,Волжский,general,Средняя школа №20
RU,Россия,Волжский,general,Средняя школа №22
RU,Россия,Волжский,general,Средняя школа №23
RU,Россия,Волжский,general,Средняя школа №24
RU,Россия,Волжский,general,Средняя школа №27
RU,Россия,Волжский,general,Средняя школа №28
RU,Россия,Волжский,general,Средняя школа №3
RU,Россия,Волжский,general,Средняя школа №30
RU,Россия,Волжский,general,Средняя школа №31
RU,Россия,Волжский,general,Средняя школа №34
RU,Россия,Волжский,general,Средняя школа №35
RU,Россия,Волжский,general,Средняя школа №36
RU,Россия,Волжский,general,Средняя школа №5
RU,Россия,Волжский,general,Средняя школа №6
RU,Россия,Волжский,general,Средняя школа №9
RU,Россия,Вологда,college,ВИТТ Вологодский индустриально-транспортный колледж
RU,Россия,Вологда,college,ВКС Вологодский колледж сервиса
RU,Россия,Вологда,college,ВКСиИТ Вологодский колледж связи и информационных технологий
RU,Россия,Вологда,college,ВКТиД Вологодский колледж технологии и дизайна
RU,Россия,Вологда,college,ВОКИ Вологодский областной колледж искусств
RU,Россия,Вологда,college,Вологодская ГМХА Вологодская государственная молочнохозяйственная академия имени Н.В. Верещагина
RU,Россия,Вологда,college,ВОМК Вологодский областной медицинский колледж
RU,Россия,Вологда,college,ВПК Вологодский педагогический колледж
RU,Россия,Вологда,college,ВСК Вологодский строительный колледж
RU,Россия,Вологда,college,ВТК Вологодский технический колледж
RU,Россия,Вологда,college,Кубенский филиал ВТК Кубенский филиал Вологодского технического колледжа
RU,Россия,Вологда,college,КЭК Кадуйский энергетический колледж
RU,Россия,Вологда,college,Университетский колледж ВоГУ Университетский колледж Вологодский государственный университет
RU,Россия,Вологда,college,Частный ВАЭК Вологодский аграрно-экономический колледж
RU,Россия,Вологда,college,Частный ВКК Вологодский кооперативный колледж
RU,Россия,Вологда,college,Частный ВПТТ Вологодский колледж права и технологии
RU,Россия,Вологда,college,Частный ВТЖТ - филиал ПГУПС Вологодский техникум железнодорожного транспорта - филиал Петербургский государственный ун
RU,Россия,Вологда,college,Частный ГКНП Губернаторский колледж народных промыслов
RU,Россия,Вологда,college,Частный Колледж Академия ТОП Вологда Филиал колледжа «Академия ТОП Вологда»
RU,Россия,Вологда,general,Васильевская средняя школа
RU,Россия,Вологда,general,Вечерняя (сменная) общеобразовательная школа № 1
RU,Россия,Вологда,general,Гончаровская средняя школа
RU,Россия,Вологда,general,Другая школа
RU,Россия,Вологда,general,Дубровская основная школа им. Сугрина В.В
RU,Россия,Вологда,general,Ермаковская средняя школа
RU,Россия,Вологда,general,Ирдоматская школа
RU,Россия,Вологда,general,Майская средняя школа им. А.К. Панкратова
RU,Россия,Вологда,general,Малечкинская школа
RU,Россия,Вологда,general,Надеевская основная школа
RU,Россия,Вологда,general,Начальная общеобразовательная школа №10
RU,Россия,Вологда,general,Нифантовская школа
RU,Россия,Вологда,general,Общеобразовательная Школа Для Обучающихся с Ограниченными Возможностями Здоровья № 1 Им. Мальцевой Екатерины Александровны
RU,Россия,Вологда,general,Общеобразовательная Школа Для Обучающихся с Ограниченными Возможностями Здоровья № 2
RU,Россия,Вологда,general,Огарковская средняя школа им. М.Г. Лобытова
RU,Россия,Вологда,general,Первомайская средняя школа
RU,Россия,Вологда,general,Перьевская основная школа
RU,Россия,Вологда,general,Присухонская основная школа
RU,Россия,Вологда,general,Семенковская основная общеобразовательная школа
RU,Россия,Вологда,general,Сосновская средняя школа
RU,Россия,Вологда,general,Спасская средняя школа
RU,Россия,Вологда,general,Средняя общеобразовательная школа № 1 с углубленным изучением английского языка
RU,Россия,Вологда,general,Средняя общеобразовательная школа № 16
RU,Россия,Вологда,general,Средняя общеобразовательная школа № 20 им. героя Советского Союза Долгова Владимира Константиновича
RU,Россия,Вологда,general,Средняя общеобразовательная школа № 22 имени Ф.Я. Федулова
RU,Россия,Вологда,general,Средняя общеобразовательная школа №11
RU,Россия,Вологда,general,Средняя общеобразовательная школа №12
RU,Россия,Вологда,general,Средняя общеобразовательная школа №13 им. А.А. Завитухина
RU,Россия,Вологда,general,Средняя общеобразовательная школа №14
RU,Россия,Вологда,general,Средняя общеобразовательная школа №15 им. дважды Героя Советского Союза А.Ф. Клубова
RU,Россия,Вологда,general,Средняя общеобразовательная школа №17
RU,Россия,Вологда,general,Средняя общеобразовательная школа №18 им. Героя Советского Союза А.А. Полянского
RU,Россия,Вологда,general,Средняя общеобразовательная школа №19
RU,Россия,Вологда,general,Средняя общеобразовательная школа №21
RU,Россия,Вологда,general,Средняя общеобразовательная школа №24
RU,Россия,Вологда,general,Средняя общеобразовательная школа №25
RU,Россия,Вологда,general,Средняя общеобразовательная школа №26
RU,Россия,Вологда,general,Средняя общеобразовательная школа №28
RU,Россия,Вологда,general,Средняя общеобразовательная школа №29 им. А.А. Попова
RU,Россия,Вологда,general,Средняя общеобразовательная школа №3
RU,Россия,Вологда,general,Средняя общеобразовательная школа №30
RU,Россия,Вологда,general,Средняя общеобразовательная школа №31
RU,Россия,Вологда,general,Средняя общеобразовательная школа №33
RU,Россия,Вологда,general,Средняя общеобразовательная школа №35 им. летчика-космонавта Героя Советского Союза П.И. Беляева
RU,Россия,Вологда,general,Средняя общеобразовательная школа №36
RU,Россия,Вологда,general,Средняя общеобразовательная школа №37 им. Маршала И.С. Конева
RU,Россия,Вологда,general,Средняя общеобразовательная школа №39 им. С.А. Ловенецкого
RU,Россия,Вологда,general,Средняя общеобразовательная школа №4
RU,Россия,Вологда,general,Средняя общеобразовательная школа №41
RU,Россия,Вологда,general,Средняя общеобразовательная школа №5
RU,Россия,Вологда,general,Средняя общеобразовательная школа №6
RU,Россия,Вологда,general,Средняя общеобразовательная школа №7
RU,Россия,Вологда,general,Средняя общеобразовательная школа №8 с углубленным изучением отдельных предметов
RU,Россия,Вологда,general,Средняя общеобразовательная школа №9
RU,Россия,Вологда,general,Тоншаловская школа
RU,Россия,Вологда,general,Устье-Угольская школа
RU,Россия,Вологда,general,Федотовская средняя школа с дошкольным отделением
RU,Россия,Вологда,general,Фетининская основная школа
RU,Россия,Вологда,general,Чебсарская школа
RU,Россия,Вологда,general,Школа №1 им. адмирала А.М. Калинина
RU,Россия,Вологда,general,Ягановская школа
RU,Россия,Вологда,university,Вологодский государственный университет
RU,Россия,Вологда,university,Вологодский филиал
RU,Россия,Вологда,university,Религиозная организация - духовная образовательная организация высшего образования Вологодская духовная семинария Вологодской епархии Русской Православной Церкви
RU,Россия,Вологда,university,Северо-Западный институт (филиал)
RU,Россия,Вольск,college,ВМК им. З.И. Мересевой Вольский медицинский колледж им. З.И. Маресевой
RU,Россия,Вольск,college,Вольский филиал БТА Вольский филиал Базарнокарабулакский техникум агробизнеса
RU,Россия,Вольск,college,ВПК им. Ф.И. Панферова Вольский педагогический колледж им. Ф. И. Панферова
RU,Россия,Вольск,college,СОКИ в г. Вольске Саратовский областной колледж искусств в г. Вольске
RU,Россия,Вольск,general,Гимназия имени Героя Советского Союза В.В.Талалихина г. Вольска Саратовской области
RU,Россия,Вольск,general,Лицей г. Вольска Саратовской области
RU,Россия,Вольск,general,Школа для обучающихся по адаптированным образовательным программам № 14 г.Вольска
RU,Россия,Воркута,college,ВАГПК Воркутинский арктический горно-политехнический колледж
RU,Россия,Воркута,college,ВМК Воркутинский медицинский колледж
RU,Россия,Воркута,college,ВМК КИРК Воркутинский музыкальный колледж Колледжа искусств Республики Коми
RU,Россия,Воркута,college,ВПТ Воркутинский политехнический техникум
RU,Россия,Воркута,college,ВФ СГПК Воркутинский филиал Сыктывкарский гуманитарно-педагогический колледж имени И.А. Куратова
RU,Россия,Воронеж,boarding,Воронежская школа-интернат №3 для обучающихся с ограниченными возможностями здоровья
RU,Россия,Воронеж,boarding,Воронежская школа-интернат №7 для обучающихся с ограниченными возможностями здоровья
RU,Россия,Воронеж,boarding,Новоусманская школа-интернат для обучающихся с ограниченными возможностями здоровья
RU,Россия,Воронеж,boarding,Школа-интернат №6 для глухих и слабослышащих детей
RU,Россия,Воронеж,college,Берёзовский филиал ВТППП Берёзовский филиал Воронежского техникума пищевой и перерабатывающей промышленности
RU,Россия,Воронеж,college,ВАТ им. Чкалова Воронежский авиационный техникум имени В.П. Чкалова
RU,Россия,Воронеж,college,ВБМК Воронежский базовый медицинский колледж
RU,Россия,Воронеж,college,"ВГМУ им. Н.Н. Бурденко Минздрава России ""Воронежский государственный медицинский университет имени Н.Н. Бурденко"" Министерства здр"
RU,Россия,Воронеж,college,ВГПГК им. В.М. Пескова Воронежский государственный промышленно-гуманитарный колледж имени В.М. Пескова
RU,Россия,Воронеж,college,ВГППК Воронежский государственный профессионально-педагогический колледж
RU,Россия,Воронеж,college,ВГПТК Воронежский государственный промышленно-технологический колледж
RU,Россия,Воронеж,college,ВГПЭК Воронежский государственный промышленно-экономический колледж
RU,Россия,Воронеж,college,ВИК Воронежский индустриальный колледж
RU,Россия,Воронеж,college,ВКСПТ Воронежский колледж сварки и промышленных технологий
RU,Россия,Воронеж,college,ВМКР им. Ростроповичей Воронежский музыкальный колледж имени Ростроповичей
RU,Россия,Воронеж,college,Воронежский филиал РЭУ им. Г. В. Плеханова Воронежский филиал Российского экономического университета имени Г. В. Плеханова
RU,Россия,Воронеж,college,ВПТ Воронежский политехнический техникум
RU,Россия,Воронеж,college,ВТМД Воронежский техникум моды и дизайна
RU,Россия,Воронеж,college,ВТППП Воронежский техникум пищевой и перерабатывающей промышленности
RU,Россия,Воронеж,college,ВТПСТ Воронежский техникум промышленно-строительных технологий
RU,Россия,Воронеж,college,ВТСТ Воронежский техникум строительных технологий
RU,Россия,Воронеж,college,ВХУ Воронежское хореографическое училище
RU,Россия,Воронеж,college,ВХУ(т) им. Н.Н.Ге Воронежское художественное училище (техникум) имени Николая Николаевича Ге
RU,Россия,Воронеж,college,ВЮТ Воронежский юридический техникум
RU,Россия,Воронеж,college,ГПК Губернский педагогический колледж
RU,Россия,Воронеж,college,Колледж ВГАУ им. императора Петра I Колледж Воронежского государственного аграрного университета имени императора Петра I
RU,Россия,Воронеж,college,Колледж ВГЛТУ им. Г.Ф. Морозова Колледж Воронежского государственного лесотехнического университета им. Г.Ф. Морозова
RU,Россия,Воронеж,college,Колледж ВГУ Отделение среднего профессионального образования Воронежского государственного университет
RU,Россия,Воронеж,college,Колледж ВГУИТ Факультет среднего профессионального образования Воронежского государственного университет
RU,Россия,Воронеж,college,Колледж РГУП в Воронеже Колледж Центрального филиала Российского государственного университета правосудия имени В
RU,Россия,Воронеж,college,НМТ Новоусманский многопрофильный техникум
RU,Россия,Воронеж,college,СПК ВГТУ Строительно-политехнический колледж Воронежского государственного технического университет
RU,Россия,Воронеж,college,Факультет СПО ВГАС Факультет среднего профессионального образования Воронежской государственной академии спор
RU,Россия,Воронеж,college,"Частный АПТ Автомобильный, правовой техникум"
RU,Россия,Воронеж,college,Частный ВИЭСУ Воронежский институт экономики и социального управления
RU,Россия,Воронеж,college,Частный ВКРКТ Воронежский колледж робототехники и компьютерных технологий
RU,Россия,Воронеж,college,Частный ВЭПИ Воронежский экономико-правовой институт
RU,Россия,Воронеж,college,Частный КИТиФ Колледж информационных технологий и финансов
RU,Россия,Воронеж,college,Частный Колледж ВИВТ Колледж Воронежского института высоких технологий
RU,Россия,Воронеж,college,Частный РЭПК Региональный экономико-правовой колледж
RU,Россия,Воронеж,college,Частный Скайпро Воронеж Колледж Скайпро Воронеж
RU,Россия,Воронеж,general,Бабяковская основная школа
RU,Россия,Воронеж,general,Бабяковская средняя школа №1
RU,Россия,Воронеж,general,Борская средняя школа
RU,Россия,Воронеж,general,Вечерняя школа №14
RU,Россия,Воронеж,general,Воронежская кадетская школа
RU,Россия,Воронеж,general,Воронежская школа-интернат № 6 для обучающихся с ограниченными возможностями здоровья
RU,Россия,Воронеж,general,Воронежская школа №31
RU,Россия,Воронеж,general,Воронежский учебно-воспитательный комплекс им. А.П.Киселева
RU,Россия,Воронеж,general,Гремяченская основная общеобразовательная школа
RU,Россия,Воронеж,general,Гремяченская средняя общеобразовательная школа
RU,Россия,Воронеж,general,Гремяченская средняя школа
RU,Россия,Воронеж,general,Губаревская средняя школа
RU,Россия,Воронеж,general,Масловская средняя школа
RU,Россия,Воронеж,general,МБОУ ВСОШ № 14
RU,Россия,Воронеж,general,МБОУ Гимназия № 7 ИМ. Воронцова В.М
RU,Россия,Воронеж,general,МБОУ Гимназия № 9
RU,Россия,Воронеж,general,"МБОУ ""лицей № 2"""
RU,Россия,Воронеж,general,МБОУ Лицей № 4
RU,Россия,Воронеж,general,МБОУ ООШ № 42
RU,Россия,Воронеж,general,МБОУ СОШ С УИОП № 8
RU,Россия,Воронеж,general,МБОУ СОШ № 35 ИМ. Д. Ф. Чеботарева
RU,Россия,Воронеж,general,МБОУ СОШ № 94 Имени Генерала Лизюкова А.И
RU,Россия,Воронеж,general,Никольская средняя школа
RU,Россия,Воронеж,general,Новогремяченская средняя школа
RU,Россия,Воронеж,general,Новоживотинновская средняя школа
RU,Россия,Воронеж,general,Новоусманская средняя школа №2
RU,Россия,Воронеж,general,Новоусманская средняя школа №3
RU,Россия,Воронеж,general,Новоусманская средняя школа №4
RU,Россия,Воронеж,general,Орловская средняя школа
RU,Россия,Воронеж,general,Основная школа №42
RU,Россия,Воронеж,general,Основная школа №7
RU,Россия,Воронеж,general,Основная школа №96
RU,Россия,Воронеж,general,Открытая школа №11
RU,Россия,Воронеж,general,Отрадненская средняя школа
RU,Россия,Воронеж,general,Отрадненская средняя школа №2
RU,Россия,Воронеж,general,Парижскокоммунская средняя школа
RU,Россия,Воронеж,general,Парусновская основная школа
RU,Россия,Воронеж,general,Рамонская средняя школа №2
RU,Россия,Воронеж,general,Рогачевская основная школа
RU,Россия,Воронеж,general,Русскогвоздевская средняя школа
RU,Россия,Воронеж,general,Рыканская средняя школа
RU,Россия,Воронеж,general,Семилукская сельская средняя школа
RU,Россия,Воронеж,general,Средняя общеобразовательная школа №39
RU,Россия,Воронеж,general,Средняя общеобразовательная школа №51
RU,Россия,Воронеж,general,Средняя школа №1
RU,Россия,Воронеж,general,Средняя школа №10
RU,Россия,Воронеж,general,Средняя школа №100
RU,Россия,Воронеж,general,Средняя школа №101
RU,Россия,Воронеж,general,Средняя школа №103
RU,Россия,Воронеж,general,Средняя школа №104
RU,Россия,Воронеж,general,Средняя школа №105
RU,Россия,Воронеж,general,Средняя школа №106
RU,Россия,Воронеж,general,Средняя школа №107
RU,Россия,Воронеж,general,Средняя школа №108
RU,Россия,Воронеж,general,Средняя школа №11
RU,Россия,Воронеж,general,Средняя школа №12
RU,Россия,Воронеж,general,Средняя школа №13
RU,Россия,Воронеж,general,Средняя школа №14
RU,Россия,Воронеж,general,Средняя школа №16
RU,Россия,Воронеж,general,Средняя школа №18
RU,Россия,Воронеж,general,Средняя школа №19
RU,Россия,Воронеж,general,Средняя школа №2
RU,Россия,Воронеж,general,Средняя школа №20
RU,Россия,Воронеж,general,Средняя школа №21
RU,Россия,Воронеж,general,Средняя школа №22
RU,Россия,Воронеж,general,Средняя школа №23
RU,Россия,Воронеж,general,Средняя школа №24
RU,Россия,Воронеж,general,Средняя школа №25
RU,Россия,Воронеж,general,Средняя школа №27
RU,Россия,Воронеж,general,Средняя школа №28
RU,Россия,Воронеж,general,Средняя школа №29
RU,Россия,Воронеж,general,Средняя школа №3
RU,Россия,Воронеж,general,Средняя школа №30
RU,Россия,Воронеж,general,Средняя школа №33
RU,Россия,Воронеж,general,Средняя школа №34
RU,Россия,Воронеж,general,Средняя школа №35
RU,Россия,Воронеж,general,Средняя школа №36
RU,Россия,Воронеж,general,Средняя школа №37
RU,Россия,Воронеж,general,Средняя школа №38
RU,Россия,Воронеж,general,Средняя школа №4
RU,Россия,Воронеж,general,Средняя школа №40
RU,Россия,Воронеж,general,Средняя школа №43
RU,Россия,Воронеж,general,Средняя школа №44
RU,Россия,Воронеж,general,Средняя школа №45
RU,Россия,Воронеж,general,Средняя школа №46
RU,Россия,Воронеж,general,Средняя школа №47
RU,Россия,Воронеж,general,Средняя школа №48
RU,Россия,Воронеж,general,Средняя школа №5
RU,Россия,Воронеж,general,Средняя школа №50
RU,Россия,Воронеж,general,Средняя школа №52
RU,Россия,Воронеж,general,Средняя школа №54
RU,Россия,Воронеж,general,Средняя школа №55
RU,Россия,Воронеж,general,Средняя школа №56
RU,Россия,Воронеж,general,Средняя школа №57
RU,Россия,Воронеж,general,Средняя школа №6
RU,Россия,Воронеж,general,Средняя школа №60
RU,Россия,Воронеж,general,Средняя школа №61
RU,Россия,Воронеж,general,Средняя школа №62
RU,Россия,Воронеж,general,Средняя школа №63
RU,Россия,Воронеж,general,Средняя школа №64
RU,Россия,Воронеж,general,Средняя школа №67
RU,Россия,Воронеж,general,Средняя школа №68
RU,Россия,Воронеж,general,Средняя школа №69
RU,Россия,Воронеж,general,Средняя школа №70
RU,Россия,Воронеж,general,Средняя школа №71
RU,Россия,Воронеж,general,Средняя школа №72
RU,Россия,Воронеж,general,Средняя школа №73
RU,Россия,Воронеж,general,Средняя школа №74
RU,Россия,Воронеж,general,Средняя школа №75
RU,Россия,Воронеж,general,Средняя школа №76
RU,Россия,Воронеж,general,Средняя школа №77
RU,Россия,Воронеж,general,Средняя школа №79
RU,Россия,Воронеж,general,Средняя школа №8
RU,Россия,Воронеж,general,Средняя школа №80
RU,Россия,Воронеж,general,Средняя школа №81
RU,Россия,Воронеж,general,Средняя школа №83
RU,Россия,Воронеж,general,Средняя школа №84
RU,Россия,Воронеж,general,Средняя школа №85
RU,Россия,Воронеж,general,Средняя школа №87
RU,Россия,Воронеж,general,Средняя школа №88
RU,Россия,Воронеж,general,Средняя школа №9
RU,Россия,Воронеж,general,Средняя школа №90
RU,Россия,Воронеж,general,Средняя школа №91
RU,Россия,Воронеж,general,Средняя школа №92
RU,Россия,Воронеж,general,Средняя школа №93
RU,Россия,Воронеж,general,Средняя школа №94
RU,Россия,Воронеж,general,Средняя школа №95
RU,Россия,Воронеж,general,Средняя школа №97
RU,Россия,Воронеж,general,Средняя школа №98
RU,Россия,Воронеж,general,Средняя школа №99
RU,Россия,Воронеж,general,Тресвятская средняя школа
RU,Россия,Воронеж,general,Углянская основная школа
RU,Россия,Воронеж,general,Углянская средняя школа
RU,Россия,Воронеж,general,Устьевская средняя школа
RU,Россия,Воронеж,general,Учебно-воспитательный комплекс № 1
RU,Россия,Воронеж,general,Хреновская основная школа
RU,Россия,Воронеж,general,Школа Будущего
RU,Россия,Воронеж,general,Школа Мариоль
RU,Россия,Воронеж,general,Шуберская средняя школа
RU,Россия,Воронеж,general,Яменская средняя школа
RU,Россия,Воронеж,university,Автомобильно-транспортный институт
RU,Россия,Воронеж,university,Воронежская государственная академия спорта
RU,Россия,Воронеж,university,Воронежский государственный аграрный университет имени императора Петра I
RU,Россия,Воронеж,university,Воронежский государственный институт искусств
RU,Россия,Воронеж,university,Воронежский государственный лесотехнический университет имени Г.Ф. Морозова
RU,Россия,Воронеж,university,Воронежский государственный медицинский университет имени Н.Н.Бурденко
RU,Россия,Воронеж,university,Воронежский государственный педагогический университет
RU,Россия,Воронеж,university,Воронежский государственный технический университет
RU,Россия,Воронеж,university,Воронежский государственный университет
RU,Россия,Воронеж,university,Воронежский государственный университет инженерных технологий
RU,Россия,Воронеж,university,Воронежский институт высоких технологий
RU,Россия,Воронеж,university,Воронежский институт (филиал)
RU,Россия,Воронеж,university,Воронежский институт экономики и социального управления
RU,Россия,Воронеж,university,Воронежский филиал
RU,Россия,Воронеж,university,Воронежский филиал — Российский экономический университет
RU,Россия,Воронеж,university,Воронежский экономико-правовой институт
RU,Россия,Воронеж,university,Институт Бизнеса и Информационных Систем
RU,Россия,Воронеж,university,"Институт менеджмента, маркетинга и финансов"
RU,Россия,Воронеж,university,Международный институт компьютерных технологий
RU,Россия,Воскресенск,college,Воскресенский колледж Воскресенский колледж
RU,Россия,Воскресенск,college,"Частный Колледж Академия ТОП Воскресенск Приемная комиссия АНО ПОО Московский международный колледж цифровых технологий ""Академия Т"
RU,Россия,Воскресенск,college,Частный Колледж ВИТ - филиал РМАТ Колледж Воскресенского института туризма – филиал РМАТ
RU,Россия,Воскресенск,general,Гимназия № 1
RU,Россия,Воскресенск,general,Гимназия № 24
RU,Россия,Воскресенск,general,Дошкольное отделение
RU,Россия,Воскресенск,general,Лицей № 22
RU,Россия,Воскресенск,general,Лицей №6
RU,Россия,Воскресенск,general,Средняя общеобразовательная школа № 17
RU,Россия,Воскресенск,general,Средняя общеобразовательная школа № 20
RU,Россия,Воскресенск,general,Средняя общеобразовательная школа № 25
RU,Россия,Воскресенск,general,Средняя общеобразовательная школа № 3
RU,Россия,Воскресенск,general,Средняя общеобразовательная школа № 7
RU,Россия,Воскресенск,general,Средняя школа №2
RU,Россия,Воскресенск,general,Средняя школа №5
RU,Россия,Воскресенск,general,Средняя школа №9
RU,Россия,Выборг,college,ВиЛГУ Выборгский институт Ленинградского государственного университета имени А.С. Пушкина
RU,Россия,Выборг,college,ВПК Александровский Выборгский политехнический колледж Александровский
RU,Россия,Выборг,college,ВТАЛК Выборгский техникум агропромышленного и лесного комплекса
RU,Россия,Выборг,college,Выборгский филиал им. С.Ф. Жаворонкова СПбГУ ГА Колледж Университета гражданской авиации в Выборге
RU,Россия,Выборг,college,Частный Колледж Академия ТОП Выборг Филиал колледжа «Академия ТОП Выборг»
RU,Россия,Выборг,general,Гимназия
RU,Россия,Выборг,general,Гимназия № 11
RU,Россия,Выборг,general,Средняя общеобразовательная школа № 10
RU,Россия,Выборг,general,Средняя общеобразовательная школа № 13 с углубленным изучением отдельных предметов
RU,Россия,Выборг,general,Средняя общеобразовательная школа № 37 с углубленным изучением отдельных предметов
RU,Россия,Выборг,general,Средняя общеобразовательная школа № 7
RU,Россия,Выборг,general,Средняя школа №1
RU,Россия,Выборг,general,Средняя школа №12
RU,Россия,Выборг,general,Средняя школа №13
RU,Россия,Выборг,general,Средняя школа №14
RU,Россия,Выборг,general,Средняя школа №37
RU,Россия,Выборг,general,Средняя школа №6
RU,Россия,Выборг,general,Средняя школа №8
RU,Россия,Вышний Волочек,college,ВВК Вышневолоцкий колледж
RU,Россия,Вышний Волочек,college,ВК филиал в п.г.т. Красномайский Вышневолоцкий колледж филиал в п.г.т. Красномайский
RU,Россия,Вышний Волочек,college,ВМК Вышневолоцкий медицинский колледж
RU,Россия,Вышний Волочек,general,Вечерняя (сменная) общеобразовательная школа города Вышний Волочек
RU,Россия,Вышний Волочек,general,Вечерняя (сменная) общеобразовательная школа № 1
RU,Россия,Вышний Волочек,general,Вышневолоцкая школа-интернат № 1
RU,Россия,Вышний Волочек,general,Вышневолоцкая школа-интернат № 2
RU,Россия,Вышний Волочек,general,Гимназия № 2
RU,Россия,Вышний Волочек,general,ЛицейNo15
RU,Россия,Вышний Волочек,general,Средняя общеобразовательная школа № 12
RU,Россия,Вышний Волочек,general,Средняя общеобразовательная школа № 13
RU,Россия,Вышний Волочек,general,Средняя общеобразовательная школа № 19
RU,Россия,Вышний Волочек,general,Средняя общеобразовательная школа № 3
RU,Россия,Вышний Волочек,general,Средняя общеобразовательная школа № 5
RU,Россия,Вышний Волочек,general,Средняя общеобразовательная школа № 6
RU,Россия,Вышний Волочек,general,Средняя общеобразовательная школа № 7
RU,Россия,Вышний Волочек,general,Средняя школа № 10 с углубленным изучением отдельных предметов
RU,Россия,Вышний Волочек,general,Школа № 4
RU,Россия,Гатчина,college,ГПК им. К.Д. Ушинского Гатчинский педагогический колледж им К.Д. Ушинского
RU,Россия,Гатчина,college,"Колледж ГИЭФПТ Отделение среднего профессионального образования Государственного института экономики, фин"
RU,Россия,Гатчина,college,СТИБ Сиверский техникум-интернат бухгалтеров
RU,Россия,Гатчина,college,Частный Колледж Академия ТОП Гатчина Филиал колледжа «Академия ТОП Гатчина»
RU,Россия,Гатчина,general,Базовая школа г. Гатчины
RU,Россия,Гатчина,general,Гатчинская начальная школа №5
RU,Россия,Гатчина,general,Гатчинская средняя общеобразовательная школа №8
RU,Россия,Гатчина,general,Гатчинская средняя школа №1
RU,Россия,Гатчина,general,Гатчинская средняя школа №11
RU,Россия,Гатчина,general,Гатчинская средняя школа №12
RU,Россия,Гатчина,general,Гатчинская средняя школа №2
RU,Россия,Гатчина,general,Гатчинская средняя школа №4
RU,Россия,Гатчина,general,Гатчинская средняя школа №7
RU,Россия,Гатчина,general,Гатчинская средняя школа №9
RU,Россия,Гатчина,general,Школа им. императора Александра III
RU,Россия,Геленджик,college,Геленджикский филиал КТЭК Геленджикский филиал Краснодарский торгово-экономический колледж
RU,Россия,Геленджик,college,Геленджикский филиал НМК Геленджикский филиал Новороссийского медицинского колледжа
RU,Россия,Геленджик,college,Колледж КубГУ в г. Геленджик Колледж Кубанского государственного университета в г. Геленджик
RU,Россия,Геленджик,college,"Частный ГКТЭП Геленджикский колледж техники, экономики и права"
RU,Россия,Геленджик,college,Частный Дивноморский филиал СКТ Знание Дивноморский филиал Северо-Кавказского техникума «Знание»
RU,Россия,Геленджик,college,Частный Колледж Академия ТОП Геленджик Филиал колледжа «Академия ТОП Геленджик»
RU,Россия,Геленджик,general,Моя школа
RU,Россия,Геленджик,general,Средняя школа №1
RU,Россия,Геленджик,general,Средняя школа №2
RU,Россия,Геленджик,general,Средняя школа №3
RU,Россия,Геленджик,general,Средняя школа №4
RU,Россия,Геленджик,general,Средняя школа №5
RU,Россия,Геленджик,general,Средняя школа №6
RU,Россия,Геленджик,general,Средняя школа №8
RU,Россия,Геленджик,general,Техношколa
RU,Россия,Грозный,college,ГГКИТ Грозненский государственный колледж информационных технологий
RU,Россия,Грозный,college,"ГКДМПИС Государственный колледж дизайна, моды, пищевой индустрии и сервиса"
RU,Россия,Грозный,college,ГПК Грозненский педагогический колледж
RU,Россия,Грозный,college,КГК им. Ш. Калиева Курчалоевский государственный колледж имени Шахида Калиева
RU,Россия,Грозный,college,Колледж ГГНТУ Факультет среднего профессионального образования Грозненского государственного нефтяного т
RU,Россия,Грозный,college,Колледж ЧГУ Колледж Чеченского государственного университета им. А.А. Кадырова
RU,Россия,Грозный,college,НГК Наурский государственный колледж
RU,Россия,Грозный,college,НГТ Ножай-юртовский государственный техникум
RU,Россия,Грозный,college,ПГТ Побединский государственный техникум
RU,Россия,Грозный,college,"Частный Гуманитарный колледж ""Эдельвейс"" Гуманитарный колледж ""Эдельвейс"""
RU,Россия,Грозный,college,"Частный Колледж Академия ТОП Грозный Приемная комиссия АНО ПОО Московский международный колледж цифровых технологий ""Академия Т"
RU,Россия,Грозный,college,Частный КУД г. Грозный Колледж управления и дизайна г. Грозный
RU,Россия,Грозный,college,ЧАТК Чеченский аграрно-технический колледж
RU,Россия,Грозный,college,ЧБМК Чеченский базовый медицинский колледж
RU,Россия,Грозный,college,ЧГК Чеченский государственный колледж
RU,Россия,Грозный,college,ЧГККИ Чеченский государственный колледж культуры и искусств им. В.А.Татаева
RU,Россия,Грозный,college,ЧГКЭ Чеченский государственный колледж экономики и информационных технологий
RU,Россия,Грозный,college,ЧГПК Чеченский государственный педагогический колледж
RU,Россия,Грозный,college,ЧГСК Чеченский государственный строительный колледж
RU,Россия,Грозный,college,ЧПТК Чеченский профессионально-технологический колледж
RU,Россия,Грозный,college,ЧСПК Чеченский социально-правовой колледж
RU,Россия,Грозный,general,Азамат-Юртовская средняя школа
RU,Россия,Грозный,general,Аллероевская средняя школа
RU,Россия,Грозный,general,Аллероевская средняя школа №1
RU,Россия,Грозный,general,Аллероевская средняя школа №2
RU,Россия,Грозный,general,Ахкинчу-Барзоевская средняя школа
RU,Россия,Грозный,general,Ахмат-Юртовская средняя школа №1
RU,Россия,Грозный,general,Ахмат-Юртовская средняя школа №2
RU,Россия,Грозный,general,Бачи-Юртовская средняя школа №1
RU,Россия,Грозный,general,Бачи-Юртовская средняя школа №2
RU,Россия,Грозный,general,Бачи-Юртовская средняя школа №3
RU,Россия,Грозный,general,Бачи-Юртовская средняя школа №4
RU,Россия,Грозный,general,Бачи-Юртовская средняя школа №5
RU,Россия,Грозный,general,Бачи-Юртовская средняя школа №6
RU,Россия,Грозный,general,Бильтой-Юртовская средняя школа
RU,Россия,Грозный,general,Брагунская средняя школа
RU,Россия,Грозный,general,Гелдаганская средняя школа
RU,Россия,Грозный,general,Гелдаганская средняя школа №1
RU,Россия,Грозный,general,Гелдаганская средняя школа №2
RU,Россия,Грозный,general,Герзель-Аульская средняя школа №1
RU,Россия,Грозный,general,Герзель-Аульская средняя школа №2
RU,Россия,Грозный,general,Гимназия 555
RU,Россия,Грозный,general,Гой-Чунская средняя школа
RU,Россия,Грозный,general,Гордали-Юртовская средняя школа
RU,Россия,Грозный,general,Дарбанхинская средняя школа
RU,Россия,Грозный,general,Джагларгинская средняя школа
RU,Россия,Грозный,general,Джалкинская средняя школа №1
RU,Россия,Грозный,general,Джалкинская средняя школа №3
RU,Россия,Грозный,general,Джугуртинская средняя школа
RU,Россия,Грозный,general,Илсхан-Юртовская основная школа
RU,Россия,Грозный,general,Илсхан-Юртовская средняя школа им. А.Н. Кадыровой
RU,Россия,Грозный,general,Илсхан-Юртовская средняя школа №2
RU,Россия,Грозный,general,Ишхой-Юртовская средняя школа им. Абдулмежидова Мусы Джабраиловича
RU,Россия,Грозный,general,Кади-Юртовская средняя школа
RU,Россия,Грозный,general,Кади-Юртовская средняя школа №2
RU,Россия,Грозный,general,Комсомольская средняя школа
RU,Россия,Грозный,general,Корен-Беноевская средняя школа
RU,Россия,Грозный,general,Кошкельдинская средняя школа
RU,Россия,Грозный,general,Лингвистическая школа им. Ю.Д. Дешериева
RU,Россия,Грозный,general,Майртупская средняя школа №1
RU,Россия,Грозный,general,"Майртупская средняя школа №2 им. Первого Президента Чеченской Республики, Героя России Ахмата Абдулхамидовича Кадырова"
RU,Россия,Грозный,general,Майртупская средняя школа №3
RU,Россия,Грозный,general,Математическая школа №1
RU,Россия,Грозный,general,Мелчхинская средняя школа
RU,Россия,Грозный,general,Начальная общеобразовательная школа
RU,Россия,Грозный,general,Начальная школа
RU,Россия,Грозный,general,Ники-Хитинская средняя школа
RU,Россия,Грозный,general,Ново-Бенойская средняя школа им. А.А. Кадырова
RU,Россия,Грозный,general,Основная общеобразовательная школа
RU,Россия,Грозный,general,Основная общеобразовательная школа с. Мескер-Юрт
RU,Россия,Грозный,general,Регитинская средняя школа
RU,Россия,Грозный,general,Средняя общеобразовательная школа
RU,Россия,Грозный,general,Средняя общеобразовательная школа им. профессора Ш. Джамбекова
RU,Россия,Грозный,general,Средняя общеобразовательная школа Лидер с. Сержень-Юрт им. Мухари Умарова
RU,Россия,Грозный,general,Средняя общеобразовательная школа с. Белгатой Шалинского муниципального района
RU,Россия,Грозный,general,Средняя общеобразовательная школа с. Беркат-Юрт
RU,Россия,Грозный,general,Средняя общеобразовательная школа с. Дачу-Борзой
RU,Россия,Грозный,general,Средняя общеобразовательная школа с. Пролетарское
RU,Россия,Грозный,general,Средняя общеобразовательная школа с. Садовое им. А-Х. Кадырова
RU,Россия,Грозный,general,Средняя общеобразовательная школа №1
RU,Россия,Грозный,general,Средняя общеобразовательная школа №10
RU,Россия,Грозный,general,Средняя общеобразовательная школа №13
RU,Россия,Грозный,general,Средняя общеобразовательная школа №15
RU,Россия,Грозный,general,Средняя общеобразовательная школа №2
RU,Россия,Грозный,general,Средняя общеобразовательная школа №2 им. Даутмерзаева У.М
RU,Россия,Грозный,general,Средняя общеобразовательная школа №2 пос. Чири-Юрт
RU,Россия,Грозный,general,Средняя общеобразовательная школа №2 с. Алхан -Юрт
RU,Россия,Грозный,general,Средняя общеобразовательная школа №2 с. Белгатой
RU,Россия,Грозный,general,Средняя общеобразовательная школа №2 с. Бердыкель им. Героя России Басханова Р
RU,Россия,Грозный,general,Средняя общеобразовательная школа №2 с. Сержень-Юрт
RU,Россия,Грозный,general,Средняя общеобразовательная школа №21
RU,Россия,Грозный,general,Средняя общеобразовательная школа №23
RU,Россия,Грозный,general,Средняя общеобразовательная школа №27
RU,Россия,Грозный,general,Средняя общеобразовательная школа №6
RU,Россия,Грозный,general,Средняя общеобразовательная школа №61
RU,Россия,Грозный,general,Средняя общеобразовательная школа №63
RU,Россия,Грозный,general,Средняя общеобразовательная школа №64
RU,Россия,Грозный,general,Средняя общеобразовательная школа №65
RU,Россия,Грозный,general,Средняя общеобразовательная школа №66
RU,Россия,Грозный,general,Средняя общеобразовательная школа №67
RU,Россия,Грозный,general,Средняя общеобразовательная школа №7
RU,Россия,Грозный,general,Средняя общеобразовательная школа №9 им. А.М. Цебиева
RU,Россия,Грозный,general,Средняя школа Терра нова
RU,Россия,Грозный,general,Средняя школа №106
RU,Россия,Грозный,general,Средняя школа №11
RU,Россия,Грозный,general,Средняя школа №12
RU,Россия,Грозный,general,Средняя школа №14
RU,Россия,Грозный,general,Средняя школа №16
RU,Россия,Грозный,general,Средняя школа №17
RU,Россия,Грозный,general,Средняя школа №18
RU,Россия,Грозный,general,Средняя школа №19
RU,Россия,Грозный,general,Средняя школа №20
RU,Россия,Грозный,general,Средняя школа №24
RU,Россия,Грозный,general,Средняя школа №25
RU,Россия,Грозный,general,Средняя школа №26
RU,Россия,Грозный,general,Средняя школа №28
RU,Россия,Грозный,general,Средняя школа №29
RU,Россия,Грозный,general,Средняя школа №3
RU,Россия,Грозный,general,Средняя школа №31
RU,Россия,Грозный,general,Средняя школа №33
RU,Россия,Грозный,general,Средняя школа №34
RU,Россия,Грозный,general,Средняя школа №35
RU,Россия,Грозный,general,Средняя школа №36
RU,Россия,Грозный,general,Средняя школа №37
RU,Россия,Грозный,general,Средняя школа №38
RU,Россия,Грозный,general,Средняя школа №39
RU,Россия,Грозный,general,Средняя школа №4
RU,Россия,Грозный,general,Средняя школа №40
RU,Россия,Грозный,general,Средняя школа №42
RU,Россия,Грозный,general,Средняя школа №44
RU,Россия,Грозный,general,Средняя школа №47
RU,Россия,Грозный,general,Средняя школа №48
RU,Россия,Грозный,general,Средняя школа №49
RU,Россия,Грозный,general,Средняя школа №5
RU,Россия,Грозный,general,Средняя школа №50
RU,Россия,Грозный,general,Средняя школа №53
RU,Россия,Грозный,general,Средняя школа №54
RU,Россия,Грозный,general,Средняя школа №56
RU,Россия,Грозный,general,Средняя школа №57
RU,Россия,Грозный,general,Средняя школа №60
RU,Россия,Грозный,general,Средняя школа №8
RU,Россия,Грозный,general,Средняя школа №91
RU,Россия,Грозный,general,Старо-Атагинская средняя школа №1
RU,Россия,Грозный,general,Хангиш-Юртовская средняя школа
RU,Россия,Грозный,general,Хиди-Хуторская средняя школа
RU,Россия,Грозный,general,Цоци-Юртовская средняя школа №1
RU,Россия,Грозный,general,Цоци-Юртовская средняя школа №2
RU,Россия,Грозный,general,Цоци-Юртовская средняя школа №3
RU,Россия,Грозный,general,Цоци-Юртовская средняя школа №4
RU,Россия,Грозный,general,Шуанинская средняя школа
RU,Россия,Грозный,general,Энгель-Юртовская средняя школа №1
RU,Россия,Грозный,general,Энгель-Юртовская средняя школа №2
RU,Россия,Грозный,general,Эникалинская средняя школа
RU,Россия,Грозный,general,Ялхой-Мохковская средняя школа
RU,Россия,Губкин,college,ГГПК Губкинский горно-политехнический колледж
RU,Россия,Губкин,college,Колледж Губкинского филиала БГТУ им. В.Г. Шухова Колледж Губкинского филиала БГТУ им. В.Г. Шухова
RU,Россия,Губкин,university,Вузы Москвы
RU,Россия,Губкин,university,ВШС Высшая школа сценических искусств Москва · вуз →
RU,Россия,Губкин,university,Институт бизнеса и дизайна Москва · вуз →
RU,Россия,Губкин,university,Обзор
RU,Россия,Губкин,university,Свято-Филаретовский институт Москва · вуз →
RU,Россия,Губкин,university,Сколковский институт науки и технологий Москва · вуз →
RU,Россия,Губкин,university,"филиал федерального государственного автономного образовательного учреждения высшего образования ""Российский государственный университет нефти и газа (национальный исследовательский университет) имени И.М. Губкина"" в г. Оренбурге"
RU,Россия,Гудермес,college,ГЖТ Гудермесский железнодорожный техникум
RU,Россия,Гудермес,college,ГПК имени С.С-А. Джунаидова Гудермесский педагогический колледж имени С.С-А. Джунаидова
RU,Россия,Гудермес,general,Гудермесская средняя школа
RU,Россия,Гудермес,general,Гудермесская средняя школа №1
RU,Россия,Гудермес,general,Гудермесская средняя школа №10
RU,Россия,Гудермес,general,Гудермесская средняя школа №11
RU,Россия,Гудермес,general,Гудермесская средняя школа №12
RU,Россия,Гудермес,general,Гудермесская средняя школа №13
RU,Россия,Гудермес,general,Гудермесская средняя школа №2
RU,Россия,Гудермес,general,Гудермесская средняя школа №3
RU,Россия,Гудермес,general,Гудермесская средняя школа №4
RU,Россия,Гудермес,general,Гудермесская средняя школа №5
RU,Россия,Гудермес,general,Гудермесская средняя школа №6
RU,Россия,Гудермес,general,Гудермесская средняя школа №7
RU,Россия,Гудермес,general,Гудермесская средняя школа №8
RU,Россия,Гусь-Хрустальный,general,Основная общеобразовательная школа № 16
RU,Россия,Гусь-Хрустальный,general,Основная общеобразовательная школа № 5
RU,Россия,Гусь-Хрустальный,general,Основная общеобразовательная школа № 7
RU,Россия,Гусь-Хрустальный,general,Специальная (коррекционная) общеобразовательная школа г. Гусь-Хрустальный
RU,Россия,Гусь-Хрустальный,general,Средняя общеобразовательная школа № 10
RU,Россия,Гусь-Хрустальный,general,Средняя общеобразовательная школа № 15 с углубленным изучением отдельных предметов
RU,Россия,Гусь-Хрустальный,general,Средняя общеобразовательная школа № 2 с углубленным изучением отдельных предметов имени кавалера ордена Красной Звезды А.А. Кузора
RU,Россия,Гусь-Хрустальный,general,Средняя общеобразовательная школа № 3
RU,Россия,Гусь-Хрустальный,general,Средняя общеобразовательная школа № 4
RU,Россия,Дербент,college,ДМК им. Г.А. Илизарова Дербентский медицинский колледж им. Г.А. Илизарова
RU,Россия,Дербент,college,ДМУ Д.Ш. Ашурова Дербентское музыкальное училище Д.Ш. Ашурова
RU,Россия,Дербент,college,ДППК им. Г.Б. Казиахмедова Дербентский профессионально-педагогический колледж им. Г.Б. Казиахмедова
RU,Россия,Дербент,college,ЖДК Железнодорожный колледж г. Дербент
RU,Россия,Дербент,college,КНПТ Колледж народных промыслов и туризма
RU,Россия,Дербент,college,Колледж ДГУ филиал в г. Дербент Колледж Дагестанского государственного университета филиал в г. Дербент
RU,Россия,Дербент,college,КЭиП Колледж экономики и права
RU,Россия,Дербент,college,Частный ДКО Дагестанский колледж образования
RU,Россия,Дербент,college,"Частный КБМЭП Колледж бизнес-менеджмента, экономики и права"
RU,Россия,Дербент,college,"Частный Колледж Академия ТОП Дербент Приемная комиссия АНО ПОО Московский международный колледж цифровых технологий ""Академия Т"
RU,Россия,Дербент,college,Частный Медицинский колледж имени Башларова в г. Дербент Медицинский колледж имени Башларова в г. Дербент
RU,Россия,Дербент,college,Частный Республиканский медико-социальный колледж Республиканский медико-социальный колледж
RU,Россия,Дербент,general,Гимназия культуры мира
RU,Россия,Дербент,general,Средняя общеобразовательная школа №1 им. В. Громаковского
RU,Россия,Дербент,general,Средняя общеобразовательная школа №11 им. Ш. С. Абрамова
RU,Россия,Дербент,general,Средняя общеобразовательная школа №14 им. Я. И. Хорольца
RU,Россия,Дербент,general,Средняя общеобразовательная школа №19 им. Г.И. Щедрина
RU,Россия,Дербент,general,Средняя общеобразовательная школа №20 им. Расула Гамзатова
RU,Россия,Дербент,general,Средняя общеобразовательная школа №8
RU,Россия,Дербент,general,Средняя общеобразовательная школа №9
RU,Россия,Дербент,general,Школа №12 им. Н.Ш. Казиахмедова
RU,Россия,Дербент,general,Школа №13
RU,Россия,Дербент,general,Школа №15 им. М. М. Сурмача
RU,Россия,Дербент,general,Школа №16 им. Мирзы Казим-Бека
RU,Россия,Дербент,general,Школа №17 им. С.Г. Казиахмедова
RU,Россия,Дербент,general,Школа №21 им. С.Стальского
RU,Россия,Дербент,general,Школа №3
RU,Россия,Дербент,general,Школа №4 им. Магомед-Загида Абдулманапова
RU,Россия,Дербент,general,Школа №6 им. Н.Гянджеви
RU,Россия,Дзержинск,college,Дзержинский филиал НМК Дзержинский филиал Нижегородского медицинского колледжа
RU,Россия,Дзержинск,college,ДИКТ Дзержинский индустриально-коммерческий техникум
RU,Россия,Дзержинск,college,ДМК Дзержинский музыкальный колледж
RU,Россия,Дзержинск,college,ДПК Дзержинский педагогический колледж
RU,Россия,Дзержинск,college,ДТБТ Дзержинский техникум бизнеса и технологий
RU,Россия,Дзержинск,college,ДТК Дзержинский технический колледж
RU,Россия,Дзержинск,college,ДХТ Дзержинский химический техникум им. Красной Армии
RU,Россия,Дзержинск,college,Колледж экономики и права ДФ РАНХиГС Колледж экономики и права Дзержинского филиала Российской академии народного хозяйства и г
RU,Россия,Дзержинск,college,Частный Колледж Академия ТОП Дзержинск Филиал колледжа «Академия ТОП Дзержинск»
RU,Россия,Дзержинск,general,Дзержинская коррекционная школа
RU,Россия,Дзержинск,general,Средняя школа
RU,Россия,Дзержинск,general,Средняя школа № 1
RU,Россия,Дзержинск,general,Средняя школа № 18
RU,Россия,Дзержинск,general,Средняя школа № 2 с углубленным изучением предметов физико-математического цикла
RU,Россия,Дзержинск,general,Средняя школа № 20
RU,Россия,Дзержинск,general,Средняя школа № 22 с углубленным изучением французского языка
RU,Россия,Дзержинск,general,Средняя школа № 24
RU,Россия,Дзержинск,general,Средняя школа № 27
RU,Россия,Дзержинск,general,Средняя школа № 3
RU,Россия,Дзержинск,general,Средняя школа № 30
RU,Россия,Дзержинск,general,Средняя школа № 32
RU,Россия,Дзержинск,general,Средняя школа № 33
RU,Россия,Дзержинск,general,Средняя школа № 34
RU,Россия,Дзержинск,general,Средняя школа № 36
RU,Россия,Дзержинск,general,Средняя школа № 37
RU,Россия,Дзержинск,general,Средняя школа № 39
RU,Россия,Дзержинск,general,Средняя школа № 40
RU,Россия,Дзержинск,general,Средняя школа № 70
RU,Россия,Дзержинск,general,Средняя школа № 71
RU,Россия,Дзержинск,general,Средняя школа №12
RU,Россия,Дзержинск,general,Средняя школа №13
RU,Россия,Дзержинск,general,Средняя школа №14
RU,Россия,Дзержинск,general,Средняя школа №17
RU,Россия,Дзержинск,general,Средняя школа №2
RU,Россия,Дзержинск,general,Средняя школа №22
RU,Россия,Дзержинск,general,Средняя школа №23
RU,Россия,Дзержинск,general,Средняя школа №4
RU,Россия,Дзержинск,general,Средняя школа №68
RU,Россия,Дзержинск,general,Средняя школа №7
RU,Россия,Дзержинск,general,Школа № 29
RU,Россия,Дзержинск,general,Школа № 9
RU,Россия,Дзержинск,general,Школа №26
RU,Россия,Дзержинск,general,Школа №5
RU,Россия,Дзержинск,university,Дзержинский политехнический институт (филиал)
RU,Россия,Дзержинск,university,Дзержинский филиал
RU,Россия,Димитровград,college,ДМК Димитровградский музыкальный колледж
RU,Россия,Димитровград,college,ДТК Димитровградский технический колледж
RU,Россия,Димитровград,college,ДТПТ Димитровградский техникум профессиональных технологий имени Героя Советского Союза М.С.Чер
RU,Россия,Димитровград,college,ДТЭК Димитровградский технико-экономический колледж
RU,Россия,Димитровград,college,Техникум ДИТИ НИЯУ «МИФИ» Техникум Димитровградский инженерно-технологический институт
RU,Россия,Димитровград,college,"Частный Колледж Академия ТОП Димитровград Приемная комиссия АНО ПОО Московский международный колледж цифровых технологий ""Академия Т"
RU,Россия,Димитровград,general,Лицей №16
RU,Россия,Димитровград,general,Средняя школа №10
RU,Россия,Димитровград,general,Средняя школа №17
RU,Россия,Димитровград,general,Средняя школа №19
RU,Россия,Димитровград,general,Средняя школа №2
RU,Россия,Димитровград,general,Средняя школа №22
RU,Россия,Димитровград,general,Средняя школа №23
RU,Россия,Димитровград,general,Средняя школа №6
RU,Россия,Димитровград,general,Средняя школа №9
RU,Россия,Димитровград,general,Школа №11
RU,Россия,Дмитров,boarding,Дмитровская общеобразовательная школа-интернат для обучающихся с ОВЗ
RU,Россия,Дмитров,college,Дмитровский техникум Дмитровский техникум
RU,Россия,Дмитров,college,Подмосковный политех Подмосковный политехнический колледж
RU,Россия,Дмитров,college,Частный ДРТИ филиал АГТУ Дмитровский рыбохозяйственный технологический институт филиал Астраханского государственно
RU,Россия,Дмитров,general,Внуковская средняя школа
RU,Россия,Дмитров,general,Дмитровская средняя школа №10
RU,Россия,Дмитров,general,Дмитровская средняя школа №2
RU,Россия,Дмитров,general,Дмитровская средняя школа №3
RU,Россия,Дмитров,general,Дмитровская средняя школа №5
RU,Россия,Дмитров,general,Дмитровская средняя школа №8
RU,Россия,Дмитров,general,Дмитровская средняя школа №9
RU,Россия,Дмитров,general,Инженерная школа г. Дмитрова
RU,Россия,Дмитров,general,Средняя школа №1
RU,Россия,Долгопрудный,general,"ГАОУ МО ""долгопрудненская Гимназия"""
RU,Россия,Долгопрудный,general,МАОУ Гимназия № 13
RU,Россия,Долгопрудный,general,МАОУ Лицей № 5
RU,Россия,Долгопрудный,general,Средняя школа №1
RU,Россия,Долгопрудный,general,Средняя школа №10
RU,Россия,Долгопрудный,general,Средняя школа №11
RU,Россия,Долгопрудный,general,Средняя школа №14
RU,Россия,Долгопрудный,general,Средняя школа №16
RU,Россия,Долгопрудный,general,Средняя школа №17
RU,Россия,Долгопрудный,general,Средняя школа №6
RU,Россия,Долгопрудный,general,Средняя школа №7
RU,Россия,Долгопрудный,general,Средняя школа №9
RU,Россия,Долгопрудный,general,Школус
RU,Россия,Домодедово,college,"ПК ""Московия"" Профессиональный колледж «Московия»"
RU,Россия,Домодедово,college,Филиал РГГУ в г. Домодедово Колледж Российский государственный гуманитарный университет в г. Домодедово
RU,Россия,Домодедово,college,Частный Колледж Академия Топ Домодедово Филиал колледжа «Академия ТОП Домодедово»
RU,Россия,Домодедово,college,Частный Колледж ДФ РосНОУ Колледж Домодедовского филиала Российский новый университет
RU,Россия,Домодедово,general,Белостолбовская средняя школа
RU,Россия,Домодедово,general,Востряковский лицей №1
RU,Россия,Домодедово,general,Домодедовская средняя школа №1
RU,Россия,Домодедово,general,Домодедовская средняя школа №2
RU,Россия,Домодедово,general,Домодедовская средняя школа №4
RU,Россия,Домодедово,general,Домодедовская средняя школа №7
RU,Россия,Домодедово,general,Домодедовская средняя школа №8
RU,Россия,Домодедово,general,Домодедовская средняя школа №9
RU,Россия,Домодедово,general,МАОУ Домодедовская Гимназия № 5
RU,Россия,Домодедово,general,МАОУ Домодедовская СОШ № 4 С УИОП
RU,Россия,Домодедово,general,МАОУ Домодедовская СОШ № 7 С УИОП
RU,Россия,Домодедово,general,МАОУ Домодедовская СОШ № 9 Имени Героя Советского Союза Д.к.курыжова
RU,Россия,Домодедово,general,МАОУ Домодедовский Лицей № 3 ИМ. Героя Советского Союза Ю.п.максимова
RU,Россия,Домодедово,general,Топшкола
RU,Россия,Домодедово,university,Домодедовский филиал — Российский новый университет
RU,Россия,Домодедово,university,Российский государственный гуманитарный университет — филиал в г. Домодедово
RU,Россия,Донской,college,ДБК Донской банковский колледж
RU,Россия,Донской,college,ДонТКИиБ Донской техникум кулинарного искусства и бизнеса
RU,Россия,Донской,college,ДПК Донской политехнический колледж
RU,Россия,Донской,general,Основная школа №15
RU,Россия,Донской,general,Средняя школа №1
RU,Россия,Донской,general,Средняя школа №11
RU,Россия,Донской,general,Средняя школа №13
RU,Россия,Донской,general,Средняя школа №14
RU,Россия,Донской,general,Средняя школа №2
RU,Россия,Донской,general,Средняя школа №3
RU,Россия,Донской,general,Средняя школа №5
RU,Россия,Донской,general,Средняя школа №7
RU,Россия,Дубна,general,"МКОУ ""дубенская СОШ"""
RU,Россия,Дубна,general,Полис-лицей
RU,Россия,Дубна,general,Средняя школа №1
RU,Россия,Дубна,general,Средняя школа №10
RU,Россия,Дубна,general,Средняя школа №2
RU,Россия,Дубна,general,Средняя школа №5
RU,Россия,Дубна,general,Средняя школа №7
RU,Россия,Дубна,general,Средняя школа №9
RU,Россия,Дубна,general,Школа Будущего On-line
RU,Россия,Егорьевск,college,Егорьевский техникум Егорьевский техникум
RU,Россия,Егорьевск,college,Егорьевский филиал МОМК № 3 им. З. Самсоновой Егорьевский филиал Московского областного медицинского колледжа № 3 имени Героя Советского
RU,Россия,Егорьевск,college,КПИ - филиал ГСУУ Колледж педагогики и искусства - филиал Государственный социально-гуманитарный университет
RU,Россия,Егорьевск,college,Частный ЕАК им. В.П. Чкалова МГТУ ГА Егорьевский авиационный колледж им. В.П. Чкалова - филиал Московский государственный техни
RU,Россия,Егорьевск,general,Средняя общеобразовательная школа №8
RU,Россия,Егорьевск,general,Средняя школа №1
RU,Россия,Егорьевск,general,Средняя школа №12
RU,Россия,Егорьевск,general,Средняя школа №13
RU,Россия,Егорьевск,general,Средняя школа №15
RU,Россия,Егорьевск,general,Средняя школа №2
RU,Россия,Егорьевск,general,Средняя школа №3
RU,Россия,Егорьевск,general,Средняя школа №4
RU,Россия,Егорьевск,general,Средняя школа №5
RU,Россия,Егорьевск,general,Школа №9
RU,Россия,Ейск,college,ЕМК Ейский медицинский колледж
RU,Россия,Ейск,college,ЕМРПТ филиал АГТУ Ейский морской рыбопромышленный техникум филиал Астраханского государственного техническог
RU,Россия,Ейск,college,ЕПК Ейский полипрофильный колледж
RU,Россия,Ейск,general,ГКОУ Школа-Интернат № 1 Г. Ейска
RU,Россия,Ейск,general,ГКОУ Школа-Интернат № 2 Г. Ейска
RU,Россия,Ейск,general,ГКОУ Школа № 8 Г. Ейска
RU,Россия,Ейск,general,МБОУ Гимназия № 14 ИМ. Ю.А. Гагарина Г. Ейска МО Ейский Район
RU,Россия,Ейск,general,МБОУ Лицей № 4 ИМ. Профессора Е.а.котенко Г. Ейска МО Ейский Район
RU,Россия,Ейск,general,МБОУ НОШ № 16 Г. Ейска МО Ейский Район
RU,Россия,Ейск,general,МБОУ ООШ № 5 Имени Героя Советского Союза П.а.михайличенко Г. Ейска МО Ейский Район
RU,Россия,Ейск,general,МБОУ СОШ № 1 ИМ. С. Соболя Г. Ейска МО Ейский Район
RU,Россия,Ейск,general,МБОУ СОШ № 2 Имени Героя Советского Союза А.в.ляпидевского Г. Ейска МО Ейский Район
RU,Россия,Ейск,general,МБОУ СОШ № 20 ИМ. Героя Советского Союза И.В. Гаврилова Г. Ейска МО Ейский Район
RU,Россия,Ейск,general,МБОУ СОШ № 3 ИМ. Генерал-Фельдмаршала М. С. Воронцова Г. Ейска МО Ейский Район
RU,Россия,Ейск,general,"МБОУ СОШ № 7 ИМ. Историка, Профессора Н. И. Павленко Н. Ейска МО Ейский Район"
RU,Россия,Екатеринбург,boarding,Березовская школа-интернат
RU,Россия,Екатеринбург,boarding,"Екатеринбургская школа-интернат №11, реализующая адаптированные основные общеобразовательные программы"
RU,Россия,Екатеринбург,boarding,Екатеринбургская школа-интернат №12
RU,Россия,Екатеринбург,boarding,Екатеринбургская школа-интернат №13
RU,Россия,Екатеринбург,boarding,Екатеринбургская школа-интернат №6
RU,Россия,Екатеринбург,boarding,Школа-интернат №10 для слабовидящих детей
RU,Россия,Екатеринбург,boarding,Школа-интернат №17
RU,Россия,Екатеринбург,general,Баженовская средняя школа №96
RU,Россия,Екатеринбург,general,Белоярская средняя школа №1
RU,Россия,Екатеринбург,general,Белоярская средняя школа №14
RU,Россия,Екатеринбург,general,Белоярская средняя школа №18
RU,Россия,Екатеринбург,general,Верхнедубровская средняя школа
RU,Россия,Екатеринбург,general,Вечерняя школа
RU,Россия,Екатеринбург,general,Вечерняя школа №185
RU,Россия,Екатеринбург,general,Гуманная школа
RU,Россия,Екатеринбург,general,Екатеринбургская вечерняя школа №1
RU,Россия,Екатеринбург,general,"Екатеринбургская школа-интернат № 8, реализующая адаптированные основные общеобразовательные программы"
RU,Россия,Екатеринбург,general,Екатеринбургская школа №1
RU,Россия,Екатеринбург,general,Екатеринбургская школа №2
RU,Россия,Екатеринбург,general,Екатеринбургская школа №3
RU,Россия,Екатеринбург,general,Екатеринбургская школа №4
RU,Россия,Екатеринбург,general,Екатеринбургская школа №5
RU,Россия,Екатеринбург,general,Екатеринбургская школа №7
RU,Россия,Екатеринбург,general,Екатеринбургская школа №8
RU,Россия,Екатеринбург,general,Екатеринбургская школа №9
RU,Россия,Екатеринбург,general,Корифей школа
RU,Россия,Екатеринбург,general,Коррекционная школа
RU,Россия,Екатеринбург,general,Косулинская средняя школа №8
RU,Россия,Екатеринбург,general,МАОУ Гимназия № 120
RU,Россия,Екатеринбург,general,"МАОУ ""СОШ № 140 С Углубленным Изучением Отдельных Предметов"""
RU,Россия,Екатеринбург,general,МАОУ СОШ № 4 С Углубленным Изучением Отдельных Предметов
RU,Россия,Екатеринбург,general,Наша школа
RU,Россия,Екатеринбург,general,Новая Школа
RU,Россия,Екатеринбург,general,Основная общеобразовательная школа
RU,Россия,Екатеринбург,general,Основная школа
RU,Россия,Екатеринбург,general,Основная школа №11
RU,Россия,Екатеринбург,general,Основная школа №30
RU,Россия,Екатеринбург,general,Основная школа №35
RU,Россия,Екатеринбург,general,Основная школа №40
RU,Россия,Екатеринбург,general,Первая Советская семейная школа
RU,Россия,Екатеринбург,general,Русская классическая школа
RU,Россия,Екатеринбург,general,Смарт Школа
RU,Россия,Екатеринбург,general,Средняя общеобразовательная школа
RU,Россия,Екатеринбург,general,Средняя общеобразовательная школа №10
RU,Россия,Екатеринбург,general,Средняя общеобразовательная школа №16
RU,Россия,Екатеринбург,general,Средняя общеобразовательная школа №18
RU,Россия,Екатеринбург,general,Средняя общеобразовательная школа №27
RU,Россия,Екатеринбург,general,Средняя общеобразовательная школа №32
RU,Россия,Екатеринбург,general,Средняя общеобразовательная школа №4
RU,Россия,Екатеринбург,general,Средняя общеобразовательная школа №86
RU,Россия,Екатеринбург,general,Средняя общеобразовательная школа №9
RU,Россия,Екатеринбург,general,Средняя школа
RU,Россия,Екатеринбург,general,Средняя школа п. Аять
RU,Россия,Екатеринбург,general,Средняя школа №1
RU,Россия,Екатеринбург,general,Средняя школа №102
RU,Россия,Екатеринбург,general,Средняя школа №105
RU,Россия,Екатеринбург,general,Средняя школа №106
RU,Россия,Екатеринбург,general,Средняя школа №107
RU,Россия,Екатеринбург,general,Средняя школа №11
RU,Россия,Екатеринбург,general,Средняя школа №112
RU,Россия,Екатеринбург,general,Средняя школа №113
RU,Россия,Екатеринбург,general,Средняя школа №114
RU,Россия,Екатеринбург,general,Средняя школа №115
RU,Россия,Екатеринбург,general,Средняя школа №117
RU,Россия,Екатеринбург,general,Средняя школа №119
RU,Россия,Екатеринбург,general,Средняя школа №121
RU,Россия,Екатеринбург,general,Средняя школа №122
RU,Россия,Екатеринбург,general,Средняя школа №123
RU,Россия,Екатеринбург,general,Средняя школа №125
RU,Россия,Екатеринбург,general,Средняя школа №127
RU,Россия,Екатеринбург,general,Средняя школа №129
RU,Россия,Екатеринбург,general,Средняя школа №13
RU,Россия,Екатеринбург,general,Средняя школа №131
RU,Россия,Екатеринбург,general,Средняя школа №132
RU,Россия,Екатеринбург,general,Средняя школа №133
RU,Россия,Екатеринбург,general,Средняя школа №134
RU,Россия,Екатеринбург,general,Средняя школа №136
RU,Россия,Екатеринбург,general,Средняя школа №137
RU,Россия,Екатеринбург,general,Средняя школа №138
RU,Россия,Екатеринбург,general,Средняя школа №14
RU,Россия,Екатеринбург,general,Средняя школа №140
RU,Россия,Екатеринбург,general,Средняя школа №141
RU,Россия,Екатеринбург,general,Средняя школа №142
RU,Россия,Екатеринбург,general,Средняя школа №143
RU,Россия,Екатеринбург,general,Средняя школа №145
RU,Россия,Екатеринбург,general,Средняя школа №146
RU,Россия,Екатеринбург,general,Средняя школа №147
RU,Россия,Екатеринбург,general,Средняя школа №148
RU,Россия,Екатеринбург,general,Средняя школа №149
RU,Россия,Екатеринбург,general,Средняя школа №15
RU,Россия,Екатеринбург,general,Средняя школа №151
RU,Россия,Екатеринбург,general,Средняя школа №154
RU,Россия,Екатеринбург,general,Средняя школа №156
RU,Россия,Екатеринбург,general,Средняя школа №157
RU,Россия,Екатеринбург,general,Средняя школа №163
RU,Россия,Екатеринбург,general,Средняя школа №164
RU,Россия,Екатеринбург,general,Средняя школа №165
RU,Россия,Екатеринбург,general,Средняя школа №166
RU,Россия,Екатеринбург,general,Средняя школа №167
RU,Россия,Екатеринбург,general,Средняя школа №168
RU,Россия,Екатеринбург,general,Средняя школа №17
RU,Россия,Екатеринбург,general,Средняя школа №170
RU,Россия,Екатеринбург,general,Средняя школа №171
RU,Россия,Екатеринбург,general,Средняя школа №175
RU,Россия,Екатеринбург,general,Средняя школа №178
RU,Россия,Екатеринбург,general,Средняя школа №179
RU,Россия,Екатеринбург,general,Средняя школа №181
RU,Россия,Екатеринбург,general,Средняя школа №183
RU,Россия,Екатеринбург,general,Средняя школа №19
RU,Россия,Екатеринбург,general,Средняя школа №197
RU,Россия,Екатеринбург,general,Средняя школа №2
RU,Россия,Екатеринбург,general,Средняя школа №20
RU,Россия,Екатеринбург,general,Средняя школа №200
RU,Россия,Екатеринбург,general,Средняя школа №208
RU,Россия,Екатеринбург,general,Средняя школа №21
RU,Россия,Екатеринбург,general,Средняя школа №215
RU,Россия,Екатеринбург,general,Средняя школа №22
RU,Россия,Екатеринбург,general,Средняя школа №221
RU,Россия,Екатеринбург,general,Средняя школа №23
RU,Россия,Екатеринбург,general,Средняя школа №24
RU,Россия,Екатеринбург,general,Средняя школа №25
RU,Россия,Екатеринбург,general,Средняя школа №26
RU,Россия,Екатеринбург,general,Средняя школа №28
RU,Россия,Екатеринбург,general,Средняя школа №3
RU,Россия,Екатеринбург,general,Средняя школа №30
RU,Россия,Екатеринбург,general,Средняя школа №31
RU,Россия,Екатеринбург,general,Средняя школа №314
RU,Россия,Екатеринбург,general,Средняя школа №36
RU,Россия,Екатеринбург,general,Средняя школа №41
RU,Россия,Екатеринбург,general,Средняя школа №43
RU,Россия,Екатеринбург,general,Средняя школа №44
RU,Россия,Екатеринбург,general,Средняя школа №46
RU,Россия,Екатеринбург,general,Средняя школа №48
RU,Россия,Екатеринбург,general,Средняя школа №49
RU,Россия,Екатеринбург,general,Средняя школа №5
RU,Россия,Екатеринбург,general,Средняя школа №50
RU,Россия,Екатеринбург,general,Средняя школа №52
RU,Россия,Екатеринбург,general,Средняя школа №53
RU,Россия,Екатеринбург,general,Средняя школа №55
RU,Россия,Екатеринбург,general,Средняя школа №57
RU,Россия,Екатеринбург,general,Средняя школа №59
RU,Россия,Екатеринбург,general,Средняя школа №6
RU,Россия,Екатеринбург,general,Средняя школа №60
RU,Россия,Екатеринбург,general,Средняя школа №61
RU,Россия,Екатеринбург,general,Средняя школа №62
RU,Россия,Екатеринбург,general,Средняя школа №63
RU,Россия,Екатеринбург,general,Средняя школа №64
RU,Россия,Екатеринбург,general,Средняя школа №65
RU,Россия,Екатеринбург,general,Средняя школа №66
RU,Россия,Екатеринбург,general,Средняя школа №67
RU,Россия,Екатеринбург,general,Средняя школа №68
RU,Россия,Екатеринбург,general,Средняя школа №69
RU,Россия,Екатеринбург,general,Средняя школа №7
RU,Россия,Екатеринбург,general,Средняя школа №71
RU,Россия,Екатеринбург,general,Средняя школа №72
RU,Россия,Екатеринбург,general,Средняя школа №74
RU,Россия,Екатеринбург,general,Средняя школа №75
RU,Россия,Екатеринбург,general,Средняя школа №76
RU,Россия,Екатеринбург,general,Средняя школа №77
RU,Россия,Екатеринбург,general,Средняя школа №79
RU,Россия,Екатеринбург,general,Средняя школа №8
RU,Россия,Екатеринбург,general,Средняя школа №80
RU,Россия,Екатеринбург,general,Средняя школа №81
RU,Россия,Екатеринбург,general,Средняя школа №82
RU,Россия,Екатеринбург,general,Средняя школа №83
RU,Россия,Екатеринбург,general,Средняя школа №84
RU,Россия,Екатеринбург,general,Средняя школа №85
RU,Россия,Екатеринбург,general,Средняя школа №87
RU,Россия,Екатеринбург,general,Средняя школа №91
RU,Россия,Екатеринбург,general,Средняя школа №92
RU,Россия,Екатеринбург,general,Средняя школа №93
RU,Россия,Екатеринбург,general,Средняя школа №95
RU,Россия,Екатеринбург,general,Средняя школа №96
RU,Россия,Екатеринбург,general,Средняя школа №97
RU,Россия,Екатеринбург,general,Средняя школа №98
RU,Россия,Екатеринбург,general,Хорошая школа
RU,Россия,Екатеринбург,general,"Школа-интернат № 17, реализующая адаптированные основные общеобразовательные программы"
RU,Россия,Екатеринбург,general,Школа на твоем берегу
RU,Россия,Екатеринбург,general,Школа с. Косой Брод
RU,Россия,Екатеринбург,university,Гуманитарный университет
RU,Россия,Екатеринбург,university,Екатеринбургская академия современного искусства
RU,Россия,Екатеринбург,university,Екатеринбургский государственный театральный институт
RU,Россия,Екатеринбург,university,Екатеринбургский институт физической культуры (филиал)
RU,Россия,Екатеринбург,university,Миссионерский институт
RU,Россия,Екатеринбург,university,Уральская государственная консерватория имени М.П. Мусоргского
RU,Россия,Екатеринбург,university,Уральский государственный аграрный университет
RU,Россия,Екатеринбург,university,Уральский государственный архитектурно-художественный университет имени Н.С. Алфёрова
RU,Россия,Екатеринбург,university,Уральский государственный горный университет
RU,Россия,Екатеринбург,university,Уральский государственный лесотехнический университет
RU,Россия,Екатеринбург,university,Уральский государственный медицинский университет
RU,Россия,Екатеринбург,university,Уральский государственный педагогический университет
RU,Россия,Екатеринбург,university,Уральский государственный университет путей сообщения
RU,Россия,Екатеринбург,university,Уральский государственный экономический университет
RU,Россия,Екатеринбург,university,Уральский институт коммерции и права
RU,Россия,Екатеринбург,university,Уральский институт управления - филиал
RU,Россия,Екатеринбург,university,Уральский институт фондового рынка
RU,Россия,Екатеринбург,university,Уральский технический институт связи и информатики (филиал)
RU,Россия,Екатеринбург,university,"Уральский университет-Уральский институт экономики, управления и права"
RU,Россия,Екатеринбург,university,Уральский федеральный университет имени первого Президента России Б.Н. Ельцина
RU,Россия,Елец,general,Основная школа №15
RU,Россия,Елец,general,Основная школа №17
RU,Россия,Елец,general,Средняя школа
RU,Россия,Елец,general,Средняя школа №1
RU,Россия,Елец,general,Средняя школа №10
RU,Россия,Елец,general,Средняя школа №12
RU,Россия,Елец,general,Средняя школа №23
RU,Россия,Елец,general,Средняя школа №24
RU,Россия,Елец,general,Средняя школа №8
RU,Россия,Елец,general,Школа №19 г. Ельца
RU,Россия,Ессентуки,college,"Ессентукский филиал ПТТТиС Ессентукский филиал Пятигорского техникума торговли, технологий и сервиса"
RU,Россия,Ессентуки,college,Ессентукский филиал СтГМУ Минздрава России Ессентукский филиал Ставропольского государственного медицинского университета Минздрава Р
RU,Россия,Ессентуки,college,Ессентукский ЦР Ессентукский центр реабилитации инвалидов и лиц с ограниченными возможностями здоровья
RU,Россия,Ессентуки,college,Колледж СГПИ филиал в г. Ессентуки Колледж Ставропольского государственного педагогического института филиал в г. Ессентуки
RU,Россия,Ессентуки,college,"Частный ЕКУБиП Ессентукский колледж управления, бизнеса и права"
RU,Россия,Ессентуки,college,"Частный КЭСП Колледж экономики, сервиса и предпринимательства"
RU,Россия,Ессентуки,college,Частный ММК Межрегиональный медицинский колледж
RU,Россия,Ессентуки,college,Частный СКФЭТ Северо-Кавказский финансово-энергетический техникум
RU,Россия,Ессентуки,college,Частный Ставропольский кооперативный техникум в г. Ессентуки Ставропольский кооперативный техникум в г. Ессентуки
RU,Россия,Ессентуки,general,Средняя общеобразовательная школа №12
RU,Россия,Ессентуки,general,Средняя школа №1
RU,Россия,Ессентуки,general,Средняя школа №10
RU,Россия,Ессентуки,general,Средняя школа №11
RU,Россия,Ессентуки,general,Средняя школа №2
RU,Россия,Ессентуки,general,Средняя школа №3
RU,Россия,Ессентуки,general,Средняя школа №4
RU,Россия,Ессентуки,general,Средняя школа №5
RU,Россия,Ессентуки,general,Средняя школа №7
RU,Россия,Ессентуки,general,Средняя школа №8
RU,Россия,Ессентуки,general,Средняя школа №9
RU,Россия,Ефремов,college,Ефремовский филиал ФГБОУ ВО РязГМУ Минздрава России Ефремовский филиал «Рязанский государственный медицинский университет имени академика И.П
RU,Россия,Ефремов,college,ЕХТТ Ефремовский химико-технологический техникум
RU,Россия,Ефремов,general,Гимназия
RU,Россия,Ефремов,general,Ефремовский физико-математический лицей
RU,Россия,Ефремов,general,Средняя образовательная школа № 7
RU,Россия,Ефремов,general,Средняя школа № 1
RU,Россия,Ефремов,general,Средняя школа № 10
RU,Россия,Ефремов,general,Средняя школа № 3 имени О.А. Морозова
RU,Россия,Ефремов,general,Средняя школа № 6
RU,Россия,Ефремов,general,Средняя школа № 9
RU,Россия,Железногорск (Красноярский край),general,Железногорская школа №1
RU,Россия,Железногорск (Красноярский край),general,Средняя школа №100
RU,Россия,Железногорск (Красноярский край),general,Средняя школа №101
RU,Россия,Железногорск (Красноярский край),general,Средняя школа №106
RU,Россия,Железногорск (Красноярский край),general,Средняя школа №90
RU,Россия,Железногорск (Красноярский край),general,Средняя школа №93
RU,Россия,Железногорск (Красноярский край),general,Средняя школа №95
RU,Россия,Железногорск (Красноярский край),general,Средняя школа №97
RU,Россия,Железногорск (Красноярский край),general,Средняя школа №98
RU,Россия,Железногорск (Курская обл.),general,Гимназия № 1
RU,Россия,Железногорск (Курская обл.),general,Гимназия № 10
RU,Россия,Железногорск (Курская обл.),general,Железногорская школа №1
RU,Россия,Железногорск (Курская обл.),general,Лицей № 12
RU,Россия,Железногорск (Курская обл.),general,Лицей № 5
RU,Россия,Железногорск (Курская обл.),general,Средняя общеобразовательная школа № 11 с углубленным изучением отдельных предметов
RU,Россия,Железногорск (Курская обл.),general,Средняя общеобразовательная школа № 13
RU,Россия,Железногорск (Курская обл.),general,Средняя общеобразовательная школа № 3
RU,Россия,Железногорск (Курская обл.),general,Средняя общеобразовательная школа № 4
RU,Россия,Железногорск (Курская обл.),general,Средняя общеобразовательная школа № 6
RU,Россия,Железногорск (Курская обл.),general,Средняя общеобразовательная школа № 7
RU,Россия,Железногорск (Курская обл.),general,Средняя общеобразовательная школа № 8
RU,Россия,Железногорск (Курская обл.),general,Средняя общеобразовательная школа № 9 им. К.К. Рокоссовского
RU,Россия,Железногорск (Курская обл.),general,Средняя школа №100
RU,Россия,Железногорск (Курская обл.),general,Средняя школа №101
RU,Россия,Железногорск (Курская обл.),general,Средняя школа №106
RU,Россия,Железногорск (Курская обл.),general,Средняя школа №90
RU,Россия,Железногорск (Курская обл.),general,Средняя школа №93
RU,Россия,Железногорск (Курская обл.),general,Средняя школа №95
RU,Россия,Железногорск (Курская обл.),general,Средняя школа №97
RU,Россия,Железногорск (Курская обл.),general,Средняя школа №98
RU,Россия,Жигулевск,boarding,Школа-интернат №2
RU,Россия,Жигулевск,general,ГБОУ Лицей № 16 Г.жигулевска
RU,Россия,Жигулевск,general,ГБОУ ООШ № 3
RU,Россия,Жигулевск,general,ГБОУ ООШ № 9
RU,Россия,Жигулевск,general,Основная школа №3
RU,Россия,Жигулевск,general,Основная школа №9
RU,Россия,Жигулевск,general,Средняя школа №10
RU,Россия,Жигулевск,general,Средняя школа №13
RU,Россия,Жигулевск,general,Средняя школа №14
RU,Россия,Жигулевск,general,Средняя школа №6
RU,Россия,Жигулевск,general,Средняя школа №7
RU,Россия,Жигулевск,general,Школа-интернат № 2 для обучающихся с ограниченными возможностями здоровья городского округа Жигулевск
RU,Россия,Жуковский,boarding,Школа-интернат
RU,Россия,Жуковский,college,АТ им. В.А. Казакова Авиационный техникум имени В.А. Казакова
RU,Россия,Жуковский,college,Частный Колледж Академия ТОП Жуковский Филиал колледжа «Академия ТОП Жуковский»
RU,Россия,Жуковский,college,Частный ПАПК Первый академический профессиональный колледж
RU,Россия,Жуковский,general,МОУ ООШ № 9
RU,Россия,Жуковский,general,Свободная школа
RU,Россия,Жуковский,general,Средняя общеобразовательная школа №2
RU,Россия,Жуковский,general,Средняя школа №10
RU,Россия,Жуковский,general,Средняя школа №11
RU,Россия,Жуковский,general,Средняя школа №12
RU,Россия,Жуковский,general,Средняя школа №13
RU,Россия,Жуковский,general,Средняя школа №15
RU,Россия,Жуковский,general,Средняя школа №3
RU,Россия,Жуковский,general,Средняя школа №5
RU,Россия,Жуковский,general,Средняя школа №6
RU,Россия,Жуковский,general,Средняя школа №7
RU,Россия,Жуковский,general,Средняя школа №8
RU,Россия,Жуковский,general,Средняя школа №9
RU,Россия,Жуковский,general,Умная школа
RU,Россия,Заинск,general,Заинская основная общеобразовательная школа № 1
RU,Россия,Заинск,general,Заинская основная общеобразовательная школа № 5
RU,Россия,Заинск,general,Заинская средняя общеобразовательная школа № 3
RU,Россия,Заинск,general,Заинская средняя общеобразовательная школа № 4
RU,Россия,Заинск,general,Заинская средняя общеобразовательная школа № 6
RU,Россия,Заинск,general,Заинская средняя общеобразовательная школа № 7 с углубленным изучением отдельных предметов
RU,Россия,Заинск,general,Заинская школа № 9 для детей с ограниченными возможностями здоровья
RU,Россия,Зеленодольск,general,Гимназия № 10 Зеленодольского муниципального района Республики Татарстан
RU,Россия,Зеленодольск,general,Гимназия № 3 Зеленодольского муниципального района Республики Татарстан
RU,Россия,Зеленодольск,general,Гимназия № 5 Зеленодольского муниципального района Республики Татарстан
RU,Россия,Зеленодольск,general,Зеленодольская школа № 2 для детей с ограниченными возможностями здоровья
RU,Россия,Зеленодольск,general,Зеленодольская школа №2
RU,Россия,Зеленодольск,general,Лицей № 1 Зеленодольского муниципального района Республики Татарстан
RU,Россия,Зеленодольск,general,Лицей № 14
RU,Россия,Зеленодольск,general,Лицей № 9 имени А.С. Пушкина Зеленодольского муниципального района Республики Татарстан
RU,Россия,Зеленодольск,general,Основная общеобразовательная школа № 17 Зеленодольского муниципального района Республики Татарстан
RU,Россия,Зеленодольск,general,Основная школа №17
RU,Россия,Зеленодольск,general,Средняя общеобразовательная школа № 11 с углублённым изучением отдельных предметов Зеленодольского муниципального района Республики Татарстан
RU,Россия,Зеленодольск,general,Средняя общеобразовательная школа № 15 с углубленным изучением отдельных предметов Зеленодольского муниципального района Республики Татарстан
RU,Россия,Зеленодольск,general,Средняя общеобразовательная школа № 16 с углубленным изучением отдельных предметов Зеленодольского муниципального района Республики Татарстан
RU,Россия,Зеленодольск,general,Средняя общеобразовательная школа № 4 Зеленодольского муниципального района Республики Татарстан
RU,Россия,Зеленодольск,general,Средняя общеобразовательная школа № 7 Зеленодольского муниципального района Республики Татарстан
RU,Россия,Зеленодольск,general,Средняя школа №11
RU,Россия,Зеленодольск,general,Средняя школа №15
RU,Россия,Зеленодольск,general,Средняя школа №16
RU,Россия,Зеленодольск,general,Средняя школа №4
RU,Россия,Зеленодольск,general,Средняя школа №7
RU,Россия,Златоуст,college,ЗлатИК Златоустовский индустриальный колледж им. П.П. Аносова
RU,Россия,Златоуст,college,ЗМК Златоустовский медицинский техникум
RU,Россия,Златоуст,college,ЗМТК УрГУПС Златоустовский медико-технологический колледж филиал «Уральский государственный университе
RU,Россия,Златоуст,college,ЗПК Златоустовский педагогический колледж
RU,Россия,Златоуст,college,ЗТТЭ Златоустовский техникум технологий и экономики
RU,Россия,Златоуст,college,"Частный Колледж Академия ТОП Златоуст Приемная комиссия АНО ПОО Московский международный колледж цифровых технологий ""Академия Т"
RU,Россия,Златоуст,general,Златоустовская основная школа
RU,Россия,Златоуст,general,Основная школа №12
RU,Россия,Златоуст,general,Основная школа №17
RU,Россия,Златоуст,general,Основная школа №19
RU,Россия,Златоуст,general,Основная школа №23
RU,Россия,Златоуст,general,Основная школа №41
RU,Россия,Златоуст,general,Основная школа №5
RU,Россия,Златоуст,general,Основная школа №77
RU,Россия,Златоуст,general,Средняя общеобразовательная школа №1 им. Ю.А. Гагарина
RU,Россия,Златоуст,general,Средняя школа №10
RU,Россия,Златоуст,general,Средняя школа №15
RU,Россия,Златоуст,general,Средняя школа №18
RU,Россия,Златоуст,general,Средняя школа №2
RU,Россия,Златоуст,general,Средняя школа №20
RU,Россия,Златоуст,general,Средняя школа №21
RU,Россия,Златоуст,general,Средняя школа №25
RU,Россия,Златоуст,general,Средняя школа №3
RU,Россия,Златоуст,general,Средняя школа №34
RU,Россия,Златоуст,general,Средняя школа №35
RU,Россия,Златоуст,general,Средняя школа №36
RU,Россия,Златоуст,general,Средняя школа №37
RU,Россия,Златоуст,general,Средняя школа №38
RU,Россия,Златоуст,general,Средняя школа №4
RU,Россия,Златоуст,general,Средняя школа №45
RU,Россия,Златоуст,general,Средняя школа №8
RU,Россия,Златоуст,general,Средняя школа №9
RU,Россия,Златоуст,general,Средняя школа №90
RU,Россия,Златоуст,general,Школа №29
RU,Россия,Иваново,boarding,Ивановская коррекционная школа-интернат №1
RU,Россия,Иваново,boarding,Ивановская коррекционная школа-интернат №3
RU,Россия,Иваново,boarding,Ивановская школа-интернат №2
RU,Россия,Иваново,college,Ивановский автотранспортный колледж
RU,Россия,Иваново,college,Ивановский филиал РЭУ им. Г.В. Плеханова​ Ивановский филиал Российского экономического университета имени Г.В. Плеханова
RU,Россия,Иваново,college,ИВКК Ивановский колледж культуры
RU,Россия,Иваново,college,ИвМУ Ивановское музыкальное училище (колледж)
RU,Россия,Иваново,college,ИВПЭК Ивановский промышленно-экономический колледж
RU,Россия,Иваново,college,ИвРТТИ Ивановский радиотехнический техникум-интернат
RU,Россия,Иваново,college,ИЖК Ивановский железнодорожный колледж
RU,Россия,Иваново,college,ИКЛП Ивановский колледж легкой промышленности
RU,Россия,Иваново,college,ИКПП Ивановский колледж пищевой промышленности
RU,Россия,Иваново,college,ИКСУ Ивановский колледж сферы услуг
RU,Россия,Иваново,college,ИПК им. Д.А. Фурманова Ивановский педагогический колледж им. Д.А. Фурманова
RU,Россия,Иваново,college,ИПСА ГПС МЧС Ивановская пожарно-спасательная академия ГПС МЧС России
RU,Россия,Иваново,college,ИТК Ивановский технический колледж
RU,Россия,Иваново,college,ИХУ им. М.И. Малютина Ивановское художественное училище им. М.И. Малютина
RU,Россия,Иваново,college,ИЭК Ивановский энергетический колледж
RU,Россия,Иваново,college,Колледж ИВГПУ Ивановский политехнический колледж
RU,Россия,Иваново,college,КРЭУ Колледж Российский экономический университет им. Г.В. Плеханова
RU,Россия,Иваново,college,МК ИГЭУ Машиностроительный колледж Ивановский государственный энергетический университет им. В.И
RU,Россия,Иваново,college,ПКБиТ Плёсский колледж бизнеса и туризма
RU,Россия,Иваново,college,ПХУ Палехское художественное училище
RU,Россия,Иваново,college,Частный ИКТ Ивановский кооперативный техникум
RU,Россия,Иваново,college,Частный ИКУиП Ивановский колледж управления и права
RU,Россия,Иваново,college,Частный ИФК Ивановский фармакологический колледж
RU,Россия,Иваново,general,Богданихская средняя школа
RU,Россия,Иваново,general,Богородская средняя школа
RU,Россия,Иваново,general,Иваново-Эсинская СОШ
RU,Россия,Иваново,general,Ивановская коррекционная школа №1
RU,Россия,Иваново,general,Ивановская коррекционная школа №2
RU,Россия,Иваново,general,Ивановская коррекционная школа №3
RU,Россия,Иваново,general,Коляновская средняя школа
RU,Россия,Иваново,general,Коррекционная школа
RU,Россия,Иваново,general,Куликовская средняя школа
RU,Россия,Иваново,general,Новая школа
RU,Россия,Иваново,general,Новоталицкая средняя школа
RU,Россия,Иваново,general,Подвязновская средняя школа
RU,Россия,Иваново,general,Православная средняя школа Феодоровской иконы Божией Матери
RU,Россия,Иваново,general,Средняя школа №1
RU,Россия,Иваново,general,Средняя школа №11
RU,Россия,Иваново,general,Средняя школа №14
RU,Россия,Иваново,general,Средняя школа №15
RU,Россия,Иваново,general,Средняя школа №17
RU,Россия,Иваново,general,Средняя школа №18
RU,Россия,Иваново,general,Средняя школа №19
RU,Россия,Иваново,general,Средняя школа №2
RU,Россия,Иваново,general,Средняя школа №20
RU,Россия,Иваново,general,Средняя школа №24
RU,Россия,Иваново,general,Средняя школа №26
RU,Россия,Иваново,general,Средняя школа №28
RU,Россия,Иваново,general,Средняя школа №29
RU,Россия,Иваново,general,Средняя школа №35
RU,Россия,Иваново,general,Средняя школа №37
RU,Россия,Иваново,general,Средняя школа №39
RU,Россия,Иваново,general,Средняя школа №4
RU,Россия,Иваново,general,Средняя школа №41
RU,Россия,Иваново,general,Средняя школа №42
RU,Россия,Иваново,general,Средняя школа №43
RU,Россия,Иваново,general,Средняя школа №49
RU,Россия,Иваново,general,Средняя школа №5
RU,Россия,Иваново,general,Средняя школа №50
RU,Россия,Иваново,general,Средняя школа №53
RU,Россия,Иваново,general,Средняя школа №54
RU,Россия,Иваново,general,Средняя школа №55
RU,Россия,Иваново,general,Средняя школа №56
RU,Россия,Иваново,general,Средняя школа №58
RU,Россия,Иваново,general,Средняя школа №61
RU,Россия,Иваново,general,Средняя школа №62
RU,Россия,Иваново,general,Средняя школа №63
RU,Россия,Иваново,general,Средняя школа №64
RU,Россия,Иваново,general,Средняя школа №65
RU,Россия,Иваново,general,Средняя школа №66
RU,Россия,Иваново,general,Средняя школа №68
RU,Россия,Иваново,general,Средняя школа №7
RU,Россия,Иваново,general,Средняя школа №8
RU,Россия,Иваново,general,Средняя школа №9
RU,Россия,Иваново,general,Чернореченская средняя школа
RU,Россия,Ивантеевка,general,Гимназия № 3
RU,Россия,Ивантеевка,general,Гимназия № 6
RU,Россия,Ижевск,boarding,Завьяловская школа-интернат
RU,Россия,Ижевск,boarding,Соколовская школа-интернат
RU,Россия,Ижевск,boarding,Школа-интернат №15 для детей с ограниченными возможностями здоровья
RU,Россия,Ижевск,college,ИАСТ Ижевский агростроительный техникум
RU,Россия,Ижевск,college,ИАТ Ижевский автотранспортный техникум
RU,Россия,Ижевск,college,ИИТ им. Е. Ф. Драгунова Ижевский индустриальный техникум имени Е.Ф. Драгунова
RU,Россия,Ижевск,college,ИМТ Ижевский монтажный техникум
RU,Россия,Ижевск,college,ИМТ им. С.Н. Борина Ижевский машиностроительный техникум им. С.Н. Борина
RU,Россия,Ижевск,college,ИНПО ИжГТУ Институт непрерывного профессионального образования Ижевского государственного техническог
RU,Россия,Ижевск,college,ИПК Ижевский политехнический колледж
RU,Россия,Ижевск,college,ИТЖТ - филиал ПривГУПС Ижевский техникум железнодорожного транспорта - филиал Приволжского государственного униве
RU,Россия,Ижевск,college,ИТИТ Ижевский техникум индустрии питания
RU,Россия,Ижевск,college,ИТЭТ Ижевский торгово-экономический техникум
RU,Россия,Ижевск,college,Колледж УдГУ Многопрофильный колледж профессионального образования Удмуртского государственного универс
RU,Россия,Ижевск,college,РМК МЗ УР Республиканский медицинский колледж им. Пушиной МЗ УР
RU,Россия,Ижевск,college,РМТ им. В.А. Шутова Радиомеханический техникум имени В. А. Шутова
RU,Россия,Ижевск,college,ТЭК Топливно-энергетический колледж
RU,Россия,Ижевск,college,УРКК Удмуртский республиканский колледж культуры
RU,Россия,Ижевск,college,УРСПК Удмуртский республиканский социально-педагогический колледж
RU,Россия,Ижевск,college,Частный ИПЭК Ижевский промышленно-экономический колледж
RU,Россия,Ижевск,college,"Частный ИТЭУП Ижевский техникум экономики, управления и права Удмуртпотребсоюза"
RU,Россия,Ижевск,college,Частный ИФЮК Ижевский финансово-юридический колледж
RU,Россия,Ижевск,college,Частный КГиМС Колледж государственной и муниципальной службы
RU,Россия,Ижевск,college,Частный МВЕК МВЕУ Международный Восточно-Европейский колледж Международного Восточно-Европейского университе
RU,Россия,Ижевск,college,Частный РМК Республиканский музыкальный колледж
RU,Россия,Ижевск,college,Частный ТРИТ имени А. В. Воскресенского Техникум радиоэлектроники и информационных технологий имени Александра Васильевича Воскрес
RU,Россия,Ижевск,college,Ярский политехникум Ярский политехникум
RU,Россия,Ижевск,general,Армязьская средняя школа
RU,Россия,Ижевск,general,Бабинская средняя школа
RU,Россия,Ижевск,general,Балакинская основная школа
RU,Россия,Ижевск,general,Беркутовская основная общеобразовательная школа
RU,Россия,Ижевск,general,Болгуринская средняя общеобразовательная школа
RU,Россия,Ижевск,general,Борковская основная общеобразовательная школа
RU,Россия,Ижевск,general,Верхнепозимская средняя школа
RU,Россия,Ижевск,general,Вечерняя (сменная) общеобразовательная школа № 6
RU,Россия,Ижевск,general,Вечерняя школа №3
RU,Россия,Ижевск,general,Вечерняя школа №6
RU,Россия,Ижевск,general,Волковская средняя общеобразовательная школа
RU,Россия,Ижевск,general,Галановская средняя школа
RU,Россия,Ижевск,general,"ГБОУ УР ""эмли № 29"""
RU,Россия,Ижевск,general,Гольянская средняя школа
RU,Россия,Ижевск,general,Дулесовская основная школа
RU,Россия,Ижевск,general,Ершовская средняя школа
RU,Россия,Ижевск,general,Завьяловская средняя школа
RU,Россия,Ижевск,general,Ижевский естественно-гуманитарный лицей «Школа-30»
RU,Россия,Ижевск,general,Италмасовская средняя школа
RU,Россия,Ижевск,general,Июльская средняя школа
RU,Россия,Ижевск,general,Казмасская средняя школа
RU,Россия,Ижевск,general,Каменская средняя школа
RU,Россия,Ижевск,general,Камская основная школа
RU,Россия,Ижевск,general,Камская средняя общеобразовательная школа
RU,Россия,Ижевск,general,Кварсинская средняя общеобразовательная школа им. Героя Советского Союза И.П. Фонарева
RU,Россия,Ижевск,general,Кекоранская средняя общеобразовательная школа
RU,Россия,Ижевск,general,Кигбаевская средняя школа
RU,Россия,Ижевск,general,Кукуевская средняя общеобразовательная школа
RU,Россия,Ижевск,general,Лингвистический лицей № 25
RU,Россия,Ижевск,general,Лицей № 41
RU,Россия,Ижевск,general,Лудорвайская средняя школа
RU,Россия,Ижевск,general,Мазунинская средняя школа
RU,Россия,Ижевск,general,Начальная школа
RU,Россия,Ижевск,general,Нечкинская средняя школа
RU,Россия,Ижевск,general,Октябрьская средняя школа
RU,Россия,Ижевск,general,Основная школа №94
RU,Россия,Ижевск,general,Первомайская средняя школа
RU,Россия,Ижевск,general,Перевозинская средняя общеобразовательная школа
RU,Россия,Ижевск,general,Пихтовская основная общеобразовательная школа
RU,Россия,Ижевск,general,Подшиваловская средняя школа
RU,Россия,Ижевск,general,Селычинская средняя общеобразовательная школа
RU,Россия,Ижевск,general,Сигаевская средняя школа
RU,Россия,Ижевск,general,Совхозная средняя школа
RU,Россия,Ижевск,general,Средняя общеобразовательная школа № 16
RU,Россия,Ижевск,general,Средняя общеобразовательная школа № 49
RU,Россия,Ижевск,general,Средняя общеобразовательная школа № 74
RU,Россия,Ижевск,general,Средняя общеобразовательная школа №50
RU,Россия,Ижевск,general,Средняя школа
RU,Россия,Ижевск,general,Средняя школа №10
RU,Россия,Ижевск,general,Средняя школа №100
RU,Россия,Ижевск,general,Средняя школа №11
RU,Россия,Ижевск,general,Средняя школа №12
RU,Россия,Ижевск,general,Средняя школа №17
RU,Россия,Ижевск,general,Средняя школа №18
RU,Россия,Ижевск,general,Средняя школа №19
RU,Россия,Ижевск,general,Средняя школа №20
RU,Россия,Ижевск,general,Средняя школа №26
RU,Россия,Ижевск,general,Средняя школа №27
RU,Россия,Ижевск,general,Средняя школа №28
RU,Россия,Ижевск,general,Средняя школа №31
RU,Россия,Ижевск,general,Средняя школа №32
RU,Россия,Ижевск,general,Средняя школа №34
RU,Россия,Ижевск,general,Средняя школа №35
RU,Россия,Ижевск,general,Средняя школа №40
RU,Россия,Ижевск,general,Средняя школа №42
RU,Россия,Ижевск,general,Средняя школа №46
RU,Россия,Ижевск,general,Средняя школа №48
RU,Россия,Ижевск,general,Средняя школа №5
RU,Россия,Ижевск,general,Средняя школа №51
RU,Россия,Ижевск,general,Средняя школа №52
RU,Россия,Ижевск,general,Средняя школа №53
RU,Россия,Ижевск,general,Средняя школа №54
RU,Россия,Ижевск,general,Средняя школа №55
RU,Россия,Ижевск,general,Средняя школа №57
RU,Россия,Ижевск,general,Средняя школа №58
RU,Россия,Ижевск,general,Средняя школа №59
RU,Россия,Ижевск,general,Средняя школа №60
RU,Россия,Ижевск,general,Средняя школа №62
RU,Россия,Ижевск,general,Средняя школа №63
RU,Россия,Ижевск,general,Средняя школа №64
RU,Россия,Ижевск,general,Средняя школа №67
RU,Россия,Ижевск,general,Средняя школа №68
RU,Россия,Ижевск,general,Средняя школа №69
RU,Россия,Ижевск,general,Средняя школа №7
RU,Россия,Ижевск,general,Средняя школа №70
RU,Россия,Ижевск,general,Средняя школа №71
RU,Россия,Ижевск,general,Средняя школа №72
RU,Россия,Ижевск,general,Средняя школа №73
RU,Россия,Ижевск,general,Средняя школа №77
RU,Россия,Ижевск,general,Средняя школа №78
RU,Россия,Ижевск,general,Средняя школа №8
RU,Россия,Ижевск,general,Средняя школа №80
RU,Россия,Ижевск,general,Средняя школа №81
RU,Россия,Ижевск,general,Средняя школа №84
RU,Россия,Ижевск,general,Средняя школа №85
RU,Россия,Ижевск,general,Средняя школа №87
RU,Россия,Ижевск,general,Средняя школа №88
RU,Россия,Ижевск,general,Средняя школа №89
RU,Россия,Ижевск,general,Средняя школа №9
RU,Россия,Ижевск,general,Средняя школа №90
RU,Россия,Ижевск,general,Средняя школа №91
RU,Россия,Ижевск,general,Средняя школа №93
RU,Россия,Ижевск,general,Старозятцинская средняя общеобразовательная школа
RU,Россия,Ижевск,general,Строящаяся школа
RU,Россия,Ижевск,general,Сюровайская Школа — Сад
RU,Россия,Ижевск,general,Тарасовская общая школа
RU,Россия,Ижевск,general,Узинская основная общеобразовательная школа
RU,Россия,Ижевск,general,Уральская средняя школа
RU,Россия,Ижевск,general,Усть-Сарапульская основная школа
RU,Россия,Ижевск,general,Хохряковская средняя школа
RU,Россия,Ижевск,general,Чернушинская средняя школа
RU,Россия,Ижевск,general,Чуровская средняя общеобразовательная школа
RU,Россия,Ижевск,general,Шабердинская средняя школа
RU,Россия,Ижевск,general,Шевыряловская основная общеобразовательная школа имени Д. В. Русинова
RU,Россия,Ижевск,general,Школа
RU,Россия,Ижевск,general,Школа безопасности имени героя Советского Союза Блинова П.Ф
RU,Россия,Ижевск,general,Школа-интернат № 13
RU,Россия,Ижевск,general,Школа-интернат № 15
RU,Россия,Ижевск,general,Школа кадетского движения
RU,Россия,Ижевск,general,Школа кадетского движения города Ижевска
RU,Россия,Ижевск,general,"Школа № 101 для обучающихся, воспитанников с нарушениями опорно-двигательного аппарата"
RU,Россия,Ижевск,general,Школа № 23
RU,Россия,Ижевск,general,Школа № 256 для детей с нарушением зрения
RU,Россия,Ижевск,general,Школа № 39
RU,Россия,Ижевск,general,Школа № 4 для детей с ограниченными возможностями здоровья
RU,Россия,Ижевск,general,Школа № 47 для детей с ограниченными возможностями здоровья
RU,Россия,Ижевск,general,Школа № 75
RU,Россия,Ижевск,general,Школа № 79 для детей с ограниченными возможностями здоровья
RU,Россия,Ижевск,general,Школа № 92 для обучающихся с ограниченными возможностями здоровья
RU,Россия,Ижевск,general,Школа №101
RU,Россия,Ижевск,general,Школа №256
RU,Россия,Ижевск,general,Школа №4
RU,Россия,Ижевск,general,Школа №47
RU,Россия,Ижевск,general,Школа №79
RU,Россия,Ижевск,general,Шольинская средняя школа
RU,Россия,Ижевск,general,Юбилейная средняя школа
RU,Россия,Ижевск,general,Юськинская средняя школа
RU,Россия,Ижевск,general,Ягульская средняя школа
RU,Россия,Ижевск,general,Якшур-Бодьинская вечерняя (сменная) общеобразовательная школа
RU,Россия,Ижевск,general,Якшур-Бодьинская средняя общеобразовательная школа
RU,Россия,Ижевск,general,Якшурская cредняя школа
RU,Россия,Ижевск,university,Глазовский государственный инженерно-педагогический университет имени В.Г. Короленко — филиал в г. Ижевск
RU,Россия,Ижевск,university,Ижевская государственная медицинская академия
RU,Россия,Ижевск,university,Ижевский государственный технический университет имени М.Т. Калашникова
RU,Россия,Ижевск,university,Ижевский институт (филиал)
RU,Россия,Ижевск,university,Ижевский филиал — Российский университет кооперации
RU,Россия,Ижевск,university,Институт государственной службы
RU,Россия,Ижевск,university,Камский инженерно- технологический Университет
RU,Россия,Ижевск,university,Удмуртский государственный университет
RU,Россия,Избербаш,college,Избербашский филиал ЧРТ Избербашский филиал Челябинского радиотехнического техникума
RU,Россия,Избербаш,college,Филиал ДБМК им. Р.П.Аскерханова в г.Избербаше Филиал Дагестанского базового медицинского колледжа им. Р.П.Аскерханова в г.Избербаше
RU,Россия,Избербаш,general,Средняя общеобразовательная школа №1
RU,Россия,Избербаш,general,Средняя общеобразовательная школа №10
RU,Россия,Избербаш,general,Средняя общеобразовательная школа №11
RU,Россия,Избербаш,general,Средняя общеобразовательная школа №12
RU,Россия,Избербаш,general,Средняя Общеобразовательная Школа №3
RU,Россия,Избербаш,general,Средняя общеобразовательная школа №8
RU,Россия,Избербаш,general,Средняя школа №2
RU,Россия,Иркутск,boarding,Коррекционная школа-интернат №20
RU,Россия,Иркутск,boarding,Коррекционная школа-интернат №8
RU,Россия,Иркутск,boarding,Коррекционная школа-интернат №9
RU,Россия,Иркутск,college,ГТ ИРНИТУ Геологоразведочный техникум Иркутского национального исследовательского технического униве
RU,Россия,Иркутск,college,ГУОР г. Иркутска Государственное училище (колледж) олимпийского резерва г. Иркутска
RU,Россия,Иркутск,college,Жигаловский филиал БАТТ Жигаловский филиал Балаганского аграрно-технологического техникума
RU,Россия,Иркутск,college,ИАТ Иркутский аграрный техникум
RU,Россия,Иркутск,college,ИГМТ Иркутский гидрометеорологический техникум
RU,Россия,Иркутск,college,ИКАТиДС Иркутский колледж автомобильного транспорта и дорожного строительства
RU,Россия,Иркутск,college,ИКАТиДС филиал в п. Магистральный Иркутский колледж автомобильного транспорта и дорожного строительства филиал в п. Магистра
RU,Россия,Иркутск,college,ИКАТиДС филиал в п. Улькан Иркутский колледж автомобильного транспорта и дорожного строительства филиал в п. Улькан
RU,Россия,Иркутск,college,"ИКЭСТ Иркутский колледж экономики, сервиса и туризма"
RU,Россия,Иркутск,college,ИОКК Иркутский областной колледж культуры
RU,Россия,Иркутск,college,ИОМК им. Ф.Шопена Иркутский областной музыкальный колледж имени Ф. Шопена
RU,Россия,Иркутск,college,ИОХК им. И.Л. Копылова Иркутский областной художественный колледж им. И.Л. Копылова
RU,Россия,Иркутск,college,ИРКПО Иркутский региональный колледж педагогического образования
RU,Россия,Иркутск,college,Иркутский филиал ВГИК Иркутский филиал Всероссийского государственного университета кинематографии имени С.А. Ге
RU,Россия,Иркутск,college,ИРТ Иркутский реабилитационный техникум
RU,Россия,Иркутск,college,ИрТРиАТ Иркутский техникум речного и автомобильного транспорта
RU,Россия,Иркутск,college,ИТАМ Иркутский техникум авиастроения и материалообработки
RU,Россия,Иркутск,college,ИТАС Иркутский техникум архитектуры и строительства
RU,Россия,Иркутск,college,ИТМ им. Н.П. Трапезникова Иркутский техникум машиностроения им. Н.П. Трапезникова
RU,Россия,Иркутск,college,ИТТриС Иркутский техникум транспорта и строительства
RU,Россия,Иркутск,college,ИТУ Иркутское театральное училище
RU,Россия,Иркутск,college,ИЭК Иркутский энергетический колледж
RU,Россия,Иркутск,college,КАТиА Иркутский ГАУ Колледж автомобильного транспорта и агротехнологий Иркутского государственного аграрного у
RU,Россия,Иркутск,college,Качугский филиал БАТТ Качугский филиал Балаганского аграрно-технологического техникума
RU,Россия,Иркутск,college,Колледж БГУ Колледж Байкальского государственного университета
RU,Россия,Иркутск,college,МК ИНИТУ Машиностроительный колледж Иркутского национального исследовательского технического универ
RU,Россия,Иркутск,college,СКТиС Сибирский колледж транспорта и строительства Иркутского государственного университета путе
RU,Россия,Иркутск,college,УМК им. Шобогорова М.Ш. Усть-Ордынский медицинский колледж им. Шобогорова М.Ш
RU,Россия,Иркутск,college,УОАТ Усть-Ордынский аграрный техникум
RU,Россия,Иркутск,college,Филиал Кимильтей ХТТ г. Саянска Филиал Кимильтей Химико-технологического техникума г. Саянска
RU,Россия,Иркутск,college,Частный ИТЭП Иркутский техникум экономики и права
RU,Россия,Иркутск,college,Частный МКЖТ - филиал ИрГУПС Медицинский колледж железнодорожного транспорта - филиал Иркутский государственный универс
RU,Россия,Иркутск,college,Частный РАЭПК Русско-азиатский экономико-правовой колледж
RU,Россия,Иркутск,general,Easy-гимназия
RU,Россия,Иркутск,general,Баяндаевская средняя школа
RU,Россия,Иркутск,general,Биликтуйская основная школа
RU,Россия,Иркутск,general,Бозойская средняя школа
RU,Россия,Иркутск,general,Большеголоустненская основная школа
RU,Россия,Иркутск,general,Большееланская средняя школа
RU,Россия,Иркутск,general,Большелугская средняя школа №8
RU,Россия,Иркутск,general,Большереченская средняя школа
RU,Россия,Иркутск,general,Бугульдейская средняя школа
RU,Россия,Иркутск,general,Булусинская средняя школа
RU,Россия,Иркутск,general,Бургазская начальная школа
RU,Россия,Иркутск,general,Бутырская средняя школа
RU,Россия,Иркутск,general,Вечерняя школа №1
RU,Россия,Иркутск,general,Выше-Таловская начальная школа
RU,Россия,Иркутск,general,Галкинская начальная школа
RU,Россия,Иркутск,general,"ГОБУ ""скши № 9 Г. Иркутска"""
RU,Россия,Иркутск,general,Горячеключевская средняя школа
RU,Россия,Иркутск,general,Грановская средняя школа
RU,Россия,Иркутск,general,Дзержинская средняя школа
RU,Россия,Иркутск,general,Дошкольное отделение
RU,Россия,Иркутск,general,Еланцынская средняя школа
RU,Россия,Иркутск,general,Загатуйская средняя школа
RU,Россия,Иркутск,general,Захальская средняя школа
RU,Россия,Иркутск,general,Иркутская вальдорфская школа
RU,Россия,Иркутск,general,Капсальская средняя школа
RU,Россия,Иркутск,general,Карлукская средняя школа
RU,Россия,Иркутск,general,Коррекционная школа №1
RU,Россия,Иркутск,general,Коррекционная школа №11
RU,Россия,Иркутск,general,Коррекционная школа №12
RU,Россия,Иркутск,general,Коррекционная школа №14
RU,Россия,Иркутск,general,Коррекционная школа №3
RU,Россия,Иркутск,general,Коррекционная школа №4
RU,Россия,Иркутск,general,Коррекционная школа №5
RU,Россия,Иркутск,general,Коррекционная школа №6
RU,Россия,Иркутск,general,Коррекционная школа №7
RU,Россия,Иркутск,general,Корсукская средняя школа
RU,Россия,Иркутск,general,Кудинская средняя школа
RU,Россия,Иркутск,general,Кулункунская начальная школа
RU,Россия,Иркутск,general,Куретская средняя школа
RU,Россия,Иркутск,general,Листвянская средняя школа
RU,Россия,Иркутск,general,Люрская средняя школа
RU,Россия,Иркутск,general,Максимовская средняя школа
RU,Россия,Иркутск,general,Малоголоустненская средняя школа
RU,Россия,Иркутск,general,Мамоновская средняя школа
RU,Россия,Иркутск,general,МАОУ Г. Иркутска СОШ № 69
RU,Россия,Иркутск,general,Марковская средняя школа
RU,Россия,Иркутск,general,Марковская средняя школа №2
RU,Россия,Иркутск,general,МБОУ Г. Иркутска Гимназия № 3
RU,Россия,Иркутск,general,МБОУ Г. Иркутска СОШ № 15
RU,Россия,Иркутск,general,МБОУ Г.иркутска СОШ № 31
RU,Россия,Иркутск,general,МБОУ Г.иркутска СОШ № 32
RU,Россия,Иркутск,general,МБОУ Г. Иркутска СОШ № 66
RU,Россия,Иркутск,general,МБОУ Гимназия № 25 Г. Иркутска
RU,Россия,Иркутск,general,Мегетская средняя школа
RU,Россия,Иркутск,general,Начальная школа
RU,Россия,Иркутск,general,Начальная школа №52
RU,Россия,Иркутск,general,Никольская средняя школа
RU,Россия,Иркутск,general,Оекская средняя школа
RU,Россия,Иркутск,general,Олойская средняя школа
RU,Россия,Иркутск,general,Ользоновская средняя школа
RU,Россия,Иркутск,general,Онгурейская средняя школа
RU,Россия,Иркутск,general,Основная школа №11
RU,Россия,Иркутск,general,Основная школа №68
RU,Россия,Иркутск,general,Основная школа №8
RU,Россия,Иркутск,general,Основная школа №9
RU,Россия,Иркутск,general,Пивоваровская средняя школа
RU,Россия,Иркутск,general,Плишкинская средняя школа
RU,Россия,Иркутск,general,Покровская средняя школа
RU,Россия,Иркутск,general,Ревякинская средняя школа
RU,Россия,Иркутск,general,Савватеевская средняя школа
RU,Россия,Иркутск,general,Санаторная школа-интернат № 12 г. Иркутска
RU,Россия,Иркутск,general,Смоленская средняя школа
RU,Россия,Иркутск,general,Специальная (коррекционная) школа для обучающихся с нарушениями речи № 11 г. Иркутска
RU,Россия,Иркутск,general,Специальная (коррекционная) школа - интернат для обучающихся с нарушениями зрения № 8 г. Иркутска
RU,Россия,Иркутск,general,Специальная (коррекционная) школа-интернат для обучающихся с нарушениями опорно-двигательного аппарата № 20 г. Иркутска
RU,Россия,Иркутск,general,Специальная (коррекционная) школа-интернат № 3 г. Иркутска
RU,Россия,Иркутск,general,Специальная (коррекционная) школа № 10 г. Иркутска
RU,Россия,Иркутск,general,Специальная (коррекционная) школа № 14 г. Иркутска
RU,Россия,Иркутск,general,Специальная (коррекционная) школа № 4 г. Иркутска
RU,Россия,Иркутск,general,Специальная (коррекционная) школа № 5 г. Иркутска
RU,Россия,Иркутск,general,Специальная (коррекционная) школа № 6 г. Иркутска
RU,Россия,Иркутск,general,Специальная (коррекционная) школа № 7 г. Иркутска
RU,Россия,Иркутск,general,Специальная коррекционная школа №10
RU,Россия,Иркутск,general,Средняя школа
RU,Россия,Иркутск,general,Средняя школа Леонова
RU,Россия,Иркутск,general,Средняя школа №1
RU,Россия,Иркутск,general,Средняя школа №10
RU,Россия,Иркутск,general,Средняя школа №11
RU,Россия,Иркутск,general,Средняя школа №12
RU,Россия,Иркутск,general,Средняя школа №124
RU,Россия,Иркутск,general,Средняя школа №14
RU,Россия,Иркутск,general,Средняя школа №15
RU,Россия,Иркутск,general,Средняя школа №16
RU,Россия,Иркутск,general,Средняя школа №17
RU,Россия,Иркутск,general,Средняя школа №18
RU,Россия,Иркутск,general,Средняя школа №19
RU,Россия,Иркутск,general,Средняя школа №2
RU,Россия,Иркутск,general,Средняя школа №21
RU,Россия,Иркутск,general,Средняя школа №22
RU,Россия,Иркутск,general,Средняя школа №23
RU,Россия,Иркутск,general,Средняя школа №24
RU,Россия,Иркутск,general,Средняя школа №26
RU,Россия,Иркутск,general,Средняя школа №27
RU,Россия,Иркутск,general,Средняя школа №28
RU,Россия,Иркутск,general,Средняя школа №29
RU,Россия,Иркутск,general,Средняя школа №3
RU,Россия,Иркутск,general,Средняя школа №30
RU,Россия,Иркутск,general,Средняя школа №31
RU,Россия,Иркутск,general,Средняя школа №32
RU,Россия,Иркутск,general,Средняя школа №34
RU,Россия,Иркутск,general,Средняя школа №35
RU,Россия,Иркутск,general,Средняя школа №36
RU,Россия,Иркутск,general,Средняя школа №37
RU,Россия,Иркутск,general,Средняя школа №38
RU,Россия,Иркутск,general,Средняя школа №39
RU,Россия,Иркутск,general,Средняя школа №4
RU,Россия,Иркутск,general,Средняя школа №40
RU,Россия,Иркутск,general,Средняя школа №42
RU,Россия,Иркутск,general,Средняя школа №43
RU,Россия,Иркутск,general,Средняя школа №45
RU,Россия,Иркутск,general,Средняя школа №46
RU,Россия,Иркутск,general,Средняя школа №49
RU,Россия,Иркутск,general,Средняя школа №5
RU,Россия,Иркутск,general,Средняя школа №50
RU,Россия,Иркутск,general,Средняя школа №53
RU,Россия,Иркутск,general,Средняя школа №55
RU,Россия,Иркутск,general,Средняя школа №57
RU,Россия,Иркутск,general,Средняя школа №6
RU,Россия,Иркутск,general,Средняя школа №63
RU,Россия,Иркутск,general,Средняя школа №64
RU,Россия,Иркутск,general,Средняя школа №65
RU,Россия,Иркутск,general,Средняя школа №66
RU,Россия,Иркутск,general,Средняя школа №67
RU,Россия,Иркутск,general,Средняя школа №69
RU,Россия,Иркутск,general,Средняя школа №7
RU,Россия,Иркутск,general,Средняя школа №71
RU,Россия,Иркутск,general,Средняя школа №72
RU,Россия,Иркутск,general,Средняя школа №73
RU,Россия,Иркутск,general,Средняя школа №75
RU,Россия,Иркутск,general,Средняя школа №76
RU,Россия,Иркутск,general,Средняя школа №77
RU,Россия,Иркутск,general,Средняя школа №80
RU,Россия,Иркутск,general,Средняя школа №9
RU,Россия,Иркутск,general,Столбовская начальная школа
RU,Россия,Иркутск,general,Строящаяся общеобразовательная школа
RU,Россия,Иркутск,general,Строящаяся школа
RU,Россия,Иркутск,general,Тельминская средняя школа
RU,Россия,Иркутск,general,Тугутуйская средняя школа
RU,Россия,Иркутск,general,Тургеневская средняя школа
RU,Россия,Иркутск,general,Уриковская средняя школа
RU,Россия,Иркутск,general,Усть-Балейская начальная школа
RU,Россия,Иркутск,general,Усть-Кудинская средняя школа
RU,Россия,Иркутск,general,Усть-Ордынская начальная школа
RU,Россия,Иркутск,general,Усть-ордынская средняя школа №1
RU,Россия,Иркутск,general,Усть-Ордынская средняя школа №2
RU,Россия,Иркутск,general,Усть-Ордынская средняя школа №4
RU,Россия,Иркутск,general,Харанутская основная школа
RU,Россия,Иркутск,general,Харанцинская начальная школа
RU,Россия,Иркутск,general,Хатар-хадайская средняя школа
RU,Россия,Иркутск,general,Хомутовская средняя школа №1
RU,Россия,Иркутск,general,Хомутовская средняя школа №2
RU,Россия,Иркутск,general,Хужирская средняя школа
RU,Россия,Иркутск,general,Церковно-приходская школа
RU,Россия,Иркутск,general,Чернорудская средняя школа
RU,Россия,Иркутск,general,Ширяевская средняя школа
RU,Россия,Иркутск,general,Школа-интернат музыкантских воспитанников г. Иркутска
RU,Россия,Иркутск,university,Байкальский государственный университет
RU,Россия,Иркутск,university,Байкальский гуманитарный институт
RU,Россия,Иркутск,university,Восточно-Сибирский институт экономики и права
RU,Россия,Иркутск,university,Восточно-Сибирский филиал
RU,Россия,Иркутск,university,Иркутский государственный медицинский университет
RU,Россия,Иркутск,university,Иркутский государственный университет путей сообщения
RU,Россия,Иркутск,university,Иркутский национальный исследовательский технический университет
RU,Россия,Иркутск,university,Иркутский филиал
RU,Россия,Ишим,boarding,Специальная коррекционная школа-интернат
RU,Россия,Ишим,college,ИМК Ишимский медицинский колледж
RU,Россия,Ишим,college,ИМТ Ишимский многопрофильный техникум
RU,Россия,Ишим,general,Ишимская основная общеобразовательная школа
RU,Россия,Ишим,general,Коррекционная школа №3 г. Ишима
RU,Россия,Ишим,general,Средняя школа № 7
RU,Россия,Ишим,general,Средняя школа №1
RU,Россия,Ишим,general,Средняя школа №12
RU,Россия,Ишим,general,Средняя школа №31
RU,Россия,Ишим,general,Средняя школа №4
RU,Россия,Ишим,general,Средняя школа №5 г. Ишима
RU,Россия,Ишим,general,Средняя школа №8
RU,Россия,Ишим,general,Стрехнинская средняя школа
RU,Россия,Йошкар-Ола,boarding,Савинская школа-интернат
RU,Россия,Йошкар-Ола,boarding,Семеновская школа-интернат
RU,Россия,Йошкар-Ола,college,АСТ Аграрно-строительный техникум Марий Эл
RU,Россия,Йошкар-Ола,college,АТ Автодорожный техникум Марий Эл
RU,Россия,Йошкар-Ола,college,"ВК ПГТУ Политехник Высший колледж ПГТУ ""Политехник"""
RU,Россия,Йошкар-Ола,college,ЙОАК ПГТУ Йошкар-олинский аграрный колледж Поволжского государственного технологического университет
RU,Россия,Йошкар-Ола,college,ЙОМК Йошкар-Олинский медицинский колледж
RU,Россия,Йошкар-Ола,college,ЙОСТ Йошкар-Олинский строительный техникум
RU,Россия,Йошкар-Ола,college,ЙОТК Йошкар-Олинский технологический колледж
RU,Россия,Йошкар-Ола,college,ЙОТСТ Йошкар-Олинский техникум сервисных технологий
RU,Россия,Йошкар-Ола,college,МЛТ Марийский лесохозяйственный техникум
RU,Россия,Йошкар-Ола,college,МПТ Марийский политехнический техникум
RU,Россия,Йошкар-Ола,college,МРККиИ им. И.С. Палантая Марийский республиканский колледж культуры и искусств им. И.С. Палантая
RU,Россия,Йошкар-Ола,college,МРТ Марийский радиомеханический техникум
RU,Россия,Йошкар-Ола,college,ОМК им. И.К. Глушкова Оршанский многопрофильный колледж им. И.К. Глушкова
RU,Россия,Йошкар-Ола,college,СТТ Строительно-технологический техникум
RU,Россия,Йошкар-Ола,college,ТМСХ Техникум механизации сельского хозяйства
RU,Россия,Йошкар-Ола,college,ТТК Торгово-технологический колледж г. Йошкар-Ола
RU,Россия,Йошкар-Ола,college,УОР Училище олимпийского резерва
RU,Россия,Йошкар-Ола,college,Частный КГиМС филиал в г. Йошкар-Ола Колледж государственной и муниципальной службы филиал в г. Йошкар-Ола
RU,Россия,Йошкар-Ола,college,Частный Колледж Академия ТОП Йошкар-Ола Филиал колледжа «Академия ТОП Йошкар-Ола»
RU,Россия,Йошкар-Ола,general,Вечерняя школа №4
RU,Россия,Йошкар-Ола,general,Ежовская основная школа
RU,Россия,Йошкар-Ола,general,Знаменская средняя школа
RU,Россия,Йошкар-Ола,general,Коминская национальная основная школа
RU,Россия,Йошкар-Ола,general,Краснооктябрьская средняя школа
RU,Россия,Йошкар-Ола,general,Кузнецовская средняя школа
RU,Россия,Йошкар-Ола,general,Куярская средняя школа
RU,Россия,Йошкар-Ола,general,Лицей информационно-вычислительных технологий «Мегатех»
RU,Россия,Йошкар-Ола,general,Медведевская средняя общеобразовательная школа №3 с углубленным изучением отдельных предметов им. 50-летия Медведевского района
RU,Россия,Йошкар-Ола,general,Медведевская средняя общеобразовательная школа №4
RU,Россия,Йошкар-Ола,general,Медведевская средняя школа №2
RU,Россия,Йошкар-Ола,general,Новоарбанская средняя школа
RU,Россия,Йошкар-Ола,general,Нурминская средняя школа
RU,Россия,Йошкар-Ола,general,Пекшиксолинская основная школа
RU,Россия,Йошкар-Ола,general,Русскокукморская средняя школа
RU,Россия,Йошкар-Ола,general,Руэмская средняя школа
RU,Россия,Йошкар-Ола,general,Сенькинская средняя школа
RU,Россия,Йошкар-Ола,general,Средняя общеобразовательная школа
RU,Россия,Йошкар-Ола,general,Средняя общеобразовательная школа № 12 г.Йошкар-Олы
RU,Россия,Йошкар-Ола,general,Средняя общеобразовательная школа № 5 «Обыкновенное чудо» г. Йошкар-Олы
RU,Россия,Йошкар-Ола,general,Средняя общеобразовательная школа №19 г. Йошкар-Олы с углублённым изучением отдельных предметов
RU,Россия,Йошкар-Ола,general,Средняя общеобразовательная школа №20 г. Йошкар-Олы
RU,Россия,Йошкар-Ола,general,Средняя школа
RU,Россия,Йошкар-Ола,general,Средняя школа №1
RU,Россия,Йошкар-Ола,general,Средняя школа №10
RU,Россия,Йошкар-Ола,general,Средняя школа №12
RU,Россия,Йошкар-Ола,general,Средняя школа №13
RU,Россия,Йошкар-Ола,general,Средняя школа №15
RU,Россия,Йошкар-Ола,general,Средняя школа №16
RU,Россия,Йошкар-Ола,general,Средняя школа №17
RU,Россия,Йошкар-Ола,general,Средняя школа №2
RU,Россия,Йошкар-Ола,general,Средняя школа №21
RU,Россия,Йошкар-Ола,general,Средняя школа №23
RU,Россия,Йошкар-Ола,general,Средняя школа №24
RU,Россия,Йошкар-Ола,general,Средняя школа №27
RU,Россия,Йошкар-Ола,general,Средняя школа №3
RU,Россия,Йошкар-Ола,general,Средняя школа №30
RU,Россия,Йошкар-Ола,general,Средняя школа №31
RU,Россия,Йошкар-Ола,general,Средняя школа №32
RU,Россия,Йошкар-Ола,general,Средняя школа №6
RU,Россия,Йошкар-Ола,general,Средняя школа №7
RU,Россия,Йошкар-Ола,general,Средняя школа №9
RU,Россия,Йошкар-Ола,general,Цибикнурская основная школа
RU,Россия,Йошкар-Ола,general,Школа №29
RU,Россия,Йошкар-Ола,general,Шойбулакская средняя школа
RU,Россия,Йошкар-Ола,university,Марийский государственный университет
RU,Россия,Йошкар-Ола,university,Межрегиональный открытый социальный институт
RU,Россия,Йошкар-Ола,university,Поволжский государственный технологический университет
RU,Россия,Йошкар-Ола,university,Русский университет метатехнологий
RU,Россия,Казань,boarding,Казанская школа-интернат им. Е.Г. Ласточкиной для детей с ограниченными возможностями здоровья
RU,Россия,Казань,boarding,Казанская школа-интернат №1
RU,Россия,Казань,boarding,"Казанская школа-интернат №11 для детей-сирот и детей, оставшихся без попечения родителей с ограниченными возможностями здоровья"
RU,Россия,Казань,boarding,Казанская школа-интернат №4
RU,Россия,Казань,boarding,Казанская школа-интернат №7 для детей с ограниченными возможностями здоровья
RU,Россия,Казань,general,Айшинская средняя школа
RU,Россия,Казань,general,Ачасырская основная школа
RU,Россия,Казань,general,Бирюлинская средняя школа
RU,Россия,Казань,general,Бишнинская основная школа
RU,Россия,Казань,general,Богородская средняя школа
RU,Россия,Казань,general,Большекабанская средняя школа
RU,Россия,Казань,general,Большеключинская средняя школа
RU,Россия,Казань,general,Большепаратская средняя школа
RU,Россия,Казань,general,Большеширданская начальная школа
RU,Россия,Казань,general,Васильевская средняя школа №2
RU,Россия,Казань,general,Васильевская средняя школа №3
RU,Россия,Казань,general,Введенско-Слободская основная школа
RU,Россия,Казань,general,Верхнеуслонская средняя школа
RU,Россия,Казань,general,Военно-патриотический центр-школа №67
RU,Россия,Казань,general,Высогорская средняя школа №4
RU,Россия,Казань,general,Высокогорская средняя общеобразовательная школа №5 им. братьев Максуди Высокогорского муниципального района Республики Татарстан
RU,Россия,Казань,general,Высокогорская средняя школа №1
RU,Россия,Казань,general,Высокогорская средняя школа №2
RU,Россия,Казань,general,Высокогорская средняя школа №3
RU,Россия,Казань,general,Габишевская средняя школа
RU,Россия,Казань,general,Гимназия № 28
RU,Россия,Казань,general,Гимназия №175
RU,Россия,Казань,general,Державинская основная школа
RU,Россия,Казань,general,Казанская кадетская школа-интернат имени героя Советского Союза Б.К.Кузнецова
RU,Россия,Казань,general,Казанская школа № 142 для детей с ограниченными возможностями здоровья
RU,Россия,Казань,general,Казанская школа № 172 для детей с ограниченными возможностями здоровья
RU,Россия,Казань,general,Казанская школа № 61 для детей с ограниченными возможностями здоровья
RU,Россия,Казань,general,Казанская школа № 76 для детей с ограниченными возможностями здоровья
RU,Россия,Казань,general,Казанская школа №142
RU,Россия,Казань,general,Казанская школа №172
RU,Россия,Казань,general,Казанская школа №61
RU,Россия,Казань,general,Казанская школа №76
RU,Россия,Казань,general,Каипская основная школа
RU,Россия,Казань,general,Кирбинская средняя школа
RU,Россия,Казань,general,Кощаковская средняя школа
RU,Россия,Казань,general,Красноярская основная школа
RU,Россия,Казань,general,Кулаевская средняя школа
RU,Россия,Казань,general,Кураловская средняя школа
RU,Россия,Казань,general,Лицей-инженерный центр
RU,Россия,Казань,general,Лицей-интернат № 7
RU,Россия,Казань,general,Лицей № 131
RU,Россия,Казань,general,Лицей № 149 с татарским языком обучения
RU,Россия,Казань,general,Лицей №79
RU,Россия,Казань,general,Макуловская средняя школа
RU,Россия,Казань,general,Мамасевская средняя школа
RU,Россия,Казань,general,Матюшинская средняя школа
RU,Россия,Казань,general,Многопрофильная школа №181
RU,Россия,Казань,general,Молвинская основная школа
RU,Россия,Казань,general,Набережно-Морквашская средняя школа
RU,Россия,Казань,general,Нешколята
RU,Россия,Казань,general,Нижневязовская начальная школа
RU,Россия,Казань,general,Нижнеуслонская основная школа
RU,Россия,Казань,general,Никольская средняя школа
RU,Россия,Казань,general,Озёрная средняя школа
RU,Россия,Казань,general,Октябрьская средняя школа
RU,Россия,Казань,general,Орловская основная школа
RU,Россия,Казань,general,Основная общеобразовательная русско-татарская школа № 115
RU,Россия,Казань,general,Основная общеобразовательная школа № 168 с продленным днем обучения для детей с соматическими заболеваниями
RU,Россия,Казань,general,Основная русско-татарская школа №115
RU,Россия,Казань,general,Основная школа №108
RU,Россия,Казань,general,Основная школа №168
RU,Россия,Казань,general,Основная школа №17
RU,Россия,Казань,general,Основная школа №25
RU,Россия,Казань,general,Основная школа №30
RU,Россия,Казань,general,Пелевская средняя школа
RU,Россия,Казань,general,Песчано-Ковалинская средняя школа
RU,Россия,Казань,general,Печищинская основная школа
RU,Россия,Казань,general,Помарская средняя школа
RU,Россия,Казань,general,Приволжская средняя школа №1
RU,Россия,Казань,general,Раифская средняя школа
RU,Россия,Казань,general,Республиканская специальная общеобразовательная школа имени Н.А. Галлямова
RU,Россия,Казань,general,Русско-татарская средняя школа №129
RU,Россия,Казань,general,Русско-татарская средняя школа №136
RU,Россия,Казань,general,Русско-татарская средняя школа №81
RU,Россия,Казань,general,Русско-татарская средняя школа №97
RU,Россия,Казань,general,Свияжская основная школа
RU,Россия,Казань,general,Свияжская средняя школа
RU,Россия,Казань,general,Сокуровская средняя школа
RU,Россия,Казань,general,Средння общеобразовательная школа № 60
RU,Россия,Казань,general,Средняя общеобразовательная русско-татарская школа № 13
RU,Россия,Казань,general,Средняя общеобразовательная школа № 100 - Центр образования
RU,Россия,Казань,general,Средняя общеобразовательная школа № 170 с углубленным изучением отдельных предметов
RU,Россия,Казань,general,Средняя общеобразовательная школа № 175
RU,Россия,Казань,general,Средняя общеобразовательная школа № 18 с углубленным изучением английского языка
RU,Россия,Казань,general,Средняя общеобразовательная школа № 85 с углубленным изучением отдельных предметов
RU,Россия,Казань,general,Средняя русско-татарская школа №103
RU,Россия,Казань,general,Средняя русско-татарская школа №111
RU,Россия,Казань,general,Средняя русско-татарская школа №124
RU,Россия,Казань,general,Средняя русско-татарская школа №13
RU,Россия,Казань,general,Средняя русско-татарская школа №14
RU,Россия,Казань,general,Средняя русско-татарская школа №147
RU,Россия,Казань,general,Средняя русско-татарская школа №161
RU,Россия,Казань,general,Средняя русско-татарская школа №57
RU,Россия,Казань,general,Средняя русско-татарская школа №87
RU,Россия,Казань,general,Средняя татарско-русская школа №113
RU,Россия,Казань,general,Средняя татарско-русская школа №65
RU,Россия,Казань,general,Средняя татарско-русская школа №71
RU,Россия,Казань,general,Средняя татарско-русская школа №80
RU,Россия,Казань,general,Средняя школа №1
RU,Россия,Казань,general,Средняя школа №112
RU,Россия,Казань,general,Средняя школа №114
RU,Россия,Казань,general,Средняя школа №117
RU,Россия,Казань,general,Средняя школа №119
RU,Россия,Казань,general,Средняя школа №12
RU,Россия,Казань,general,Средняя школа №120
RU,Россия,Казань,general,Средняя школа №127
RU,Россия,Казань,general,Средняя школа №130
RU,Россия,Казань,general,Средняя школа №132
RU,Россия,Казань,general,Средняя школа №135
RU,Россия,Казань,general,Средняя школа №137
RU,Россия,Казань,general,Средняя школа №140
RU,Россия,Казань,general,Средняя школа №143
RU,Россия,Казань,general,Средняя школа №144
RU,Россия,Казань,general,Средняя школа №15
RU,Россия,Казань,general,Средняя школа №150
RU,Россия,Казань,general,Средняя школа №151
RU,Россия,Казань,general,Средняя школа №153
RU,Россия,Казань,general,Средняя школа №156
RU,Россия,Казань,general,Средняя школа №167
RU,Россия,Казань,general,Средняя школа №169
RU,Россия,Казань,general,Средняя школа №171
RU,Россия,Казань,general,Средняя школа №173
RU,Россия,Казань,general,Средняя школа №18
RU,Россия,Казань,general,Средняя школа №22
RU,Россия,Казань,general,Средняя школа №24
RU,Россия,Казань,general,Средняя школа №31
RU,Россия,Казань,general,Средняя школа №32
RU,Россия,Казань,general,Средняя школа №38
RU,Россия,Казань,general,Средняя школа №39
RU,Россия,Казань,general,Средняя школа №41
RU,Россия,Казань,general,Средняя школа №42
RU,Россия,Казань,general,Средняя школа №43
RU,Россия,Казань,general,Средняя школа №47
RU,Россия,Казань,general,Средняя школа №48
RU,Россия,Казань,general,Средняя школа №49
RU,Россия,Казань,general,Средняя школа №51
RU,Россия,Казань,general,Средняя школа №54
RU,Россия,Казань,general,Средняя школа №55
RU,Россия,Казань,general,Средняя школа №60
RU,Россия,Казань,general,Средняя школа №62
RU,Россия,Казань,general,Средняя школа №64
RU,Россия,Казань,general,Средняя школа №69
RU,Россия,Казань,general,Средняя школа №70
RU,Россия,Казань,general,Средняя школа №72
RU,Россия,Казань,general,Средняя школа №73
RU,Россия,Казань,general,Средняя школа №77
RU,Россия,Казань,general,Средняя школа №8
RU,Россия,Казань,general,Средняя школа №82
RU,Россия,Казань,general,Средняя школа №84
RU,Россия,Казань,general,Средняя школа №85
RU,Россия,Казань,general,Средняя школа №86
RU,Россия,Казань,general,Средняя школа №88
RU,Россия,Казань,general,Средняя школа №89
RU,Россия,Казань,general,Средняя школа №9
RU,Россия,Казань,general,Средняя школа №91
RU,Россия,Казань,general,Средняя школа №99
RU,Россия,Казань,general,Старо-Шигалеевская средняя школа
RU,Россия,Казань,general,Столбищенская средняя школа
RU,Россия,Казань,general,Татарско-Бурнашевская средняя школа
RU,Россия,Казань,general,Татарско-русская средняя школа №10
RU,Россия,Казань,general,Татарско-русская средняя школа №34
RU,Россия,Казань,general,Татарско-русская средняя школа №68
RU,Россия,Казань,general,Татарско-русская средняя школа №98
RU,Россия,Казань,general,Усадская средняя школа
RU,Россия,Казань,general,Учхозская средняя школа
RU,Россия,Казань,general,Христианская общеобразовательная школа
RU,Россия,Казань,general,Чепчуговская средняя школа
RU,Россия,Казань,general,Чернышевская средняя общеобразовательная школа им. Е.А. Боратынского Высокогорского муниципального района Республики Татарстан
RU,Россия,Казань,general,Чернышевская средняя школа
RU,Россия,Казань,general,Шалинская средняя школа
RU,Россия,Казань,general,Шапшинская средняя школа
RU,Россия,Казань,general,Школа Кенгуру
RU,Россия,Казань,general,Школа Нового поколения
RU,Россия,Казань,general,Школа №101
RU,Россия,Казань,private,Международная школа Казани
RU,Россия,Казань,university,Академия социального образования
RU,Россия,Казань,university,Институт социальных и гуманитарных знаний
RU,Россия,Казань,university,Казанская государственная консерватория имени Н.Г.Жиганова
RU,Россия,Казань,university,Казанская православная духовная семинария Казанской епархии Русской Православной Церкви
RU,Россия,Казань,university,Казанский государственный аграрный университет
RU,Россия,Казань,university,Казанский государственный архитектурно-строительный университет
RU,Россия,Казань,university,Казанский государственный институт культуры
RU,Россия,Казань,university,Казанский государственный энергетический университет
RU,Россия,Казань,university,Казанский инновационный университет имени В.Г. Тимирясова (ИЭУП)
RU,Россия,Казань,university,Казанский институт (филиал)
RU,Россия,Казань,university,"Казанский институт финансов, экономики и информатики"
RU,Россия,Казань,university,Казанский кооперативный институт (филиал)
RU,Россия,Казань,university,Казанский национальный исследовательский технологический университет
RU,Россия,Казань,university,Казанский филиал
RU,Россия,Казань,university,Казанский филиал — Академия труда и социальных отношений
RU,Россия,Казань,university,Казанский филиал РМАТ
RU,Россия,Казань,university,Казанский филиал — Российский государственный университет правосудия
RU,Россия,Казань,university,"Поволжский государственный университет физической культуры, спорта и туризма"
RU,Россия,Казань,university,Университет управления «ТИСБИ»
RU,Россия,Калининград,boarding,"Калининградская средняя общеобразовательная школа-интернат для обучающихся, с ограниченными возможностями здоровья"
RU,Россия,Калининград,boarding,Школа-интернат п. Сосновка
RU,Россия,Калининград,boarding,Школа-интернат №1
RU,Россия,Калининград,boarding,"Школа-интернат №7 для обучающихся, воспитанников с ограниченными возможностями здоровья"
RU,Россия,Калининград,college,КИТиС Колледж информационных технологий и строительства
RU,Россия,Калининград,college,КМРК Калининградский морской рыбопромышленный колледж Калининградского государственного техниче
RU,Россия,Калининград,college,Колледж ЗФ РАНХиГС Колледж Западного филиала РАНХиГС
RU,Россия,Калининград,college,Колледж предпринимательства Колледж предпринимательства г. Калининград
RU,Россия,Калининград,college,КОМК им. С.В. Рахманинова Калининградский областной музыкальный колледж имени С.В. Рахманинова
RU,Россия,Калининград,college,КП Колледж предпринимательства
RU,Россия,Калининград,college,КСТ Колледж сервиса и туризма
RU,Россия,Калининград,college,ПСТ Прибалтийский судостроительный техникум
RU,Россия,Калининград,college,УК БФУ им. И. Канта Университетский колледж Балтийского федерального университета имени Иммануила Канта
RU,Россия,Калининград,college,УОР «Училище (техникум) олимпийского резерва» имени заслуженного мастера спорта России А.А. Шу
RU,Россия,Калининград,college,Частный БИТ Балтийский информационный техникум
RU,Россия,Калининград,college,Частный КБК Калининградский бизнес-колледж
RU,Россия,Калининград,college,Частный ККУ Калининградский колледж управления
RU,Россия,Калининград,college,Частный Колледж Академия ТОП Калининград Филиал колледжа Академия ТОП Калининград
RU,Россия,Калининград,college,Частный Колледж Калининградского филиала МФЮА Колледж Калининградского филиала Московского финансово-юридического университета
RU,Россия,Калининград,college,Частный Колледж Калининградского филиала РУК Колледж Калининградского филиала Российского университета кооперации
RU,Россия,Калининград,college,Частный КЭП Колледж экономики и педагогики
RU,Россия,Калининград,general,Добринская основная школа
RU,Россия,Калининград,general,Интерлицей
RU,Россия,Калининград,general,Калининградская средняя общеобразовательная школа-интернат
RU,Россия,Калининград,general,МАОУ Гимназия № 1
RU,Россия,Калининград,general,МАОУ Гимназия № 22
RU,Россия,Калининград,general,МАОУ Гимназия № 32
RU,Россия,Калининград,general,МАОУ Гимназия № 40 ИМ. Ю.а.гагарина
RU,Россия,Калининград,general,МАОУ КМЛ
RU,Россия,Калининград,general,МАОУ Лицей № 18
RU,Россия,Калининград,general,МАОУ СОШ № 38
RU,Россия,Калининград,general,МАОУ СОШ № 9 ИМ. Дьякова П.М
RU,Россия,Калининград,general,Маршальская средняя школа
RU,Россия,Калининград,general,Низовская средняя школа
RU,Россия,Калининград,general,Орловская основная школа
RU,Россия,Калининград,general,Основная школа
RU,Россия,Калининград,general,Основная школа №15
RU,Россия,Калининград,general,Петровская средняя школа
RU,Россия,Калининград,general,Славянская основная школа
RU,Россия,Калининград,general,Спортивная школа олимпийского резерва №14 по плаванию
RU,Россия,Калининград,general,Средняя общеобразовательная школа №19
RU,Россия,Калининград,general,Средняя общеобразовательная школа №26
RU,Россия,Калининград,general,Средняя общеобразовательная школа №38 им. В.М. Борисова
RU,Россия,Калининград,general,Средняя общеобразовательная школа №4
RU,Россия,Калининград,general,Средняя общеобразовательная школа №43
RU,Россия,Калининград,general,Средняя школа
RU,Россия,Калининград,general,Средняя школа им. А. Лохматова
RU,Россия,Калининград,general,Средняя школа им. Д. Сидорова
RU,Россия,Калининград,general,Средняя школа №10
RU,Россия,Калининград,general,Средняя школа №11
RU,Россия,Калининград,general,Средняя школа №12
RU,Россия,Калининград,general,Средняя школа №13
RU,Россия,Калининград,general,Средняя школа №14
RU,Россия,Калининград,general,Средняя школа №2
RU,Россия,Калининград,general,Средняя школа №21
RU,Россия,Калининград,general,Средняя школа №24
RU,Россия,Калининград,general,Средняя школа №25
RU,Россия,Калининград,general,Средняя школа №28
RU,Россия,Калининград,general,Средняя школа №29
RU,Россия,Калининград,general,Средняя школа №3
RU,Россия,Калининград,general,Средняя школа №31
RU,Россия,Калининград,general,Средняя школа №33
RU,Россия,Калининград,general,Средняя школа №36
RU,Россия,Калининград,general,Средняя школа №44
RU,Россия,Калининград,general,Средняя школа №46
RU,Россия,Калининград,general,Средняя школа №47
RU,Россия,Калининград,general,Средняя школа №48
RU,Россия,Калининград,general,Средняя школа №5
RU,Россия,Калининград,general,Средняя школа №50
RU,Россия,Калининград,general,Средняя школа №56
RU,Россия,Калининград,general,Средняя школа №57
RU,Россия,Калининград,general,Средняя школа №58
RU,Россия,Калининград,general,Средняя школа №6
RU,Россия,Калининград,general,Средняя школа №7
RU,Россия,Калининград,general,Средняя школа №8
RU,Россия,Калининград,general,Средняя школа №9
RU,Россия,Калининград,general,Строящаяся школа
RU,Россия,Калининград,general,Храбровская средняя школа
RU,Россия,Калининград,general,Школа будущего
RU,Россия,Калининград,general,Южная средняя школа
RU,Россия,Калининград,general,Яблоневская основная школа
RU,Россия,Калининград,private,Частная начальная школа Н.И. Мороз
RU,Россия,Калининград,university,Балтийская высшая школа музыкального и театрального искусства — филиал в г. Калининград
RU,Россия,Калининград,university,Балтийский федеральный университет имени Иммануила Канта
RU,Россия,Калининград,university,Западный филиал
RU,Россия,Калининград,university,Калининградский государственный технический университет
RU,Россия,Калининград,university,Калининградский институт управления
RU,Россия,Калининград,university,Калининградский филиал Аккредитованного образовательного
RU,Россия,Калининград,university,Калининградский филиал — Российский университет кооперации
RU,Россия,Калининград,university,Центральная музыкальная школа - академия исполнительского искусства — филиал в г. Калининград
RU,Россия,Калуга,boarding,Калужская школа-интернат №1
RU,Россия,Калуга,boarding,Калужская школа-интернат №5
RU,Россия,Калуга,college,ГАК Губернаторский аграрный колледж
RU,Россия,Калуга,college,Калужский институт (филиал) ВГУЮ (РПА Минюста России) Калужский институт (филиал) Всероссийского государственного университета юстиции (РПА Миню
RU,Россия,Калуга,college,Калужский филиал ПГУПС Калужский филиал ПГУПС
RU,Россия,Калуга,college,КБМК Калужский базовый медицинский колледж
RU,Россия,Калуга,college,КИПК Калужский индустриально-педагогический колледж
RU,Россия,Калуга,college,ККМТ им. А.Т. Карпова Калужский кадетский многопрофильный техникум им. А.Т. Карпова
RU,Россия,Калуга,college,ККНХИПО Калужский колледж народного хозяйства и природообустройства
RU,Россия,Калуга,college,ККСД Калужский колледж сервиса и дизайна
RU,Россия,Калуга,college,ККСТ им. И.К. Ципулина Калужский коммунально-строительный техникум им. И.К. Ципулина
RU,Россия,Калуга,college,ККЭТ Калужский колледж экономики и технологий
RU,Россия,Калуга,college,КОККИ Калужский областной колледж культуры и искусств
RU,Россия,Калуга,college,КОМК им. С.И. Танеева Калужский областной музыкальный колледж им. С. И. Танеева
RU,Россия,Калуга,college,КТК Калужский технический колледж
RU,Россия,Калуга,college,КТЭП Калужский техникум электронных приборов
RU,Россия,Калуга,college,Частный Калужский филиал ЮПК Калужский филиал Юридического полицейского колледжа
RU,Россия,Калуга,college,Частный Калужское духовное училище Духовное училище по подготовке регентов и иконописцев Калужской Епархии Русской Православн
RU,Россия,Калуга,college,Частный Колледж Академия ТОП Калуга Филиал колледжа «Академия ТОП Калуга»
RU,Россия,Калуга,college,Частный СКУБ Среднерусский колледж управления и бизнеса
RU,Россия,Калуга,college,Частный ЦДД МФЮА в Калуге Центр дистанционного доступа Московского финансово-юридического университета в Калуге
RU,Россия,Калуга,general,Авчуринская средняя школа
RU,Россия,Калуга,general,Ахлебининская средняя школа
RU,Россия,Калуга,general,Бегичевская основная школа
RU,Россия,Калуга,general,Воротынская средняя школа
RU,Россия,Калуга,general,Гимназия № 24
RU,Россия,Калуга,general,Грабцевская средняя школа
RU,Россия,Калуга,general,Дворцовская основная школа
RU,Россия,Калуга,general,Детчинская средняя школа
RU,Россия,Калуга,general,Емельяновская средняя школа
RU,Россия,Калуга,general,Ерденевская средняя школа
RU,Россия,Калуга,general,Жилетовская средняя школа
RU,Россия,Калуга,general,Калужская общеобразовательная школа-интернат № 1 для обучающихся с ограниченными возможностями здоровья
RU,Россия,Калуга,general,Калужская общеобразовательная школа-интернат № 5 имени Ф.А. Рау для обучающихся с ограниченными возможностями здоровья
RU,Россия,Калуга,general,Калужская школа для обучающихся с ограниченными возможностями здоровья «Гармония»
RU,Россия,Калуга,general,Козловская основная школа
RU,Россия,Калуга,general,Корекозевская средняя школа
RU,Россия,Калуга,general,Красногороденская основная школа
RU,Россия,Калуга,general,Лев-Толстовская средняя школа
RU,Россия,Калуга,general,Основная общеобразовательная школа № 20
RU,Россия,Калуга,general,Основная общеобразовательная школа № 39
RU,Россия,Калуга,general,Основная школа №27
RU,Россия,Калуга,general,Основная школа №35
RU,Россия,Калуга,general,Полотняно-Заводская средняя школа №1
RU,Россия,Калуга,general,Полотняно-Заводская средняя школа №2
RU,Россия,Калуга,general,Пятовская средняя школа
RU,Россия,Калуга,general,Сильковская общеобразовательная школа
RU,Россия,Калуга,general,Спас-загорская основная общеобразовательная школа
RU,Россия,Калуга,general,Спас-Суходревская основная школа
RU,Россия,Калуга,general,Средняя общеобразовательная школа № 11
RU,Россия,Калуга,general,Средняя общеобразовательная школа № 15
RU,Россия,Калуга,general,Средняя общеобразовательная школа № 17
RU,Россия,Калуга,general,Средняя общеобразовательная школа № 2 имени М.Ф. Колонтаева
RU,Россия,Калуга,general,Средняя общеобразовательная школа № 21
RU,Россия,Калуга,general,Средняя общеобразовательная школа № 22
RU,Россия,Калуга,general,Средняя общеобразовательная школа № 23
RU,Россия,Калуга,general,Средняя общеобразовательная школа № 25
RU,Россия,Калуга,general,Средняя общеобразовательная школа № 3 им. Г.В. Зимина
RU,Россия,Калуга,general,Средняя общеобразовательная школа № 4
RU,Россия,Калуга,general,Средняя общеобразовательная школа № 46
RU,Россия,Калуга,general,Средняя общеобразовательная школа № 5
RU,Россия,Калуга,general,Средняя общеобразовательная школа № 50
RU,Россия,Калуга,general,Средняя общеобразовательная школа № 8
RU,Россия,Калуга,general,Средняя школа
RU,Россия,Калуга,general,Средняя школа №1
RU,Россия,Калуга,general,Средняя школа №10
RU,Россия,Калуга,general,Средняя школа №12
RU,Россия,Калуга,general,Средняя школа №13
RU,Россия,Калуга,general,Средняя школа №14
RU,Россия,Калуга,general,Средняя школа №16
RU,Россия,Калуга,general,Средняя школа №18
RU,Россия,Калуга,general,Средняя школа №2
RU,Россия,Калуга,general,Средняя школа №26
RU,Россия,Калуга,general,Средняя школа №28
RU,Россия,Калуга,general,Средняя школа №29
RU,Россия,Калуга,general,Средняя школа №3
RU,Россия,Калуга,general,Средняя школа №30
RU,Россия,Калуга,general,Средняя школа №31
RU,Россия,Калуга,general,Средняя школа №33
RU,Россия,Калуга,general,Средняя школа №37
RU,Россия,Калуга,general,Средняя школа №38
RU,Россия,Калуга,general,Средняя школа №41
RU,Россия,Калуга,general,Средняя школа №43
RU,Россия,Калуга,general,Средняя школа №44
RU,Россия,Калуга,general,Средняя школа №45
RU,Россия,Калуга,general,Средняя школа №47
RU,Россия,Калуга,general,Средняя школа №49
RU,Россия,Калуга,general,Средняя школа №51
RU,Россия,Калуга,general,Средняя школа №6
RU,Россия,Калуга,general,Средняя школа №7
RU,Россия,Калуга,general,Товарковская средняя школа №1
RU,Россия,Калуга,general,Товарковская средняя школа №2
RU,Россия,Калуга,general,Торбеевская основная школа
RU,Россия,Калуга,private,Калужская международная школа
RU,Россия,Калуга,university,"Институт управления, бизнеса и технологий"
RU,Россия,Калуга,university,Калужский государственный университет им. К.Э. Циолковского
RU,Россия,Калуга,university,Калужский институт (филиал)
RU,Россия,Калуга,university,Калужский филиал
RU,Россия,Калуга,university,Калужский филиал — Московский государственный технический университет
RU,Россия,Каменск-Уральский,boarding,Колчеданская школа-интернат реализующая адаптивные основные общеобразовательные программы
RU,Россия,Каменск-Уральский,general,Бродовская средняя общеобразовательная школа
RU,Россия,Каменск-Уральский,general,Каменск-Уральская гимназия
RU,Россия,Каменск-Уральский,general,"Каменск-Уральская школа, реализующая адаптивные основные общеобразовательные программы"
RU,Россия,Каменск-Уральский,general,Каменская средняя общеобразовательная школа
RU,Россия,Каменск-Уральский,general,Колчеданская средняя общеобразовательная школа
RU,Россия,Каменск-Уральский,general,Новоисетская средняя общеобразовательная школа
RU,Россия,Каменск-Уральский,general,Основная общеобразовательная школа №14
RU,Россия,Каменск-Уральский,general,Основная общеобразовательная школа №39
RU,Россия,Каменск-Уральский,general,Покровская средняя общеобразовательная школа
RU,Россия,Каменск-Уральский,general,Районная вечерняя (сменная) общеобразовательная школа
RU,Россия,Каменск-Уральский,general,Рыбниковская средняя общеобразовательная школа
RU,Россия,Каменск-Уральский,general,Средняя общеобразовательная школа №1 с углубленным изучением отдельных предметов
RU,Россия,Каменск-Уральский,general,Средняя общеобразовательная школа №11
RU,Россия,Каменск-Уральский,general,Средняя общеобразовательная школа №15
RU,Россия,Каменск-Уральский,general,Средняя общеобразовательная школа №16 с углубленным изучением отдельных предметов им. В.П. Шевалева
RU,Россия,Каменск-Уральский,general,Средняя общеобразовательная школа №17 с углубленным изучением отдельных предметов
RU,Россия,Каменск-Уральский,general,Средняя общеобразовательная школа №19
RU,Россия,Каменск-Уральский,general,Средняя общеобразовательная школа №2
RU,Россия,Каменск-Уральский,general,Средняя общеобразовательная школа №20
RU,Россия,Каменск-Уральский,general,Средняя общеобразовательная школа №21
RU,Россия,Каменск-Уральский,general,Средняя общеобразовательная школа №22 с углубленным изучением отдельных предметов
RU,Россия,Каменск-Уральский,general,Средняя общеобразовательная школа №25 с углубленным изучением отдельных предметов
RU,Россия,Каменск-Уральский,general,Средняя общеобразовательная школа №3 им. летчика-космонавта П.И. Беляева
RU,Россия,Каменск-Уральский,general,Средняя общеобразовательная школа №30
RU,Россия,Каменск-Уральский,general,Средняя общеобразовательная школа №31
RU,Россия,Каменск-Уральский,general,Средняя общеобразовательная школа №32
RU,Россия,Каменск-Уральский,general,Средняя общеобразовательная школа №34
RU,Россия,Каменск-Уральский,general,Средняя общеобразовательная школа №35
RU,Россия,Каменск-Уральский,general,Средняя общеобразовательная школа №37 с углубленным изучением отдельных предметов
RU,Россия,Каменск-Уральский,general,Средняя общеобразовательная школа №38
RU,Россия,Каменск-Уральский,general,Средняя общеобразовательная школа №40
RU,Россия,Каменск-Уральский,general,Средняя общеобразовательная школа №5
RU,Россия,Каменск-Уральский,general,Средняя общеобразовательная школа №51
RU,Россия,Каменск-Уральский,general,Средняя общеобразовательная школа №60 им. героя Советского союза Г. П. Кунавина
RU,Россия,Каменск-Уральский,general,Средняя общеобразовательная школа №7
RU,Россия,Каменск-Уральский,general,Травянская средняя общеобразовательная школа
RU,Россия,Каменск-Уральский,general,Черемховская основная общеобразовательная школа
RU,Россия,Камышин,college,Камышинский филиал ВМК Камышинский филиал Волгоградского медицинского колледжа
RU,Россия,Камышин,college,КИПК им. А.П. Маресьева Камышинский индустриально-педагогический колледж имени Героя Советского Союза А.П.Маресьев
RU,Россия,Камышин,college,Колледж ВГИИК филиал в г. Камышине Колледж Волгоградского государственного института искусств и культуры филиал в г. Камышин
RU,Россия,Камышин,college,КПК Камышинский политехнический колледж
RU,Россия,Камышин,college,КТИ - филиал ВолГТУ Камышинский технологический институт - филиал Волгоградский государственный технический ун
RU,Россия,Камышин,college,Частный ККБ Камышинский колледж бизнеса
RU,Россия,Камышин,general,Средняя школа №1
RU,Россия,Камышин,general,Средняя школа №10
RU,Россия,Камышин,general,Средняя школа №11
RU,Россия,Камышин,general,Средняя школа №12
RU,Россия,Камышин,general,Средняя школа №14
RU,Россия,Камышин,general,Средняя школа №15
RU,Россия,Камышин,general,Средняя школа №16
RU,Россия,Камышин,general,Средняя школа №17
RU,Россия,Камышин,general,Средняя школа №18
RU,Россия,Камышин,general,Средняя школа №19
RU,Россия,Камышин,general,Средняя школа №4
RU,Россия,Камышин,general,Средняя школа №5
RU,Россия,Камышин,general,Средняя школа №6
RU,Россия,Камышин,general,Средняя школа №7
RU,Россия,Камышин,general,Средняя школа №8
RU,Россия,Камышин,general,Средняя школа №9
RU,Россия,Канаш,college,КанТЭТ Канашский транспортно-энергетический техникум
RU,Россия,Канаш,college,КФЭК Канашский финансово-экономический колледж
RU,Россия,Канаш,college,Филиал ЧМК Канаш Филиал Чебоксарского медицинского колледжа город Канаш
RU,Россия,Канаш,college,ЧПК г. Канаш Чувашский педагогический колледж им. Н.В. Никольского г. Канаш
RU,Россия,Канаш,general,Лицей государственной службы и управления
RU,Россия,Канаш,general,МАОУ СОШ № 9 Г. Канаш ЧР
RU,Россия,Канаш,general,"МБОУ ""средняя Общеобразовательная Школа № 1"" Г. Канаш"
RU,Россия,Канаш,general,"МБОУ ""средняя Общеобразовательная Школа № 10"" Г. Канаш"
RU,Россия,Канаш,general,Средняя общеобразовательная школа № 11 имени Героя Советского Союза Ивана Андреевича Кабалина
RU,Россия,Канаш,general,Средняя общеобразовательная школа № 3
RU,Россия,Канаш,general,Средняя общеобразовательная школа № 5
RU,Россия,Канаш,general,Средняя общеобразовательная школа № 6
RU,Россия,Канаш,general,Средняя общеобразовательная школа № 7
RU,Россия,Канаш,general,Средняя общеобразовательная школа № 8
RU,Россия,Каневская,general,Гармония
RU,Россия,Каневская,general,Гимназия
RU,Россия,Каневская,general,МАОУ Лицей
RU,Россия,Каневская,general,МАОУ СОШ № 1
RU,Россия,Каневская,general,МАОУ СОШ № 2
RU,Россия,Каневская,general,МАОУ СОШ № 3
RU,Россия,Каневская,general,МАОУ СОШ № 4
RU,Россия,Каневская,general,МАОУ СОШ № 6
RU,Россия,Каспийск,college,КМСиС им. С. Орджоникидзе Колледж машиностроения и сервиса им. С. Орджоникидзе
RU,Россия,Каспийск,college,КМУ им. А. Алиева Каспийское медицинское училище им. А. Алиева
RU,Россия,Каспийск,college,КППК Каспийский профессионально-педагогический колледж
RU,Россия,Каспийск,college,"УОР по футболу Дагестан Училище олимпийского резерва по футболу ""Дагестан"""
RU,Россия,Каспийск,college,"Частный СКФ ""СПБ академия милиции имени Н.А. Щёлокова"" Северо-Кавказский филиал ""Санкт-Петербургская академия милиции имени Н.А. Щёлокова"""
RU,Россия,Каспийск,college,Частный Энергетический колледж Энергетический колледж г. Каспийска
RU,Россия,Каспийск,general,Гимназия №11 им. Сулеймана Стальского
RU,Россия,Каспийск,general,Лицей №13 им. Расула Гамзатова
RU,Россия,Каспийск,general,Многопрофильная Гимназия № 16 им. М.К. Магомеджанова
RU,Россия,Каспийск,general,Специальная (коррекционная) общеобразовательная школа №10 VIII вида
RU,Россия,Каспийск,general,Средняя общеобразовательная школа №1
RU,Россия,Каспийск,general,Средняя общеобразовательная школа №12
RU,Россия,Каспийск,general,Средняя общеобразовательная школа №2 им. А.А. Назарова
RU,Россия,Каспийск,general,Средняя общеобразовательная школа №3 им. А.И. Гаджибекова
RU,Россия,Каспийск,general,Средняя общеобразовательная школа №5
RU,Россия,Каспийск,general,Средняя общеобразовательная школа №6 им. М. О. Омарова
RU,Россия,Каспийск,general,Школа №4 им. Магомед-Загида Абдулманапова
RU,Россия,Каспийск,general,Школа №9 им. Героев России-пограничников
RU,Россия,Кемерово,boarding,Зарубинская школа-интернат
RU,Россия,Кемерово,boarding,Школа-интернат №22 для детей с ограниченными возможностями здоровья
RU,Россия,Кемерово,boarding,Школа-интернат №27
RU,Россия,Кемерово,boarding,Школа-интернат №30
RU,Россия,Кемерово,college,БПТ Березовский политехнический техникум
RU,Россия,Кемерово,college,КАТ имени Г.П. Левина Кемеровский аграрный техникум имени Г.П. Левина
RU,Россия,Кемерово,college,КГТТ им. В.Г. Кожевина Кемеровский горнотехнический техникум им. В.Г. Кожевина
RU,Россия,Кемерово,college,КемТИПиСУ Кемеровский техникум индустрии питания и сферы услуг
RU,Россия,Кемерово,college,КККиИ им. И.Д. Кобзона Кузбасский колледж культуры и искусств имени народного артиста СССР И.Д. Кобзона
RU,Россия,Кемерово,college,ККСТ им. В.И. Заузелкова Кемеровский коммунально-строительный техникум имени В.И. Заузелкова
RU,Россия,Кемерово,college,КМК Кузбасский медицинский колледж
RU,Россия,Кемерово,college,КМК Кузбасский музыкальный колледж
RU,Россия,Кемерово,college,Колледж КузГТУ им. Т.Ф. Горбачева Колледж Кузбасского государственного технического университета имени Т.Ф. Горбачева
RU,Россия,Кемерово,college,КПТТ Кемеровский профессионально-технический техникум
RU,Россия,Кемерово,college,КузПК Кузбасский педагогический колледж
RU,Россия,Кемерово,college,"КузТАГиС Кузбасский техникум архитектуры, геодезии и строительства"
RU,Россия,Кемерово,college,КХК Кузбасский художественный колледж
RU,Россия,Кемерово,college,СПТ Сибирский политехнический техникум
RU,Россия,Кемерово,college,Частный ККТ Кемеровский кооперативный техникум
RU,Россия,Кемерово,college,Частный Колледж Академия ТОП Кемерово Филиал колледжа «Академия ТОП Кемерово»
RU,Россия,Кемерово,college,"Частный Колледж КемГУ Колледж промышленных, информационных технологий и права Кемеровского государственного унив"
RU,Россия,Кемерово,college,Частный КПиЦТ Колледж предпринимательских и цифровых технологий (г. Кемерово)
RU,Россия,Кемерово,college,ЯТТиМ Яшкинский техникум технологий и механизации
RU,Россия,Кемерово,general,Барановская средняя школа
RU,Россия,Кемерово,general,Березовская средняя школа
RU,Россия,Кемерово,general,Верхотомская основная школа
RU,Россия,Кемерово,general,Глубокинская основная школа
RU,Россия,Кемерово,general,Губернаторская специальная школа
RU,Россия,Кемерово,general,Елыкаевская средняя школа
RU,Россия,Кемерово,general,Зарубинская средняя школа
RU,Россия,Кемерово,general,Звездненская средняя школа
RU,Россия,Кемерово,general,Колмогоровская средняя школа
RU,Россия,Кемерово,general,Мазуровская средняя школа
RU,Россия,Кемерово,general,Металлплощадская средняя школа
RU,Россия,Кемерово,general,Мозжухинская основная общеобразовательная школа им. А.В. Лагунова
RU,Россия,Кемерово,general,Новостроевская средняя школа
RU,Россия,Кемерово,general,Основная школа №39
RU,Россия,Кемерово,general,Основная школа №46 им. М. И. Найдова
RU,Россия,Кемерово,general,Основная школа №51
RU,Россия,Кемерово,general,Основная школа №56
RU,Россия,Кемерово,general,Основная школа №60
RU,Россия,Кемерово,general,Основная школа №68
RU,Россия,Кемерово,general,Пригородная основная школа
RU,Россия,Кемерово,general,Средняя школа №10
RU,Россия,Кемерово,general,Средняя школа №11
RU,Россия,Кемерово,general,Средняя школа №12
RU,Россия,Кемерово,general,Средняя школа №14
RU,Россия,Кемерово,general,Средняя школа №15
RU,Россия,Кемерово,general,Средняя школа №16
RU,Россия,Кемерово,general,Средняя школа №18
RU,Россия,Кемерово,general,Средняя школа №19
RU,Россия,Кемерово,general,Средняя школа №24
RU,Россия,Кемерово,general,Средняя школа №26
RU,Россия,Кемерово,general,Средняя школа №28
RU,Россия,Кемерово,general,Средняя школа №31
RU,Россия,Кемерово,general,Средняя школа №32
RU,Россия,Кемерово,general,Средняя школа №33
RU,Россия,Кемерово,general,Средняя школа №34
RU,Россия,Кемерово,general,Средняя школа №35
RU,Россия,Кемерово,general,Средняя школа №36
RU,Россия,Кемерово,general,Средняя школа №37
RU,Россия,Кемерово,general,Средняя школа №40
RU,Россия,Кемерово,general,Средняя школа №44
RU,Россия,Кемерово,general,Средняя школа №45
RU,Россия,Кемерово,general,Средняя школа №48
RU,Россия,Кемерово,general,Средняя школа №49
RU,Россия,Кемерово,general,Средняя школа №5
RU,Россия,Кемерово,general,Средняя школа №50
RU,Россия,Кемерово,general,Средняя школа №52
RU,Россия,Кемерово,general,Средняя школа №54
RU,Россия,Кемерово,general,Средняя школа №55
RU,Россия,Кемерово,general,Средняя школа №58
RU,Россия,Кемерово,general,Средняя школа №61
RU,Россия,Кемерово,general,Средняя школа №65
RU,Россия,Кемерово,general,Средняя школа №69
RU,Россия,Кемерово,general,Средняя школа №7
RU,Россия,Кемерово,general,Средняя школа №70
RU,Россия,Кемерово,general,Средняя школа №74
RU,Россия,Кемерово,general,Средняя школа №77
RU,Россия,Кемерово,general,Средняя школа №78
RU,Россия,Кемерово,general,Средняя школа №8
RU,Россия,Кемерово,general,Средняя школа №80
RU,Россия,Кемерово,general,Средняя школа №82
RU,Россия,Кемерово,general,Средняя школа №84
RU,Россия,Кемерово,general,Средняя школа №85
RU,Россия,Кемерово,general,Средняя школа №90
RU,Россия,Кемерово,general,Средняя школа №91
RU,Россия,Кемерово,general,Средняя школа №92
RU,Россия,Кемерово,general,Средняя школа №93
RU,Россия,Кемерово,general,Средняя школа №94
RU,Россия,Кемерово,general,Средняя школа №95
RU,Россия,Кемерово,general,Средняя школа №96
RU,Россия,Кемерово,general,Средняя школа №97
RU,Россия,Кемерово,general,Средняя школа №99
RU,Россия,Кемерово,general,Топкинская основная школа
RU,Россия,Кемерово,general,Усть-Хмелёвская основная школа
RU,Россия,Кемерово,general,Школа им. Найдова Михаила Ивановича
RU,Россия,Кемерово,general,Школа первых
RU,Россия,Кемерово,general,Школа №100
RU,Россия,Кемерово,general,Школа №101
RU,Россия,Кемерово,general,Школа №104
RU,Россия,Кемерово,general,Школа №20
RU,Россия,Кемерово,general,Ягуновская средняя школа
RU,Россия,Кемерово,general,Ясногорская средняя школа
RU,Россия,Керчь,boarding,Керченская коррекционная школа-интернат
RU,Россия,Керчь,college,КМК им. Г.К. Петровой Керченский медицинский колледж имени Г.К. Петровой
RU,Россия,Керчь,college,КМТК Керченский морской технический колледж
RU,Россия,Керчь,college,КПК Керченский политехнический колледж
RU,Россия,Керчь,college,КТТ Керченский технологический техникум
RU,Россия,Керчь,college,Судомеханический техникум КГМТУ Судомеханический техникум Керченского государственного морского технологического университ
RU,Россия,Керчь,college,"Частный Колледж Академия ТОП Керчь Приемная комиссия АНО ПОО Московский международный колледж цифровых технологий ""Академия Т"
RU,Россия,Керчь,general,Керченская специализированная школа-интернат с углубленным изучением отдельных предметов
RU,Россия,Керчь,general,Керченская специальная школа-интернат
RU,Россия,Керчь,general,Керченская школа №23
RU,Россия,Керчь,general,Специализированная школа № 19 с углубленным изучением английского языка
RU,Россия,Керчь,general,Специализированная школа №1
RU,Россия,Керчь,general,Специализированная школа №19
RU,Россия,Керчь,general,Средняя школа №2
RU,Россия,Керчь,general,Школа - гимназия № 1
RU,Россия,Керчь,general,Школа - морской технический лицей
RU,Россия,Керчь,general,Школа № 10
RU,Россия,Керчь,general,Школа № 12
RU,Россия,Керчь,general,Школа № 13
RU,Россия,Керчь,general,Школа № 15 имени Героя Советского Союза Е.М. Рудневой
RU,Россия,Керчь,general,Школа № 17 имени Веры Белик
RU,Россия,Керчь,general,Школа № 22 имени Героев Аджимушкайских каменоломен
RU,Россия,Керчь,general,Школа № 23
RU,Россия,Керчь,general,Школа № 26 имени Героя Советского Союза Д.Т. Доева
RU,Россия,Керчь,general,Школа № 28
RU,Россия,Керчь,general,Школа № 4 имени А.С. Пушкина
RU,Россия,Керчь,general,Школа № 5
RU,Россия,Керчь,general,Школа №11
RU,Россия,Керчь,general,Школа №15
RU,Россия,Керчь,general,Школа №17
RU,Россия,Керчь,general,Школа №22
RU,Россия,Керчь,general,Школа №25
RU,Россия,Керчь,general,Школа №26
RU,Россия,Керчь,general,Школа №4
RU,Россия,Керчь,general,Школа №9
RU,Россия,Керчь,university,Керченский государственный морской технологический университет
RU,Россия,Керчь,university,Керченский филиал — Крымский инженерно-педагогический университет
RU,Россия,Кизляр,college,КМУ Кизлярское медицинское училище
RU,Россия,Кизляр,college,Колледж ДГУ в г. Кизляр Колледж Дагестанского государственного университета в г. Кизляр
RU,Россия,Кизляр,college,КППК Кизлярский профессионально-педагогический колледж
RU,Россия,Кизляр,college,"Филиал ""Санкт-Петербургский государственный экономический университет"" в г. Кизляре Филиал ""Санкт-Петербургский государственный экономический университет"" в г. Кизляре"
RU,Россия,Кизляр,college,Частный Медицинский колледж имени Башларова в г. Кизляр Медицинский колледж имени Башларова в г. Кизляр
RU,Россия,Кизляр,college,ЭМК Электромеханический колледж
RU,Россия,Кизляр,general,МБОУ СОШ № 1 С.кизляр
RU,Россия,Кизляр,general,МБОУ СОШ № 2 С. Кизляр
RU,Россия,Кингисепп,college,ККТП Кингисеппский колледж технологии и сервиса
RU,Россия,Кингисепп,college,"Частный Колледж Академия ТОП Кингисепп Приемная комиссия АНО ПОО Московский международный колледж цифровых технологий ""Академия Т"
RU,Россия,Кингисепп,general,Кингисеппская гимназия
RU,Россия,Кингисепп,general,Кингисеппская средняя общеобразовательная школа № 2
RU,Россия,Кингисепп,general,Кингисеппская средняя общеобразовательная школа № 4
RU,Россия,Кингисепп,general,Кингисеппская средняя общеобразовательная школа № 6
RU,Россия,Кингисепп,general,"Лесобиржская школа-интернат, реализующая адаптированные образовательные программы"
RU,Россия,Кинель,general,ГБОУ СОШ № 1 Города Кинеля
RU,Россия,Кинель,general,ГБОУ СОШ № 11 Г. Кинеля
RU,Россия,Кинель,general,ГБОУ СОШ № 9 Г. Кинеля
RU,Россия,Кинель,general,города Кинеля городского округа Кинель Самарской области
RU,Россия,Кинель,general,Средняя школа №1
RU,Россия,Кинель,general,Средняя школа №10
RU,Россия,Кинель,general,Средняя школа №11
RU,Россия,Кинель,general,Средняя школа №3
RU,Россия,Кинель,general,Средняя школа №9
RU,Россия,Кинель,general,Школа №7
RU,Россия,Кинешма,college,Кинешемский педколледж Кинешемский педагогический колледж
RU,Россия,Кинешма,college,ККИПиТ Кинешемский колледж индустрии питания и торговли
RU,Россия,Кинешма,college,КМК Кинешемский медицинский колледж
RU,Россия,Кинешма,college,КПК Кинешемский политехнический колледж
RU,Россия,Кинешма,college,КТТИ Кинешемский технологический техникум-интернат Министерства труда и социальной защиты Росси
RU,Россия,Кинешма,general,Гимназия имени А.Н. Островского
RU,Россия,Кинешма,general,Кинешемская коррекционная школа-интернат
RU,Россия,Кинешма,general,Кинешемский технологический техникум-интернат
RU,Россия,Кинешма,general,Лицей им. Д.А. Фурманова
RU,Россия,Кинешма,general,МБОУ Школа № 1
RU,Россия,Кинешма,general,МБОУ Школа № 10
RU,Россия,Кинешма,general,МБОУ Школа № 11
RU,Россия,Кинешма,general,МБОУ Школа № 16
RU,Россия,Кинешма,general,МБОУ Школа № 17
RU,Россия,Кинешма,general,МБОУ Школа № 18 ИМ. Маршала А.М. Василевского
RU,Россия,Кинешма,general,МБОУ Школа № 19 Имени 212 Полка
RU,Россия,Кинешма,general,МБОУ Школа № 2
RU,Россия,Кинешма,general,МБОУ Школа № 5
RU,Россия,Кинешма,general,МБОУ Школа № 6
RU,Россия,Кинешма,general,МБОУ Школа № 8
RU,Россия,Киров,boarding,Школа-интернат для обучающихся с ограниченными возможностями здоровья г. Кирова
RU,Россия,Киров,boarding,Школа-интернат для обучающихся с ограниченными возможностями здоровья пос. Торфяной Оричевского района
RU,Россия,Киров,boarding,Школа-интернат для обучающихся с ограниченными возможностями здоровья №3 г. Кирова
RU,Россия,Киров,college,ВАПТ Вятский аграрно-промышленный техникум
RU,Россия,Киров,college,ВЖТ Вятский железнодорожный техникум
RU,Россия,Киров,college,ВКК Вятский колледж культуры
RU,Россия,Киров,college,ВХУ им. А.А. Рылова Вятское художественное училище имени А.А. Рылова
RU,Россия,Киров,college,ВЭМТ Вятский электромашиностроительный техникум
RU,Россия,Киров,college,"ВятКТУиС Вятский колледж профессиональных технологий, управления и сервиса"
RU,Россия,Киров,college,КАТ Кировский авиационный техникум
RU,Россия,Киров,college,КАТ Кировский автодорожный техникум
RU,Россия,Киров,college,КАТТ Куменский аграрно-технологический техникум
RU,Россия,Киров,college,"КГКСЭП - филиал МИИГАиК Кировский государственный колледж строительства, экономики и права - филиал Московский гос"
RU,Россия,Киров,college,КИПК им. А.П. Чурилина Кировский индустриально-педагогический колледж им. А.П. Чурилина
RU,Россия,Киров,college,Кировский медицинский колледж
RU,Россия,Киров,college,Кировский техникум железнодорожного транспорта - филиал ПривГУПС
RU,Россия,Киров,college,ККМИ им. И.В. Казенина Кировский колледж музыкального искусства им. И.В. Казенина
RU,Россия,Киров,college,КЛПК Кировский лесопромышленный колледж
RU,Россия,Киров,college,КМПТ Кировский многопрофильный техникум
RU,Россия,Киров,college,Колледж Вятского ГАТУ Колледж Вятского ГАТУ
RU,Россия,Киров,college,КПиАС Колледж промышленности и автомобильного сервиса
RU,Россия,Киров,college,КПК Кировский педагогический колледж
RU,Россия,Киров,college,КТК Кировский технологический колледж
RU,Россия,Киров,college,КТКПП Кировский технологический колледж пищевой промышленности
RU,Россия,Киров,college,Отделение СПО Волго-Вятского института (филиала) МГЮА Отделение среднего профессионального образования Волго-Вятского института (филиала) Универ
RU,Россия,Киров,college,ССЭТ Санчурский социально-экономический техникум
RU,Россия,Киров,college,"Частный ВВКИФПУ Волго-Вятский колледж информатики, финансов, права, управления"
RU,Россия,Киров,college,Частный ВГЭК Вятский гуманитарно-экономический колледж
RU,Россия,Киров,college,Частный ВЭСК Вятский экономико-социальный колледж
RU,Россия,Киров,college,Частный ВятКУ Вятский колледж управления и новых технологий
RU,Россия,Киров,college,Частный Колледж Академия ТОП Киров Филиал колледжа «Академия ТОП Киров»
RU,Россия,Киров,college,Частный Колледж Кировский филиал МФЮА Колледж Кировский филиал Московского финансово-юридического университета
RU,Россия,Киров,college,Частный КПСЮПК Кировский пожарно-спасательный юридический полицейский колледж
RU,Россия,Киров,college,Частный КФ «СПБ академия милиции им. Н.А. Щёлокова» Кировский филиал «Санкт-Петербургская Академия милиции имени Н.А. Щёлокова»
RU,Россия,Киров,general,Быстрицкая основная школа
RU,Россия,Киров,general,Вечерняя школа
RU,Россия,Киров,general,Инженерно-железнодорожный лицей
RU,Россия,Киров,general,Лицей информационных технологий № 28
RU,Россия,Киров,general,Лугоболотная средняя школа
RU,Россия,Киров,general,Наша школа
RU,Россия,Киров,general,Основная школа
RU,Россия,Киров,general,Основная школа №1
RU,Россия,Киров,general,Основная школа №19
RU,Россия,Киров,general,Основная школа №24
RU,Россия,Киров,general,Основная школа №33
RU,Россия,Киров,general,Основная школа №68
RU,Россия,Киров,general,Основная школа №69
RU,Россия,Киров,general,Основная школа №7
RU,Россия,Киров,general,Первая школа
RU,Россия,Киров,general,Средняя общеобразовательная школа с углубленным изучением отдельных предметов № 30
RU,Россия,Киров,general,Средняя общеобразовательная школа с углубленным изучением отдельных предметов № 37
RU,Россия,Киров,general,Средняя общеобразовательная школа с углубленным изучением отдельных предметов № 60
RU,Россия,Киров,general,Средняя общеобразовательная школа с углубленным изучением отдельных предметов № 62 им. А.Я.Опарина
RU,Россия,Киров,general,Средняя общеобразовательная школа с углубленным изучением отдельных предметов № 74
RU,Россия,Киров,general,Средняя общеобразовательная школа № 11
RU,Россия,Киров,general,Средняя общеобразовательная школа № 16
RU,Россия,Киров,general,Средняя общеобразовательная школа № 20
RU,Россия,Киров,general,Средняя общеобразовательная школа № 22
RU,Россия,Киров,general,Средняя общеобразовательная школа № 32
RU,Россия,Киров,general,Средняя общеобразовательная школа № 39
RU,Россия,Киров,general,Средняя общеобразовательная школа № 53
RU,Россия,Киров,general,Средняя общеобразовательная школа № 56
RU,Россия,Киров,general,Средняя школа
RU,Россия,Киров,general,Средняя школа №10
RU,Россия,Киров,general,Средняя школа №14
RU,Россия,Киров,general,Средняя школа №18
RU,Россия,Киров,general,Средняя школа №2
RU,Россия,Киров,general,Средняя школа №23
RU,Россия,Киров,general,Средняя школа №25
RU,Россия,Киров,general,Средняя школа №26
RU,Россия,Киров,general,Средняя школа №27
RU,Россия,Киров,general,Средняя школа №30
RU,Россия,Киров,general,Средняя школа №31
RU,Россия,Киров,general,Средняя школа №34
RU,Россия,Киров,general,Средняя школа №37
RU,Россия,Киров,general,Средняя школа №4
RU,Россия,Киров,general,Средняя школа №40
RU,Россия,Киров,general,Средняя школа №42
RU,Россия,Киров,general,Средняя школа №45
RU,Россия,Киров,general,Средняя школа №47
RU,Россия,Киров,general,Средняя школа №48
RU,Россия,Киров,general,Средняя школа №5
RU,Россия,Киров,general,Средняя школа №51
RU,Россия,Киров,general,Средняя школа №52
RU,Россия,Киров,general,Средняя школа №54
RU,Россия,Киров,general,Средняя школа №55
RU,Россия,Киров,general,Средняя школа №57
RU,Россия,Киров,general,Средняя школа №58
RU,Россия,Киров,general,Средняя школа №59
RU,Россия,Киров,general,Средняя школа №60
RU,Россия,Киров,general,Средняя школа №61
RU,Россия,Киров,general,Средняя школа №62
RU,Россия,Киров,general,Средняя школа №65
RU,Россия,Киров,general,Средняя школа №66
RU,Россия,Киров,general,Средняя школа №70
RU,Россия,Киров,general,Средняя школа №71
RU,Россия,Киров,general,Средняя школа №73
RU,Россия,Киров,general,Средняя школа №74
RU,Россия,Киров,general,Средняя школа №8
RU,Россия,Киров,general,Средняя школа №9
RU,Россия,Киров,general,Строящаяся школа
RU,Россия,Киров,general,Школа для обучающихся с ограниченными возможностями здоровья «Хрусталик» г. Кирова
RU,Россия,Киров,general,Школа для обучающихся с ограниченными возможностями здоровья № 13 г. Кирова
RU,Россия,Киров,general,Школа для обучающихся с ограниченными возможностями здоровья № 44 г. Кирова
RU,Россия,Киров,general,Школа для обучающихся с ограниченными возможностями здоровья № 50 г. Кирова
RU,Россия,Киров,general,Школа №13
RU,Россия,Киров,general,Школа №44
RU,Россия,Киров,general,Школа №50
RU,Россия,Киров,university,Волго-Вятский институт (филиал)
RU,Россия,Киров,university,Вятский государственный агротехнологический университет
RU,Россия,Киров,university,Вятский государственный университет
RU,Россия,Киров,university,Кировский государственный медицинский университет
RU,Россия,Киров,university,Кировский институт (филиал)
RU,Россия,Киров,university,Кировский филиал
RU,Россия,Киров,university,Кировский филиал Аккредитованного образовательного
RU,Россия,Киселевск,college,КГТ Киселевский горный техникум
RU,Россия,Киселевск,college,КПК Киселевский педагогический колледж
RU,Россия,Киселевск,college,КПТ Киселевский политехнический техникум
RU,Россия,Киселевск,college,КТТТ Кузбасский транспортно-технологический техникум
RU,Россия,Киселевск,general,Лицей № 1
RU,Россия,Киселевск,general,Основная общеобразовательная школа № 16
RU,Россия,Киселевск,general,Основная общеобразовательная школа № 3
RU,Россия,Киселевск,general,Основная общеобразовательная школа № 31
RU,Россия,Киселевск,general,Основная общеобразовательная школа № 33
RU,Россия,Киселевск,general,Основная общеобразовательная школа № 35
RU,Россия,Киселевск,general,Основная школа №23
RU,Россия,Киселевск,general,Средняя общеобразовательная школа № 11
RU,Россия,Киселевск,general,Средняя общеобразовательная школа № 14
RU,Россия,Киселевск,general,Средняя общеобразовательная школа № 25
RU,Россия,Киселевск,general,СРЕДНЯЯ ОБЩЕОБРАЗОВАТЕЛЬНАЯ ШКОЛА № 27
RU,Россия,Киселевск,general,Средняя общеобразовательная школа № 28
RU,Россия,Киселевск,general,Средняя общеобразовательная школа № 5
RU,Россия,Киселевск,general,Средняя школа №3
RU,Россия,Киселевск,general,Средняя школа №31
RU,Россия,Кисловодск,boarding,Школа-интернат №18
RU,Россия,Кисловодск,college,ГУОР г. Кисловодск Кисловодское государственное училище (техникум) олимпийского резерва
RU,Россия,Кисловодск,college,КГМТ Кисловодский государственный многопрофильный техникум
RU,Россия,Кисловодск,college,КМК Кисловодский медицинский колледж
RU,Россия,Кисловодск,college,"КМК ""Кисловодский медицинский колледж"" Минздрава России"
RU,Россия,Кисловодск,college,МТК Механико-технологический колледж с. Первомайское
RU,Россия,Кисловодск,college,Техникум КГТИ Техникум Кисловодского гуманитарно-технического института
RU,Россия,Кисловодск,general,Средняя общеобразовательная школа №12
RU,Россия,Кисловодск,general,Средняя общеобразовательная школа №2 с углубленным изучением английского языка
RU,Россия,Кисловодск,general,Средняя школа №1
RU,Россия,Кисловодск,general,Средняя школа №14
RU,Россия,Кисловодск,general,Средняя школа №15
RU,Россия,Кисловодск,general,Средняя школа №16
RU,Россия,Кисловодск,general,Средняя школа №17
RU,Россия,Кисловодск,general,Средняя школа №22 города-курорта Кисловодска
RU,Россия,Кисловодск,general,Средняя школа №7
RU,Россия,Кисловодск,general,Средняя школа №9
RU,Россия,Кисловодск,general,Школа №21
RU,Россия,Клин,general,Гимназия им. В.Н. Татищева
RU,Россия,Клин,general,Моу-Гимназия ИМ. В.И. Танеева
RU,Россия,Клин,general,Моу-Гимназия ИМ. В.Н. Татищева
RU,Россия,Клин,general,МОУ - Гимназия ИМ. К.Д. Ушинского
RU,Россия,Клин,general,МОУ - Лицей ИМ. Д.И. Менделеева
RU,Россия,Клин,general,МОУ - СОШ ИМ. В.В. Талалихина
RU,Россия,Клин,general,МОУ - СОШ ИМ. Маргариты Калининой
RU,Россия,Клин,general,Средняя школа
RU,Россия,Клин,general,Средняя школа №14
RU,Россия,Клин,general,Школа для обучающихся с ограниченными возможностями здоровья
RU,Россия,Клин,university,Институт информационных технологий экономики и менеджмента
RU,Россия,Клин,university,Клинский филиал — Институт государственного администрирования
RU,Россия,Клин,university,Российский государственный социальный университет — филиал в г. Клин
RU,Россия,Ковров,boarding,Специальная коррекционная общеобразовательная школа-интернат VIII вида
RU,Россия,Ковров,boarding,"Специальная (коррекционная) общеобразовательная школа-интернат г. Коврова для глухих, слабослышащих и позднооглохших детей"
RU,Россия,Ковров,college,КМК им. Е.И. Смирнова Ковровский медицинский колледж им. Е.И. Смирнова
RU,Россия,Ковров,college,Колледж КГТА имени В.А. Дегтярева Энергомеханический колледж КГТА имени В.А. Дегтярева
RU,Россия,Ковров,general,Гимназия № 1 имени А.Н. Барсукова
RU,Россия,Ковров,general,МБОУ ООШ № 18
RU,Россия,Ковров,general,МБОУ ООШ № 2
RU,Россия,Ковров,general,МБОУ СОШ № 19 Г. Коврова
RU,Россия,Ковров,general,МБОУ СОШ № 4 Г.коврова
RU,Россия,Ковров,general,МБОУ СОШ № 8 Г. Коврова
RU,Россия,Ковров,general,Основная школа №18
RU,Россия,Ковров,general,Основная школа №2
RU,Россия,Ковров,general,Специальная (коррекционная) общеобразовательная школа-интернат г. Ковров
RU,Россия,Ковров,general,Средняя школа № 10
RU,Россия,Ковров,general,Средняя школа № 11
RU,Россия,Ковров,general,Средняя школа № 15
RU,Россия,Ковров,general,Средняя школа № 17
RU,Россия,Ковров,general,Средняя школа № 19
RU,Россия,Ковров,general,Средняя школа № 23
RU,Россия,Ковров,general,Средняя школа № 5
RU,Россия,Ковров,general,Средняя школа №14
RU,Россия,Ковров,general,Средняя школа №21
RU,Россия,Ковров,general,Средняя школа №22
RU,Россия,Ковров,general,Средняя школа №24
RU,Россия,Ковров,general,Средняя школа №4
RU,Россия,Ковров,general,Средняя школа №8
RU,Россия,Ковров,general,Средняя школа №9
RU,Россия,Ковров,university,Ковровский государственный технологический университет имени В.А. Дегтярева
RU,Россия,Когалым,general,Средняя общеобразовательная школа № 1
RU,Россия,Когалым,general,Средняя общеобразовательная школа № 10
RU,Россия,Когалым,general,Средняя общеобразовательная школа № 3
RU,Россия,Когалым,general,Средняя общеобразовательная школа № 5
RU,Россия,Когалым,general,Средняя общеобразовательная школа № 6
RU,Россия,Когалым,general,Средняя общеобразовательная школа № 7
RU,Россия,Когалым,general,Средняя общеобразовательная школа № 8 с углубленным изучением отдельных предметов
RU,Россия,Когалым,general,Средняя школа-сад №10
RU,Россия,Когалым,general,Средняя Школа №8
RU,Россия,Когалым,general,Строящаяся школа
RU,Россия,Коломна,boarding,Школа-интернат для детей с ограниченными возможностями здоровья №19
RU,Россия,Коломна,college,1-й МОМК Московский областной музыкальный колледж
RU,Россия,Коломна,college,"Егорьевский техникум филиал ""Озеры"" Егорьевский техникум филиал ""Озеры"""
RU,Россия,Коломна,college,КАК имени Н.Т. Козлова Коломенский аграрный колледж имени Н.Т. Козлова
RU,Россия,Коломна,college,Колледж Коломна Колледж Коломна
RU,Россия,Коломна,college,Коломенский филиал МосОМК Коломенский филиал Московского областного медицинского колледжа
RU,Россия,Коломна,general,Радужненская средняя школа
RU,Россия,Коломна,general,Средняя школа №12
RU,Россия,Коломна,general,Средняя школа №14
RU,Россия,Коломна,general,Средняя школа №15
RU,Россия,Коломна,general,Средняя школа №16
RU,Россия,Коломна,general,Средняя школа №17
RU,Россия,Коломна,general,Средняя школа №21
RU,Россия,Коломна,general,Средняя школа №30
RU,Россия,Комсомольск-на-Амуре,college,ГАСКК МЦК Губернаторский авиастроительный колледж г. Комсомольска-на-Амуре (Межрегиональный центр ко
RU,Россия,Комсомольск-на-Амуре,college,ККТиС Комсомольский-на-Амуре колледж технологий и сервиса
RU,Россия,Комсомольск-на-Амуре,college,КЛПТ Комсомольский-на-Амуре лесопромышленный техникум
RU,Россия,Комсомольск-на-Амуре,college,Колледж КнАГУ Колледж Комсомольского-на-Амуре государственного университета
RU,Россия,Комсомольск-на-Амуре,college,КСК Комсомольский-на-Амуре строительный колледж
RU,Россия,Комсомольск-на-Амуре,college,КСМТ Комсомольский-на-Амуре судомеханический техникум им. В.В. Орехова
RU,Россия,Комсомольск-на-Амуре,college,"КФ ХГМК Комсомольский-на-Амуре филиал ""Хабаровский государственный медицинский колледж имени Г.С"
RU,Россия,Комсомольск-на-Амуре,college,СПТ Солнечный промышленный техникум
RU,Россия,Комсомольск-на-Амуре,college,Частный Колледж Академия ТОП Комсомольск-на-Амуре Филиал колледжа «Академия ТОП Комсомольск-на-Амуре»
RU,Россия,Комсомольск-на-Амуре,college,ЧГТТ Чегдомынский горно-технологический техникум
RU,Россия,Комсомольск-на-Амуре,general,Инженерная школа
RU,Россия,Комсомольск-на-Амуре,general,МОУ Гимназия № 45
RU,Россия,Комсомольск-на-Амуре,general,МОУ Лицей № 33
RU,Россия,Комсомольск-на-Амуре,general,МОУ СОШ С Углубленным Изучением Предметов Художественно-Эстетического Цикла № 23
RU,Россия,Комсомольск-на-Амуре,general,МОУ СОШ № 27 Имени Героя России Васянина М.И
RU,Россия,Комсомольск-на-Амуре,general,МОУ СОШ № 38
RU,Россия,Комсомольск-на-Амуре,general,Основная школа
RU,Россия,Комсомольск-на-Амуре,general,Основная школа №2
RU,Россия,Комсомольск-на-Амуре,general,Основная школа №29
RU,Россия,Комсомольск-на-Амуре,general,Средняя школа
RU,Россия,Комсомольск-на-Амуре,general,Средняя школа №1
RU,Россия,Комсомольск-на-Амуре,general,Средняя школа №13
RU,Россия,Комсомольск-на-Амуре,general,Средняя школа №14
RU,Россия,Комсомольск-на-Амуре,general,Средняя школа №15
RU,Россия,Комсомольск-на-Амуре,general,Средняя школа №16
RU,Россия,Комсомольск-на-Амуре,general,Средняя школа №19
RU,Россия,Комсомольск-на-Амуре,general,Средняя школа №2
RU,Россия,Комсомольск-на-Амуре,general,Средняя школа №22
RU,Россия,Комсомольск-на-Амуре,general,Средняя школа №23
RU,Россия,Комсомольск-на-Амуре,general,Средняя школа №24
RU,Россия,Комсомольск-на-Амуре,general,Средняя школа №27
RU,Россия,Комсомольск-на-Амуре,general,Средняя школа №28
RU,Россия,Комсомольск-на-Амуре,general,Средняя школа №3
RU,Россия,Комсомольск-на-Амуре,general,Средняя школа №30
RU,Россия,Комсомольск-на-Амуре,general,Средняя школа №31
RU,Россия,Комсомольск-на-Амуре,general,Средняя школа №32
RU,Россия,Комсомольск-на-Амуре,general,Средняя школа №34
RU,Россия,Комсомольск-на-Амуре,general,Средняя школа №35
RU,Россия,Комсомольск-на-Амуре,general,Средняя школа №36
RU,Россия,Комсомольск-на-Амуре,general,Средняя школа №37
RU,Россия,Комсомольск-на-Амуре,general,Средняя школа №4
RU,Россия,Комсомольск-на-Амуре,general,Средняя школа №42
RU,Россия,Комсомольск-на-Амуре,general,Средняя школа №5
RU,Россия,Комсомольск-на-Амуре,general,Средняя школа №50
RU,Россия,Комсомольск-на-Амуре,general,Средняя школа №51
RU,Россия,Комсомольск-на-Амуре,general,Средняя школа №53
RU,Россия,Комсомольск-на-Амуре,general,Средняя школа №6
RU,Россия,Комсомольск-на-Амуре,general,Средняя школа №62
RU,Россия,Комсомольск-на-Амуре,general,Средняя школа №7
RU,Россия,Комсомольск-на-Амуре,general,Средняя школа №8
RU,Россия,Комсомольск-на-Амуре,university,Амурский гуманитарно-педагогический государственный университет
RU,Россия,Комсомольск-на-Амуре,university,Комсомольский-на-Амуре государственный университет
RU,Россия,Копейск,boarding,Школа-интернат №8
RU,Россия,Копейск,college,КМТ Копейский медицинский техникум
RU,Россия,Копейск,college,Копейский филиал ЧГКИПиТ Копейский филиал Челябинского государственного колледжа индустрии питания и торговли
RU,Россия,Копейск,college,КПК им С.В. Хохрякова Копейский политехнический колледж им. С.В. Хохрякова
RU,Россия,Копейск,general,Общеобразовательная школа - интернат для обучающихся с ограниченными возможностями здоровья
RU,Россия,Копейск,general,Октябрьская средняя школа
RU,Россия,Копейск,general,Основная общеобразовательная школа № 15 имени Г.А. Труша
RU,Россия,Копейск,general,Основная школа №15
RU,Россия,Копейск,general,Средняя общеобразовательная школа № 1
RU,Россия,Копейск,general,Средняя общеобразовательная школа № 13
RU,Россия,Копейск,general,Средняя общеобразовательная школа № 16
RU,Россия,Копейск,general,Средняя общеобразовательная школа № 2
RU,Россия,Копейск,general,Средняя общеобразовательная школа № 21
RU,Россия,Копейск,general,Средняя общеобразовательная школа № 23
RU,Россия,Копейск,general,Средняя общеобразовательная школа № 24
RU,Россия,Копейск,general,Средняя общеобразовательная школа № 32
RU,Россия,Копейск,general,Средняя общеобразовательная школа № 4
RU,Россия,Копейск,general,Средняя общеобразовательная школа № 42
RU,Россия,Копейск,general,Средняя общеобразовательная школа № 44 им. С.Ф.Бароненко
RU,Россия,Копейск,general,Средняя общеобразовательная школа № 45
RU,Россия,Копейск,general,Средняя общеобразовательная школа № 47
RU,Россия,Копейск,general,Средняя общеобразовательная школа № 48
RU,Россия,Копейск,general,Средняя общеобразовательная школа № 49
RU,Россия,Копейск,general,Средняя общеобразовательная школа № 6
RU,Россия,Копейск,general,Средняя общеобразовательная школа № 7
RU,Россия,Копейск,general,Средняя общеобразовательная школа № 9
RU,Россия,Копейск,general,Средняя школа №43
RU,Россия,Копейск,general,Средняя школа №44
RU,Россия,Кореновск,general,МАОУ СОШ № 1 ИМ. И.д.бувальцева МО Кореновский Район
RU,Россия,Кореновск,general,МАОУ СОШ № 17 ИМ. К.в.навальневой МО Кореновский Район
RU,Россия,Кореновск,general,МАОУ СОШ № 18 МО Кореновский Район
RU,Россия,Кореновск,general,МАОУ СОШ № 19 Им.героя России С.а.наточего МО Кореновский Район
RU,Россия,Кореновск,general,МАОУ СОШ № 20 ИМ. Е.а.красильникова МО Кореновский Район
RU,Россия,Кореновск,general,МАОУ СОШ № 3 ИМ. Героя России Р.М. Хабибуллина МО Кореновский Район
RU,Россия,Кореновск,general,МОБУ СОШ № 2 ИМ. Героя Советского Союза Г.Н. Зеленского МО Кореновский Район
RU,Россия,Королёв,boarding,Школа-интернат для обучающихся с ограниченными возможностями здоровья
RU,Россия,Королёв,boarding,Школа-интернат для слепых и слабовидящих детей
RU,Россия,Королёв,college,МЦК - Техникум им. С.П. Королева Межрегиональный центр компетенций - Техникум имени С.П. Королева
RU,Россия,Королёв,college,Частный Колледж Академия ТОП Королев Филиал колледжа «Академия ТОП Королев»
RU,Россия,Королёв,college,Частный Колледж Королевского филиала МЮИ Колледж Королевского филиала Международного юридического института
RU,Россия,Королёв,general,Лицей №4
RU,Россия,Королёв,general,Первомайская средняя школа №2
RU,Россия,Королёв,general,Средняя общеобразовательная школа №7
RU,Россия,Королёв,general,Средняя школа №1
RU,Россия,Королёв,general,Средняя школа №10
RU,Россия,Королёв,general,Средняя школа №12
RU,Россия,Королёв,general,Средняя школа №13
RU,Россия,Королёв,general,Средняя школа №15
RU,Россия,Королёв,general,Средняя школа №2
RU,Россия,Королёв,general,Средняя школа №20
RU,Россия,Королёв,general,Средняя школа №3
RU,Россия,Королёв,general,Средняя школа №5
RU,Россия,Корсаков,general,Начальная общеобразовательная школа № 5
RU,Россия,Корсаков,general,Начальная школа №5
RU,Россия,Корсаков,general,Средняя общеобразовательная школа № 1
RU,Россия,Корсаков,general,Средняя общеобразовательная школа № 2
RU,Россия,Корсаков,general,Средняя общеобразовательная школа № 3
RU,Россия,Корсаков,general,Средняя общеобразовательная школа № 4
RU,Россия,Корсаков,general,Средняя общеобразовательная школа № 6
RU,Россия,Кострома,boarding,Никольская школа-интернат
RU,Россия,Кострома,boarding,Школа-интернат Костромской области для детей с тяжелыми нарушениями речи и детей с нарушениями опорно-двигательного аппарата
RU,Россия,Кострома,boarding,Школа-интернат Костромской области для обучающихся с ограниченными возможностями здоровья по слуху
RU,Россия,Кострома,boarding,"Школа-интернат Костромской области для слепых, слабовидящих детей"
RU,Россия,Кострома,college,ВПМ Волгореченский промышленный техникум
RU,Россия,Кострома,college,КАДК Костромской автодорожный колледж
RU,Россия,Кострома,college,КАТ Костромской автотранспортный колледж
RU,Россия,Кострома,college,ККОТСиЛП Костромской колледж отраслевых технологий строительства и лесной промышленности
RU,Россия,Кострома,college,КМТ Костромской машиностроительный техникум
RU,Россия,Кострома,college,КОКК Костромской областной колледж культуры
RU,Россия,Кострома,college,КОМК им. С. А. Богомолова Костромской областной медицинский колледж имени С.А.Богомолова
RU,Россия,Кострома,college,КОМК Костромской областной музыкальный колледж
RU,Россия,Кострома,college,КПК Костромской политехнический колледж
RU,Россия,Кострома,college,КТТиП Костромской техникум торговли и питания
RU,Россия,Кострома,college,КТЭК Костромской торгово-экономический колледж
RU,Россия,Кострома,college,КЭТ Костромской энергетический техникум им. Ф.В. Чижова
RU,Россия,Кострома,college,Судиславский филиал КАДК Судиславский филиал Костромского автодорожного колледжа
RU,Россия,Кострома,college,Частный ГБШ при НБК Губернская Балетная Школа (колледж) при «Национальный балет «Кострома»
RU,Россия,Кострома,college,Частный Колледж Академия ТОП Кострома Филиал колледжа «Академия ТОП Кострома»
RU,Россия,Кострома,college,Частный КТТ Костромской технологический техникум
RU,Россия,Кострома,general,Апраксинская основная общеобразовательная школа
RU,Россия,Кострома,general,Вечерняя школа №2
RU,Россия,Кострома,general,Гридинская основная школа
RU,Россия,Кострома,general,Дреневская основная школа
RU,Россия,Кострома,general,Зарубинская средняя школа
RU,Россия,Кострома,general,Здемировская начальная школа
RU,Россия,Кострома,general,Караваевская средняя школа
RU,Россия,Кострома,general,Красносельская средняя школа
RU,Россия,Кострома,general,Кузьмищенская средняя школа
RU,Россия,Кострома,general,Лицей №34
RU,Россия,Кострома,general,Минская основная школа
RU,Россия,Кострома,general,Некрасовская начальная школа
RU,Россия,Кострома,general,Никольская средняя школа
RU,Россия,Кострома,general,Основная средняя школа №19
RU,Россия,Кострома,general,Родная школа
RU,Россия,Кострома,general,Саметская основная школа
RU,Россия,Кострома,general,Середняковская средняя школа
RU,Россия,Кострома,general,Сопырёвская основная школа
RU,Россия,Кострома,general,Средняя школа №1
RU,Россия,Кострома,general,Средняя школа №10
RU,Россия,Кострома,general,Средняя школа №11
RU,Россия,Кострома,general,Средняя школа №13
RU,Россия,Кострома,general,Средняя школа №14
RU,Россия,Кострома,general,Средняя школа №18
RU,Россия,Кострома,general,Средняя школа №21
RU,Россия,Кострома,general,Средняя школа №22
RU,Россия,Кострома,general,Средняя школа №23
RU,Россия,Кострома,general,Средняя школа №24
RU,Россия,Кострома,general,Средняя школа №26
RU,Россия,Кострома,general,Средняя школа №27
RU,Россия,Кострома,general,Средняя школа №29
RU,Россия,Кострома,general,Средняя школа №3
RU,Россия,Кострома,general,Средняя школа №30
RU,Россия,Кострома,general,Средняя школа №31
RU,Россия,Кострома,general,Средняя школа №35
RU,Россия,Кострома,general,Средняя школа №36
RU,Россия,Кострома,general,Средняя школа №37
RU,Россия,Кострома,general,Средняя школа №38
RU,Россия,Кострома,general,Средняя школа №4
RU,Россия,Кострома,general,Средняя школа №44
RU,Россия,Кострома,general,Средняя школа №5
RU,Россия,Кострома,general,Средняя школа №6
RU,Россия,Кострома,general,Средняя школа №7
RU,Россия,Кострома,general,Средняя школа №8
RU,Россия,Кострома,general,Средняя школа №9
RU,Россия,Кострома,general,Сущёвская средняя школа
RU,Россия,Кострома,general,Шолоховская средняя школа
RU,Россия,Кострома,general,Шуваловская средняя школа
RU,Россия,Кострома,general,Шунгенская средняя школа
RU,Россия,Кострома,general,Яковлевская начальная школа
RU,Россия,Котельники,general,Котельниковская средняя общеобразовательная школа № 1 имени Героя Советского Союза Л.Д. Чурилова
RU,Россия,Котельники,general,Котельниковская средняя общеобразовательная школа № 2
RU,Россия,Котельники,general,Котельниковская средняя общеобразовательная школа № 3
RU,Россия,Котельники,general,Средняя школа №3
RU,Россия,Котлас,college,КПК Котласский педагогический колледж имени А.М. Меркушева
RU,Россия,Котлас,college,"КРУ - филиал ГУМРФ имени адмирала С.О. Макарова Котласское речное училище - филиал ""Государственный университет морского и речного флота и"
RU,Россия,Котлас,college,КТТ Котласский транспортный техникум
RU,Россия,Котлас,college,КЭМТ Котласский электромеханический техникум
RU,Россия,Котлас,college,ПТПТ Плесецкий торгово-промышленный техникум
RU,Россия,Котлас,college,ШАТ Шипицынский агропромышленный техникум
RU,Россия,Красногорск,college,Красногорский колледж Красногорский колледж
RU,Россия,Красногорск,college,КХУ Красногорский филиал (Хореографическое училище)
RU,Россия,Красногорск,college,Частный КЭПТ Красногорский экономико-правовой техникум
RU,Россия,Красногорск,general,МБОУ Г № 6
RU,Россия,Красногорск,general,МБОУ Гимназия № 2
RU,Россия,Красногорск,general,МБОУ Гимназия № 5
RU,Россия,Красногорск,general,МБОУ Гимназия № 7 Им.д.п.яковлева
RU,Россия,Красногорск,general,МБОУ Лицей № 4
RU,Россия,Красногорск,general,МБОУ Опалиховская Гимназия
RU,Россия,Красногорск,general,МБОУ Опалиховская СОШ
RU,Россия,Красногорск,general,МБОУ СОШ № 10 С УИОП
RU,Россия,Красногорск,general,Начальная школа №17
RU,Россия,Красногорск,general,Опалиховская средняя школа
RU,Россия,Красногорск,general,Павшинская пойма
RU,Россия,Красногорск,general,Средняя школа №1
RU,Россия,Красногорск,general,Средняя школа №10
RU,Россия,Красногорск,general,Средняя школа №11
RU,Россия,Красногорск,general,Средняя школа №12
RU,Россия,Красногорск,general,Средняя школа №14
RU,Россия,Красногорск,general,Средняя школа №15
RU,Россия,Красногорск,general,Средняя школа №16
RU,Россия,Красногорск,general,Средняя школа №18
RU,Россия,Красногорск,general,Средняя школа №19
RU,Россия,Красногорск,general,Школа
RU,Россия,Краснодар,boarding,Коррекционная школа-интернат №1
RU,Россия,Краснодар,boarding,Специальная коррекционная школа-интернат
RU,Россия,Краснодар,boarding,Специальная коррекционная школа-интернат станицы Тенгинской
RU,Россия,Краснодар,college,АТПА Ахтырский техникум Профи-Альянс
RU,Россия,Краснодар,college,БАК Брюховецкий аграрный колледж
RU,Россия,Краснодар,college,БМТ Брюховецкий многопрофильный техникум
RU,Россия,Краснодар,college,ВЗСТ Венцы-Заря сельскохозяйственный техникум
RU,Россия,Краснодар,college,ВТПП Вознесенский техникум пищевых производств
RU,Россия,Краснодар,college,ВФ КМК Выселковский филиал Кропоткинского медицинского колледжа
RU,Россия,Краснодар,college,"Гуманитарный колледж КГУФКСТ Гуманитарный колледж Кубанского государственного университета физической культуры, спорта"
RU,Россия,Краснодар,college,Институт СПО КубГУ Институт среднего профессионального образования Кубанского государственного университета
RU,Россия,Краснодар,college,ИТК КубГТУ Инженерно-технологический колледж Кубанского государственного технологического университет
RU,Россия,Краснодар,college,КАСТ Краснодарский архитектурно-строительный техникум
RU,Россия,Краснодар,college,КАТ Кореновский автомеханический техникум
RU,Россия,Краснодар,college,КАТК Каневской аграрно-технологический колледж
RU,Россия,Краснодар,college,КГТК Краснодарский гуманитарно-технологический колледж
RU,Россия,Краснодар,college,КИТТ Краснодарский информационно-технологический техникум
RU,Россия,Краснодар,college,ККБМК Краснодарский краевой базовый медицинский колледж
RU,Россия,Краснодар,college,КККК Краснодарский краевой колледж культуры
RU,Россия,Краснодар,college,ККЭП Краснодарский колледж электронного приборостроения
RU,Россия,Краснодар,college,КМК им. Н.А. Римского-Корсакова Краснодарский музыкальный колледж имени Н.А. Римского-Корсакова
RU,Россия,Краснодар,college,КМСК Краснодарский машиностроительный колледж
RU,Россия,Краснодар,college,КМТ Краснодарский монтажный техникум
RU,Россия,Краснодар,college,Колледж КГИК Колледж Краснодарский государственный институт культуры колледж
RU,Россия,Краснодар,college,КПК Краснодарский педагогический колледж
RU,Россия,Краснодар,college,КПТ Краснодарский политехнический техникум
RU,Россия,Краснодар,college,Краснодарский филиал РЭУ им. Г.В. Плеханова Краснодарский филиал Российского экономического университета имени Г.В. Плеханова
RU,Россия,Краснодар,college,КТК Краснодарский технический колледж
RU,Россия,Краснодар,college,КТЭК Краснодарский торгово-экономический колледж
RU,Россия,Краснодар,college,КХУ Краснодарское хореографическое училище
RU,Россия,Краснодар,college,ЛМТ Ладожский многопрофильный техникум
RU,Россия,Краснодар,college,ЛСПК Ленинградский социально-педагогический колледж
RU,Россия,Краснодар,college,ЛТК Ленинградский технический колледж
RU,Россия,Краснодар,college,ЛТК филиал ст. Кущевская Ленинградский технический колледж филиал ст. Кущевская
RU,Россия,Краснодар,college,Мостовский филиал ЛАТ Мостовский филиал Лабинского аграрного техникума
RU,Россия,Краснодар,college,НМТ Новопокровский многоотраслевой техникум
RU,Россия,Краснодар,college,ПСХК Пашковский сельскохозяйственный колледж
RU,Россия,Краснодар,college,ПТПТ Павловский техникум профессиональных технологий
RU,Россия,Краснодар,college,"СКФ ""РГУП"" Северо-Кавказский филиал Российского государственного университета правосудия г. Краснодар"
RU,Россия,Краснодар,college,СМТТ Староминский механико-технологический техникум
RU,Россия,Краснодар,college,УТМИПТ Успенский техникум механизации и профессиональных технологий
RU,Россия,Краснодар,college,Училище (техникум) олимпийского резерва КГУФКСТ Училище (техникум) олимпийского резерва Кубанского государственного университета физическо
RU,Россия,Краснодар,college,Частный АИТ филиал в пос. Мостовском Анапский индустриальный техникум филиал в пос. Мостовском
RU,Россия,Краснодар,college,Частный АИТ филиал в х. Трудобеликовском Анапский индустриальный техникум филиал в х. Трудобеликовском
RU,Россия,Краснодар,college,Частный Каневской филиал СКТ Знание Каневской филиал Северо-Кавказского техникума «Знание»
RU,Россия,Краснодар,college,"Частный КККЭП Кубанский колледж культуры, экономики и права"
RU,Россия,Краснодар,college,"Частный ККУТТ Краснодарский колледж управления, техники и технологий"
RU,Россия,Краснодар,college,Частный Колледж ИМСИТ Факультет среднего профессионального образования Академии маркетинга и социально-информаци
RU,Россия,Краснодар,college,Частный Колледж РУК Колледж Краснодарского кооперативного института филиала Российского университета коопераци
RU,Россия,Краснодар,college,"Частный КПЭУ Колледж права, экономики и управления г. Краснодар"
RU,Россия,Краснодар,college,"Частный КТУИС Краснодарский техникум управления, информатизации и сервиса"
RU,Россия,Краснодар,college,Частный КТЭиН Кубанский техникум экономики и недвижимости
RU,Россия,Краснодар,college,Частный Кубанский ИПО Кубанский институт профессионального образования
RU,Россия,Краснодар,college,Частный Северский филиал СКТ Знание Северский филиал Северо-Кавказский техникум «Знание»
RU,Россия,Краснодар,college,Частный СК ГТК Северо-Кубанский гуманитарно-технологический колледж
RU,Россия,Краснодар,college,Частный СКТ Знание Северо-Кавказский техникум «Знание»
RU,Россия,Краснодар,college,Частный Тбилисский филиал СКТ Знание Тбилисский филиал Северо-Кавказский техникум «Знание»
RU,Россия,Краснодар,college,ЩИТ Щербиновский индустриальный техникум
RU,Россия,Краснодар,general,Ваша Школа
RU,Россия,Краснодар,general,Вечерняя школа №2
RU,Россия,Краснодар,general,ГБОУ Школа № 59 Г. Краснодара
RU,Россия,Краснодар,general,Другая школа
RU,Россия,Краснодар,general,Коррекционная школа №21
RU,Россия,Краснодар,general,Коррекционная школа №26
RU,Россия,Краснодар,general,Коррекционная школа №59
RU,Россия,Краснодар,general,Коррекционная школа №91
RU,Россия,Краснодар,general,Краснодарская многопрофильная школа
RU,Россия,Краснодар,general,Кубанский казачий кадетский корпус имени атамана М.П.Бабыча
RU,Россия,Краснодар,general,МАОУ Гимназия № 18
RU,Россия,Краснодар,general,МАОУ Гимназия № 23
RU,Россия,Краснодар,general,МАОУ Гимназия № 25
RU,Россия,Краснодар,general,МАОУ Гимназия № 44
RU,Россия,Краснодар,general,МАОУ Гимназия № 54
RU,Россия,Краснодар,general,МАОУ Лицей № 48
RU,Россия,Краснодар,general,МБОУ Гимназия № 88
RU,Россия,Краснодар,general,Начальная школа №17
RU,Россия,Краснодар,general,Начальная школа №30
RU,Россия,Краснодар,general,Нео школа
RU,Россия,Краснодар,general,Новая школа
RU,Россия,Краснодар,general,Основная казачья школа №7
RU,Россия,Краснодар,general,Основная школа №11
RU,Россия,Краснодар,general,Основная школа №12
RU,Россия,Краснодар,general,Основная школа №14
RU,Россия,Краснодар,general,Основная школа №15
RU,Россия,Краснодар,general,Основная школа №16
RU,Россия,Краснодар,general,Основная школа №25
RU,Россия,Краснодар,general,Основная школа №26
RU,Россия,Краснодар,general,Основная школа №27
RU,Россия,Краснодар,general,Основная школа №28
RU,Россия,Краснодар,general,Основная школа №5
RU,Россия,Краснодар,general,Основная школа №7
RU,Россия,Краснодар,general,Основная школа №79
RU,Россия,Краснодар,general,Основная школа №8
RU,Россия,Краснодар,general,Основная школа №81
RU,Россия,Краснодар,general,Основная школа №9
RU,Россия,Краснодар,general,Открытая школа
RU,Россия,Краснодар,general,Пушкинская школа
RU,Россия,Краснодар,general,Семейная школа
RU,Россия,Краснодар,general,Специальная (коррекционная) школа №15 г. Краснодара
RU,Россия,Краснодар,general,Средняя общеобразовательная школа №100 им. академика В.С. Пустовойта
RU,Россия,Краснодар,general,Средняя общеобразовательная школа №102 им. Героя Советского Союза Г. Бочарникова
RU,Россия,Краснодар,general,Средняя общеобразовательная школа №105
RU,Россия,Краснодар,general,Средняя общеобразовательная школа №108
RU,Россия,Краснодар,general,Средняя общеобразовательная школа №109
RU,Россия,Краснодар,general,Средняя общеобразовательная школа №17 им. Героя Советского Союза Н.Ф. Гастелло
RU,Россия,Краснодар,general,Средняя общеобразовательная школа №37 им. Петра Иовича Еременко
RU,Россия,Краснодар,general,Средняя общеобразовательная школа №43 им. Героя Советского Союза Цезаря Куникова
RU,Россия,Краснодар,general,Средняя общеобразовательная школа №61
RU,Россия,Краснодар,general,Средняя общеобразовательная школа №71
RU,Россия,Краснодар,general,Средняя общеобразовательная школа №84
RU,Россия,Краснодар,general,Средняя школа №1
RU,Россия,Краснодар,general,Средняя школа №10
RU,Россия,Краснодар,general,Средняя школа №101
RU,Россия,Краснодар,general,Средняя школа №103
RU,Россия,Краснодар,general,Средняя школа №104
RU,Россия,Краснодар,general,Средняя школа №106
RU,Россия,Краснодар,general,Средняя школа №107
RU,Россия,Краснодар,general,Средняя школа №11
RU,Россия,Краснодар,general,Средняя школа №110
RU,Россия,Краснодар,general,Средняя школа №112
RU,Россия,Краснодар,general,Средняя школа №12
RU,Россия,Краснодар,general,Средняя школа №13
RU,Россия,Краснодар,general,Средняя школа №14
RU,Россия,Краснодар,general,Средняя школа №15
RU,Россия,Краснодар,general,Средняя школа №16
RU,Россия,Краснодар,general,Средняя школа №17
RU,Россия,Краснодар,general,Средняя школа №18
RU,Россия,Краснодар,general,Средняя школа №19
RU,Россия,Краснодар,general,Средняя школа №2
RU,Россия,Краснодар,general,Средняя школа №20
RU,Россия,Краснодар,general,Средняя школа №21
RU,Россия,Краснодар,general,Средняя школа №22
RU,Россия,Краснодар,general,Средняя школа №23
RU,Россия,Краснодар,general,Средняя школа №24
RU,Россия,Краснодар,general,Средняя школа №25
RU,Россия,Краснодар,general,Средняя школа №26
RU,Россия,Краснодар,general,Средняя школа №27
RU,Россия,Краснодар,general,Средняя школа №28
RU,Россия,Краснодар,general,Средняя школа №29
RU,Россия,Краснодар,general,Средняя школа №3
RU,Россия,Краснодар,general,Средняя школа №30
RU,Россия,Краснодар,general,Средняя школа №31
RU,Россия,Краснодар,general,Средняя школа №32
RU,Россия,Краснодар,general,Средняя школа №34
RU,Россия,Краснодар,general,Средняя школа №35
RU,Россия,Краснодар,general,Средняя школа №36
RU,Россия,Краснодар,general,Средняя школа №37
RU,Россия,Краснодар,general,Средняя школа №38
RU,Россия,Краснодар,general,Средняя школа №39
RU,Россия,Краснодар,general,Средняя школа №4
RU,Россия,Краснодар,general,Средняя школа №41
RU,Россия,Краснодар,general,Средняя школа №42
RU,Россия,Краснодар,general,Средняя школа №43
RU,Россия,Краснодар,general,Средняя школа №44
RU,Россия,Краснодар,general,Средняя школа №45
RU,Россия,Краснодар,general,Средняя школа №46
RU,Россия,Краснодар,general,Средняя школа №47
RU,Россия,Краснодар,general,Средняя школа №49
RU,Россия,Краснодар,general,Средняя школа №5
RU,Россия,Краснодар,general,Средняя школа №50
RU,Россия,Краснодар,general,Средняя школа №51
RU,Россия,Краснодар,general,Средняя школа №52
RU,Россия,Краснодар,general,Средняя школа №53
RU,Россия,Краснодар,general,Средняя школа №55
RU,Россия,Краснодар,general,Средняя школа №57
RU,Россия,Краснодар,general,Средняя школа №58
RU,Россия,Краснодар,general,Средняя школа №59
RU,Россия,Краснодар,general,Средняя школа №6
RU,Россия,Краснодар,general,Средняя школа №60
RU,Россия,Краснодар,general,Средняя школа №62
RU,Россия,Краснодар,general,Средняя школа №63
RU,Россия,Краснодар,general,Средняя школа №65
RU,Россия,Краснодар,general,Средняя школа №66
RU,Россия,Краснодар,general,Средняя школа №67
RU,Россия,Краснодар,general,Средняя школа №68
RU,Россия,Краснодар,general,Средняя школа №7
RU,Россия,Краснодар,general,Средняя школа №70
RU,Россия,Краснодар,general,Средняя школа №73
RU,Россия,Краснодар,general,Средняя школа №74
RU,Россия,Краснодар,general,Средняя школа №75
RU,Россия,Краснодар,general,Средняя школа №76
RU,Россия,Краснодар,general,Средняя школа №77
RU,Россия,Краснодар,general,Средняя школа №78
RU,Россия,Краснодар,general,Средняя школа №8
RU,Россия,Краснодар,general,Средняя школа №80
RU,Россия,Краснодар,general,Средняя школа №83
RU,Россия,Краснодар,general,Средняя школа №85
RU,Россия,Краснодар,general,Средняя школа №86
RU,Россия,Краснодар,general,Средняя школа №89
RU,Россия,Краснодар,general,Средняя школа №9
RU,Россия,Краснодар,general,Средняя школа №93
RU,Россия,Краснодар,general,Средняя школа №94
RU,Россия,Краснодар,general,Средняя школа №95
RU,Россия,Краснодар,general,Средняя школа №96
RU,Россия,Краснодар,general,Средняя школа №97
RU,Россия,Краснодар,general,Средняя школа №98
RU,Россия,Краснодар,general,Средняя школа №99
RU,Россия,Краснодар,general,Школа+
RU,Россия,Краснодар,university,Академия маркетинга и социально-информационных технологий – ИМСИТ
RU,Россия,Краснодар,university,Екатеринодарская духовная семинария Екатеринодарской и Кубанской Епархии Русской Православной Церкви
RU,Россия,Краснодар,university,Краснодарский государственный институт культуры
RU,Россия,Краснодар,university,Краснодарский кооперативный институт (филиал)
RU,Россия,Краснодар,university,Краснодарский филиал
RU,Россия,Краснодар,university,Краснодарский филиал — Российский экономический университет
RU,Россия,Краснодар,university,Кубанский государственный аграрный университет имени И.Т. Трубилина
RU,Россия,Краснодар,university,Кубанский государственный медицинский университет
RU,Россия,Краснодар,university,Кубанский государственный технологический университет
RU,Россия,Краснодар,university,Кубанский государственный университет
RU,Россия,Краснодар,university,"Кубанский государственный университет физической культуры, спорта и туризма"
RU,Россия,Краснодар,university,Кубанский институт профессионального образования
RU,Россия,Краснодар,university,Кубанский институт социоэкономики и права (филиал)
RU,Россия,Краснодар,university,Кубанский медицинский институт
RU,Россия,Краснодар,university,Кубанский социально-экономический институт
RU,Россия,Краснодар,university,Северо-Кавказский филиал
RU,Россия,Краснокамск,boarding,Краснокамская адаптивная школа-интернат
RU,Россия,Краснокамск,general,Майская средняя школа
RU,Россия,Краснокамск,general,Средняя общеобразовательная школа № 10
RU,Россия,Краснокамск,general,Средняя общеобразовательная школа № 2
RU,Россия,Краснокамск,general,Средняя общеобразовательная школа № 3
RU,Россия,Краснокамск,general,Средняя общеобразовательная школа № 5
RU,Россия,Краснокамск,general,Средняя общеобразовательная школа № 8
RU,Россия,Краснокамск,general,Школа-гимназия №1
RU,Россия,Краснотурьинск,college,КИК Краснотурьинский индустриальный колледж
RU,Россия,Краснотурьинск,college,ККИ Краснотурьинский колледж искусств
RU,Россия,Краснотурьинск,college,КП Краснотурьинский политехникум
RU,Россия,Краснотурьинск,college,Краснотурьинский филиал СОМК Краснотурьинский филиал Свердловский областной медицинский колледж
RU,Россия,Красноярск,boarding,Физико-математическая школа-интернат
RU,Россия,Красноярск,general,Авдинская средняя школа
RU,Россия,Красноярск,general,Александровская средняя школа №10
RU,Россия,Красноярск,general,Анашенская средняя школа №1
RU,Россия,Красноярск,general,Анцирская средняя школа
RU,Россия,Красноярск,general,Арейская средняя школа
RU,Россия,Красноярск,general,Астафьевская средняя общеобразовательная школа
RU,Россия,Красноярск,general,Астафьевская средняя школа
RU,Россия,Красноярск,general,Атамановская средняя школа
RU,Россия,Красноярск,general,Аэропортовская средняя школа
RU,Россия,Красноярск,general,Балайская средняя школа
RU,Россия,Красноярск,general,Балахтинская средняя школа №1
RU,Россия,Красноярск,general,Балахтинская средняя школа №2
RU,Россия,Красноярск,general,Бартатская средняя школа
RU,Россия,Красноярск,general,Бархатовская средняя школа
RU,Россия,Красноярск,general,Безъязыковская основная школа
RU,Россия,Красноярск,general,Белоярская средняя школа
RU,Россия,Красноярск,general,Березовская основная школа
RU,Россия,Красноярск,general,Берёзовская средняя общеобразовательная школа №5
RU,Россия,Красноярск,general,Березовская средняя школа № 4
RU,Россия,Красноярск,general,Березовская средняя школа №1
RU,Россия,Красноярск,general,Березовская средняя школа №3
RU,Россия,Красноярск,general,Березовская школа
RU,Россия,Красноярск,general,Большекетская средняя школа
RU,Россия,Красноярск,general,Большеключинская основная школа №4
RU,Россия,Красноярск,general,Большемуртинская средняя школа №1
RU,Россия,Красноярск,general,Большемуртинская средняя школа №2
RU,Россия,Красноярск,general,Большемуртинская средняя школа №3
RU,Россия,Красноярск,general,Большесалырская средняя школа
RU,Россия,Красноярск,general,Большеунгутская средняя школа
RU,Россия,Красноярск,general,Большеуринская средняя школа
RU,Россия,Красноярск,general,Бородинская средняя школа №3
RU,Россия,Красноярск,general,Борская основная школа
RU,Россия,Красноярск,general,Бошняковская основная школа
RU,Россия,Красноярск,general,Бушуйская основная школа
RU,Россия,Красноярск,general,Верх-Есаульская основная школа
RU,Россия,Красноярск,general,Верхказанская средняя школа
RU,Россия,Красноярск,general,Верхнепашинская средняя школа №2
RU,Россия,Красноярск,general,Вознесенская средняя школа
RU,Россия,Красноярск,general,Выезжелогская основная школа
RU,Россия,Красноярск,general,Высокогорская средняя общеобразовательная школа №7
RU,Россия,Красноярск,general,Высотинская средняя школа
RU,Россия,Красноярск,general,Галанинская основная школа
RU,Россия,Красноярск,general,Гимназия № 10
RU,Россия,Красноярск,general,Гимназия № 2
RU,Россия,Красноярск,general,Гимназия № 7
RU,Россия,Красноярск,general,Гимназия № 9
RU,Россия,Красноярск,general,Горная средняя школа
RU,Россия,Красноярск,general,Громадская средняя школа
RU,Россия,Красноярск,general,Двуреченская средняя школа №8
RU,Россия,Красноярск,general,Дивненская средняя школа №2
RU,Россия,Красноярск,general,Дороховская средняя общеобразовательная школа
RU,Россия,Красноярск,general,Дрокинская средняя школа
RU,Россия,Красноярск,general,Дудовская средняя школа
RU,Россия,Красноярск,general,Еловская основная школа
RU,Россия,Красноярск,general,Еловская средняя школа
RU,Россия,Красноярск,general,Емельяновская средняя школа №1
RU,Россия,Красноярск,general,Емельяновская средняя школа №2
RU,Россия,Красноярск,general,Емельяновская средняя школа №3
RU,Россия,Красноярск,general,Епишинская основная школа №6
RU,Россия,Красноярск,general,Ермолаевская средняя школа
RU,Россия,Красноярск,general,Есаульская средняя школа
RU,Россия,Красноярск,general,Запасноимбежская средняя школа
RU,Россия,Красноярск,general,Зеледеевская средняя школа
RU,Россия,Красноярск,general,Зыковская средняя школа
RU,Россия,Красноярск,general,Ивановская начальная школа №13
RU,Россия,Красноярск,general,Игрышенская средняя школа № 3
RU,Россия,Красноярск,general,Иршинская начальная школа
RU,Россия,Красноярск,general,Казачинская средняя школа
RU,Россия,Красноярск,general,Казачинская школа
RU,Россия,Красноярск,general,Камарчагская средняя школа
RU,Россия,Красноярск,general,Каменно-Горновская начальная школа
RU,Россия,Красноярск,general,Каменноярская основная школа
RU,Россия,Красноярск,general,Каменская средняя школа
RU,Россия,Красноярск,general,Кедровская основная школа
RU,Россия,Красноярск,general,Кемчугская средняя школа
RU,Россия,Красноярск,general,Кириковская средняя школа
RU,Россия,Красноярск,general,Кияйская средняя школа
RU,Россия,Красноярск,general,Ключинская средняя школа
RU,Россия,Красноярск,general,Кожелакская основная школа
RU,Россия,Красноярск,general,Козульская средняя школа №1
RU,Россия,Красноярск,general,Козульская средняя школа №2
RU,Россия,Красноярск,general,Койская основная школа
RU,Россия,Красноярск,general,Колбинская средняя школа
RU,Россия,Красноярск,general,Комаровская основная школа
RU,Россия,Красноярск,general,Комская средняя школа №4
RU,Россия,Красноярск,general,Кононовская средняя школа
RU,Россия,Красноярск,general,Коррекционная школа
RU,Россия,Красноярск,general,Краевая вечерняя школа №8
RU,Россия,Красноярск,general,Красноключинская начальная школа
RU,Россия,Красноярск,general,Красноключинская средняя школа
RU,Россия,Красноярск,general,Красномаяковская средняя школа
RU,Россия,Красноярск,general,Краснополянская средняя школа
RU,Россия,Красноярск,general,Красноярская школа № 3
RU,Россия,Красноярск,general,Красноярская школа № 5
RU,Россия,Красноярск,general,Красноярская школа № 8
RU,Россия,Красноярск,general,Красноярская школа №1
RU,Россия,Красноярск,general,Красноярская школа №10
RU,Россия,Красноярск,general,Красноярская школа №11
RU,Россия,Красноярск,general,Красноярская школа №2
RU,Россия,Красноярск,general,Красноярская школа №4
RU,Россия,Красноярск,general,Красноярская школа №6
RU,Россия,Красноярск,general,Красноярская школа №7
RU,Россия,Красноярск,general,Красноярская школа №9
RU,Россия,Красноярск,general,Кульчекская основная школа
RU,Россия,Красноярск,general,Кытатская средняя школа
RU,Россия,Красноярск,general,Лакинская основная школа
RU,Россия,Красноярск,general,Легостаевская средняя школа №11
RU,Россия,Красноярск,general,Лицей № 6 «Перспектива»
RU,Россия,Красноярск,general,Лицей № 7 имени Героя Советского Союза Б.К. Чернышева
RU,Россия,Красноярск,general,Лицей № 8
RU,Россия,Красноярск,general,Маганская средняя школа
RU,Россия,Красноярск,general,Малиновская средняя школа
RU,Россия,Красноярск,general,Малокамалинская основная школа № 5
RU,Россия,Красноярск,general,Малокетская основная школа
RU,Россия,Красноярск,general,Матвеевская начальная школа
RU,Россия,Красноярск,general,Миндерлинская средняя школа
RU,Россия,Красноярск,general,Мининская средняя школа
RU,Россия,Красноярск,general,Мокрушенская средняя школа
RU,Россия,Красноярск,general,Момотовская средняя школа
RU,Россия,Красноярск,general,Мостовская средняя школа
RU,Россия,Красноярск,general,Нарвинская средняя школа школа
RU,Россия,Красноярск,general,Нахвальская средняя школа
RU,Россия,Красноярск,general,Нижне-Есауловская средняя школа
RU,Россия,Красноярск,general,Никольская средняя школа
RU,Россия,Красноярск,general,Новокамалинская средняя школа № 2
RU,Россия,Красноярск,general,Новокаргинская средняя школа №5
RU,Россия,Красноярск,general,Новопятницкая средняя школа
RU,Россия,Красноярск,general,Новоселовская средняя школа №5
RU,Россия,Красноярск,general,Новосолянская средняя школа №1
RU,Россия,Красноярск,general,Огурская средняя школа
RU,Россия,Красноярск,general,Озерновская средняя школа №47
RU,Россия,Красноярск,general,Орешенская основная школа
RU,Россия,Красноярск,general,Отношинская средняя школа
RU,Россия,Красноярск,general,Павловская средняя школа
RU,Россия,Красноярск,general,Партизанская средняя школа
RU,Россия,Красноярск,general,Первоманская средняя школа
RU,Россия,Красноярск,general,Переясловская основная школа №9
RU,Россия,Красноярск,general,Песчанская начальная школа
RU,Россия,Красноярск,general,Пировская начальная школа
RU,Россия,Красноярск,general,Пировская средняя школа
RU,Россия,Красноярск,general,Пискуновская основная школа
RU,Россия,Красноярск,general,Предивинская средняя школа
RU,Россия,Красноярск,general,Преображенская средняя школа
RU,Россия,Красноярск,general,Приморская средняя школа
RU,Россия,Красноярск,general,Рассветовская средняя школа
RU,Россия,Красноярск,general,Российская средняя школа
RU,Россия,Красноярск,general,Рощинская средняя школа
RU,Россия,Красноярск,general,Русская классическая школа
RU,Россия,Красноярск,general,Саянская средняя школа №32
RU,Россия,Красноярск,general,Сибирякская средняя школа
RU,Россия,Красноярск,general,Солонечно-Талинская основная школа
RU,Россия,Красноярск,general,Солонцовская средняя школа
RU,Россия,Красноярск,general,Сотниковская средняя школа
RU,Россия,Красноярск,general,Средняя автономная школа №81
RU,Россия,Красноярск,general,Средняя школа № 12
RU,Россия,Красноярск,general,Средняя школа № 147
RU,Россия,Красноярск,general,Средняя школа № 152 имени А.Д. Березина
RU,Россия,Красноярск,general,Средняя школа № 24
RU,Россия,Красноярск,general,Средняя школа № 36
RU,Россия,Красноярск,general,Средняя школа № 65
RU,Россия,Красноярск,general,Средняя школа № 66
RU,Россия,Красноярск,general,Средняя школа № 90
RU,Россия,Красноярск,general,Средняя школа № 93 имени Г.Т. Побежимова
RU,Россия,Красноярск,general,Средняя школа №1
RU,Россия,Красноярск,general,Средняя школа №10
RU,Россия,Красноярск,general,Средняя школа №104
RU,Россия,Красноярск,general,Средняя школа №108
RU,Россия,Красноярск,general,Средняя школа №115
RU,Россия,Красноярск,general,Средняя школа №121
RU,Россия,Красноярск,general,Средняя школа №129
RU,Россия,Красноярск,general,Средняя школа №13
RU,Россия,Красноярск,general,Средняя школа №133
RU,Россия,Красноярск,general,Средняя школа №134
RU,Россия,Красноярск,general,Средняя школа №135
RU,Россия,Красноярск,general,Средняя школа №137
RU,Россия,Красноярск,general,Средняя школа №139
RU,Россия,Красноярск,general,Средняя школа №141
RU,Россия,Красноярск,general,Средняя школа №143
RU,Россия,Красноярск,general,Средняя школа №144
RU,Россия,Красноярск,general,Средняя школа №145
RU,Россия,Красноярск,general,Средняя школа №148
RU,Россия,Красноярск,general,Средняя школа №149
RU,Россия,Красноярск,general,Средняя школа №151
RU,Россия,Красноярск,general,Средняя школа №152
RU,Россия,Красноярск,general,Средняя школа №154
RU,Россия,Красноярск,general,Средняя школа №155
RU,Россия,Красноярск,general,Средняя школа №156
RU,Россия,Красноярск,general,Средняя школа №157
RU,Россия,Красноярск,general,Средняя школа №159
RU,Россия,Красноярск,general,Средняя школа №16
RU,Россия,Красноярск,general,Средняя школа №17
RU,Россия,Красноярск,general,Средняя школа №18
RU,Россия,Красноярск,general,Средняя школа №19
RU,Россия,Красноярск,general,Средняя школа №2
RU,Россия,Красноярск,general,Средняя школа №21
RU,Россия,Красноярск,general,Средняя школа №23
RU,Россия,Красноярск,general,Средняя школа №27
RU,Россия,Красноярск,general,Средняя школа №3
RU,Россия,Красноярск,general,Средняя школа №30
RU,Россия,Красноярск,general,Средняя школа №31
RU,Россия,Красноярск,general,Средняя школа №32
RU,Россия,Красноярск,general,Средняя школа №34
RU,Россия,Красноярск,general,Средняя школа №39
RU,Россия,Красноярск,general,Средняя школа №4
RU,Россия,Красноярск,general,Средняя школа №42
RU,Россия,Красноярск,general,Средняя школа №44
RU,Россия,Красноярск,general,Средняя школа №45
RU,Россия,Красноярск,general,Средняя школа №46
RU,Россия,Красноярск,general,Средняя школа №48
RU,Россия,Красноярск,general,Средняя школа №5
RU,Россия,Красноярск,general,Средняя школа №50
RU,Россия,Красноярск,general,Средняя школа №51
RU,Россия,Красноярск,general,Средняя школа №53
RU,Россия,Красноярск,general,Средняя школа №55
RU,Россия,Красноярск,general,Средняя школа №56
RU,Россия,Красноярск,general,Средняя школа №6
RU,Россия,Красноярск,general,Средняя школа №62
RU,Россия,Красноярск,general,Средняя школа №63
RU,Россия,Красноярск,general,Средняя школа №64
RU,Россия,Красноярск,general,Средняя школа №69
RU,Россия,Красноярск,general,Средняя школа №7
RU,Россия,Красноярск,general,Средняя школа №70
RU,Россия,Красноярск,general,Средняя школа №71
RU,Россия,Красноярск,general,Средняя школа №72
RU,Россия,Красноярск,general,Средняя школа №73
RU,Россия,Красноярск,general,Средняя школа №76
RU,Россия,Красноярск,general,Средняя школа №78
RU,Россия,Красноярск,general,Средняя школа №79
RU,Россия,Красноярск,general,Средняя школа №8
RU,Россия,Красноярск,general,Средняя школа №82
RU,Россия,Красноярск,general,Средняя школа №84
RU,Россия,Красноярск,general,Средняя школа №85
RU,Россия,Красноярск,general,Средняя школа №86
RU,Россия,Красноярск,general,Средняя школа №89
RU,Россия,Красноярск,general,Средняя школа №91
RU,Россия,Красноярск,general,Средняя школа №93
RU,Россия,Красноярск,general,Средняя школа №94
RU,Россия,Красноярск,general,Средняя школа №95
RU,Россия,Красноярск,general,Средняя школа №98
RU,Россия,Красноярск,general,Средняя школа №99
RU,Россия,Красноярск,general,Стеклозаводская средняя школа
RU,Россия,Красноярск,general,Степно-Баджейская основная школа
RU,Россия,Красноярск,general,Стойбинская средняя школа
RU,Россия,Красноярск,general,Суриковская средняя школа
RU,Россия,Красноярск,general,Сухобузимская средняя школа
RU,Россия,Красноярск,general,Сухонойская средняя школа
RU,Россия,Красноярск,general,Сушиновская средняя школа
RU,Россия,Красноярск,general,Таеженская средняя школа
RU,Россия,Красноярск,general,Тальская средняя общеобразовательная школа им. Литвиненко Н.Е
RU,Россия,Красноярск,general,Тарутинская средняя школа
RU,Россия,Красноярск,general,Тертежская основная школа
RU,Россия,Красноярск,general,Толстихинская средняя школа
RU,Россия,Красноярск,general,Толстомысенская средняя школа №7
RU,Россия,Красноярск,general,Троицкая средняя школа
RU,Россия,Красноярск,general,Уральская средняя школа №34
RU,Россия,Красноярск,general,Успенская средняя школа №6
RU,Россия,Красноярск,general,Устюжская средняя школа
RU,Россия,Красноярск,general,Частоостровская средняя школа
RU,Россия,Красноярск,general,Черемушкинская средняя школа
RU,Россия,Красноярск,general,Чёрно-Комская начальная школа
RU,Россия,Красноярск,general,Чернореченская средняя школа №1
RU,Россия,Красноярск,general,Чернореченская средняя школа №2
RU,Россия,Красноярск,general,Чечеульская средняя школа
RU,Россия,Красноярск,general,Шалинская средняя школа №1
RU,Россия,Красноярск,general,Шапкинская средняя школа №11
RU,Россия,Красноярск,general,Шилинская средняя школа
RU,Россия,Красноярск,general,Школа
RU,Россия,Красноярск,general,Школа дистанционного образования
RU,Россия,Красноярск,general,Школа креативных индустрий
RU,Россия,Красноярск,general,Школа №161
RU,Россия,Красноярск,general,Шуваевская средняя школа
RU,Россия,Красноярск,general,Щетинкинская основная школа №27
RU,Россия,Красноярск,general,Элитовская средняя школа
RU,Россия,Красноярск,general,Юксеевская средняя школа
RU,Россия,Красноярск,general,Ястребовская средняя школа
RU,Россия,Красноярск,university,Красноярский государственный аграрный университет
RU,Россия,Красноярск,university,Красноярский государственный медицинский университет имени профессора В.Ф. Войно-Ясенецкого
RU,Россия,Красноярск,university,Красноярский государственный педагогический университет им. В.П. Астафьева
RU,Россия,Красноярск,university,Красноярский институт железнодорожного транспорта – филиал
RU,Россия,Красноярск,university,Красноярский филиал
RU,Россия,Красноярск,university,Красноярский филиал — Академия труда и социальных отношений
RU,Россия,Красноярск,university,Сибирский государственный институт искусств имени Дмитрия Хворостовского
RU,Россия,Красноярск,university,Сибирский государственный университет науки и технологий имени академика М.Ф. Решетнева
RU,Россия,Красноярск,university,"Сибирский институт бизнеса, управления и психологии"
RU,Россия,Красноярск,university,Сибирский федеральный университет
RU,Россия,Кропоткин,college,ГСХТ им. М.И. Платова Григорополисский сельскохозяйственный техникум имени атамана М.И. Платова
RU,Россия,Кропоткин,college,КМК Кропоткинский медицинский колледж
RU,Россия,Кропоткин,college,Кропоткинский филиал БАК Кропоткинский филиал Брюховецкого аграрного колледжа
RU,Россия,Кропоткин,college,КТТиЖТ Кропоткинский техникум технологий и железнодорожного транспорта
RU,Россия,Кропоткин,college,КТТиЖТ филиал с. Ванновское Кропоткинский техникум технологий и железнодорожного транспорта филиал с. Ванновское
RU,Россия,Кропоткин,college,Частный КЮТ Кропоткинский юридический техникум
RU,Россия,Кропоткин,general,МАОУ Лицей № 3 Имени М.В. Ломоносова
RU,Россия,Кропоткин,general,МБОУ Лицей № 45 ИМ. Академика Королёва
RU,Россия,Кропоткин,general,МБОУ ОСОШ № 1 ИМ. И.И. Никонова
RU,Россия,Кропоткин,general,МБОУ СОШ № 1 ИМ. С.В. Целых
RU,Россия,Кропоткин,general,МБОУ СОШ № 11 ИМ. Ф.Ф. Ушакова
RU,Россия,Кропоткин,general,МБОУ СОШ № 16 ИМ. В.К. Рыжова
RU,Россия,Кропоткин,general,МБОУ СОШ № 17 ИМ. Г.К. Жукова
RU,Россия,Кропоткин,general,МБОУ СОШ № 2 ИМ. К.К. Рокоссовского
RU,Россия,Кропоткин,general,МБОУ СОШ № 4 Имени Ж.макеевой
RU,Россия,Кропоткин,general,МБОУ СОШ № 44 ИМ. П.Г. Поветкина
RU,Россия,Кропоткин,general,МБОУ СОШ № 5 ИМ. В.В. Терешковой
RU,Россия,Кропоткин,general,МБОУ СОШ № 6 ИМ. Ю.А. Гагарина
RU,Россия,Кропоткин,general,МБОУ СОШ № 7 Им.п.н.степаненко
RU,Россия,Кропоткин,general,Открытая школа №1
RU,Россия,Кропоткин,general,Средняя школа №1
RU,Россия,Кропоткин,general,Средняя школа №11
RU,Россия,Кропоткин,general,Средняя школа №16
RU,Россия,Кропоткин,general,Средняя школа №17
RU,Россия,Кропоткин,general,Средняя школа №2
RU,Россия,Кропоткин,general,Средняя школа №4
RU,Россия,Кропоткин,general,Средняя школа №44
RU,Россия,Кропоткин,general,Средняя школа №5
RU,Россия,Кропоткин,general,Средняя школа №6
RU,Россия,Кропоткин,general,Средняя школа №7
RU,Россия,Крымск,college,КИСТ Крымский индустриально-строительный техникум
RU,Россия,Крымск,college,КТК Крымский технический колледж
RU,Россия,Крымск,general,МБОУ Гимназия № 7
RU,Россия,Крымск,general,Средняя школа №1
RU,Россия,Крымск,general,Средняя школа №2
RU,Россия,Крымск,general,Средняя школа №20
RU,Россия,Крымск,general,Средняя школа №24
RU,Россия,Крымск,general,Средняя школа №25
RU,Россия,Крымск,general,Средняя школа №3
RU,Россия,Крымск,general,Средняя школа №6
RU,Россия,Крымск,general,Средняя школа №9
RU,Россия,Кстово,college,КНТ им. Б.И. Корнилова Кстовский нефтяной техникум им. Б.И. Корнилова
RU,Россия,Кстово,college,Кстовский филиал АМК Кстовский филиал Арзамасского медицинского колледжа
RU,Россия,Кстово,general,Гимназия № 4
RU,Россия,Кстово,general,Кстовская школа-интернат
RU,Россия,Кстово,general,Лицей № 7
RU,Россия,Кстово,general,Средняя школа № 1 имени Героя Советского Союза Д.М.Карбышева
RU,Россия,Кстово,general,Средняя школа № 3 с углубленным изучением отдельных предметов
RU,Россия,Кстово,general,Средняя школа № 5
RU,Россия,Кстово,general,Средняя школа № 6 с кадетскими классами
RU,Россия,Кстово,general,Средняя школа № 8 с углубленным изучением отдельных предметов
RU,Россия,Кстово,general,Средняя школа №1
RU,Россия,Кстово,general,Средняя школа №2
RU,Россия,Кстово,general,Средняя школа №3
RU,Россия,Кстово,general,Средняя школа №6
RU,Россия,Кстово,general,Средняя школа №8
RU,Россия,Кстово,general,Средняя школа №9
RU,Россия,Кунгур,college,КАТК Кунгурский автотранспортный колледж
RU,Россия,Кунгур,college,ККАТУ Кунгурский колледж агротехнологий и управления
RU,Россия,Кунгур,college,КТИ Кунгурский техникум-интернат
RU,Россия,Кунгур,college,КЦО № 1 Кунгурский центр образования № 1
RU,Россия,Кунгур,general,Гимназия № 16
RU,Россия,Кунгур,general,МАОУ Лицей № 1 Города Кунгура
RU,Россия,Кунгур,general,Специальная коррекционная общеобразовательная школа для учащихся с ОВЗ
RU,Россия,Кунгур,general,Специальная коррекционная общеобразовательная школа для учащихся с ограниченными возможностями здоровья
RU,Россия,Кунгур,general,Средняя общеобразовательная школа № 10
RU,Россия,Кунгур,general,Средняя общеобразовательная школа № 12 имени Героя Советского Союза генерала армии В.Ф.Маргелова
RU,Россия,Кунгур,general,Средняя общеобразовательная школа № 2 имени М.И.Грибушина
RU,Россия,Кунгур,general,Средняя общеобразовательная школа №1
RU,Россия,Кунгур,general,Средняя общеобразовательная школа №12
RU,Россия,Кунгур,general,Средняя общеобразовательная школа №18
RU,Россия,Кунгур,general,Средняя школа №21
RU,Россия,Курган,boarding,Курганская школа-интернат №25
RU,Россия,Курган,boarding,Курганская школа-интернат №60
RU,Россия,Курган,college,ВОЦ Варгашинский образовательный центр
RU,Россия,Курган,college,КБМК Курганский базовый медицинский колледж
RU,Россия,Курган,college,КГК Курганский государственный колледж
RU,Россия,Курган,college,КИЖТ филиал УрГУПС Курганский институт железнодорожного транспорта филиал Уральского государственного универс
RU,Россия,Курган,college,КОМК им. Д. Д. Шостаковича Курганский областной музыкальный колледж им. Д.Д. Шостаковича
RU,Россия,Курган,college,КПК Курганский педагогический колледж
RU,Россия,Курган,college,КПТ Кособродский профессиональный техникум
RU,Россия,Курган,college,КПТ Курганский промышленный техникум
RU,Россия,Курган,college,Круглянский филиал БАПТ Круглянский филиал Березовского агропромышленного техникума
RU,Россия,Курган,college,КТК им. Н.Я. Анфиногенова Курганский технологический колледж имени Героя Советского Союза Н.Я. Анфиногенова
RU,Россия,Курган,college,КТСиТ Курганский техникум сервиса и технологий
RU,Россия,Курган,college,КТСТГХ Курганский техникум строительных технологий и городского хозяйства
RU,Россия,Курган,college,КУОР Курганское училище (колледж) олимпийского резерва
RU,Россия,Курган,college,ЛАТ Лебяжьевский агропромышленный техникум
RU,Россия,Курган,college,"Мокроусовский филиал ЛАПТ Мокроусовский филиал ""Лебяжьевский агропромышленный техникум"""
RU,Россия,Курган,college,МППК Мишкинский профессионально-педагогический колледж
RU,Россия,Курган,college,Шатровский филиал КТК им. Героя Советского Союза Н.Я. Анфиногенова Шатровский филиал Курганского технологического колледжа имени Героя Советского Союза Н. Я
RU,Россия,Курган,college,Шмаковский филиал КТК им. Героя Советского Союза Н.Я. Анфиногенова Шмаковский филиал Курганский технологический колледж имени Героя Советского Союза Н. Я. Ан
RU,Россия,Курган,college,"ЮФ КБМК Юргамышский филиал ""Курганский базовый медицинский колледж"""
RU,Россия,Курган,general,Большечаусовская основная школа
RU,Россия,Курган,general,Введенская коррекционная школа
RU,Россия,Курган,general,Введенская средняя школа №1
RU,Россия,Курган,general,Введенская средняя школа №2
RU,Россия,Курган,general,Гимназия № 30
RU,Россия,Курган,general,Гимназия № 31
RU,Россия,Курган,general,Гимназия № 32 имени Е.К. Кулаковой
RU,Россия,Курган,general,Каширинская средняя школа
RU,Россия,Курган,general,Кетовская средняя школа
RU,Россия,Курган,general,Колесниковская основная школа
RU,Россия,Курган,general,Курганская коррекционная школа №8
RU,Россия,Курган,general,Курганская областная школа дистанционного обучения
RU,Россия,Курган,general,Курганская специальная (коррекционная) школа-интернат № 25
RU,Россия,Курган,general,Курганская специальная (коррекционная) школа-интернат № 60
RU,Россия,Курган,general,Курганская специальная (коррекционная) школа № 8
RU,Россия,Курган,general,Лицей №12
RU,Россия,Курган,general,Новосидоровская средняя школа
RU,Россия,Курган,general,Светлополянская основная школа
RU,Россия,Курган,general,Средняя общеобразовательная школа № 11
RU,Россия,Курган,general,Средняя общеобразовательная школа № 17
RU,Россия,Курган,general,Средняя общеобразовательная школа № 22
RU,Россия,Курган,general,Средняя общеобразовательная школа № 41
RU,Россия,Курган,general,Средняя общеобразовательная школа № 43 имени академика Г.А.Илизарова
RU,Россия,Курган,general,Средняя общеобразовательная школа № 45
RU,Россия,Курган,general,Средняя общеобразовательная школа № 46
RU,Россия,Курган,general,Средняя общеобразовательная школа № 49
RU,Россия,Курган,general,Средняя общеобразовательная школа № 50
RU,Россия,Курган,general,Средняя общеобразовательная школа № 52
RU,Россия,Курган,general,Средняя общеобразовательная школа № 53 имени А.А. Шараборина
RU,Россия,Курган,general,Средняя общеобразовательная школа № 56
RU,Россия,Курган,general,Средняя общеобразовательная школа № 75
RU,Россия,Курган,general,Средняя общеобразовательная школа №29
RU,Россия,Курган,general,Средняя школа №23
RU,Россия,Курган,general,Средняя школа №24
RU,Россия,Курган,general,Средняя школа №26
RU,Россия,Курган,general,Средняя школа №36
RU,Россия,Курган,general,Средняя школа №40
RU,Россия,Курган,general,Средняя школа №42
RU,Россия,Курган,general,Средняя школа №43
RU,Россия,Курган,general,Средняя школа №44
RU,Россия,Курган,general,Средняя школа №48
RU,Россия,Курган,general,Средняя школа №5
RU,Россия,Курган,general,Средняя школа №53
RU,Россия,Курган,general,Средняя школа №59
RU,Россия,Курган,general,Средняя школа №7
RU,Россия,Курган,general,Средняя школа №9
RU,Россия,Курган,university,Курганский государственный университет
RU,Россия,Курган,university,Курганский институт железнодорожного транспорта - филиал
RU,Россия,Курган,university,Курганский филиал
RU,Россия,Курган,university,Курганский филиал — Академия труда и социальных отношений
RU,Россия,Курск,college,Железногорский ПК филиал в п. им. Карла Либкнехта Железногорский политехнический колледж филиал в п. им. Карла Либкнехта
RU,Россия,Курск,college,КАТК Курский автотехнический колледж
RU,Россия,Курск,college,КБМК Курский базовый медицинский колледж
RU,Россия,Курск,college,КГПК Курский государственный политехнический колледж
RU,Россия,Курск,college,КГТТС Курский государственный техникум технологий и сервиса
RU,Россия,Курск,college,КМКИС Курский музыкальный колледж-интернат слепых
RU,Россия,Курск,college,КМТ Курский монтажный техникум
RU,Россия,Курск,college,Колледж ЮЗГУ Колледж Юго-Западного государственного университета
RU,Россия,Курск,college,КПК Курский педагогический колледж
RU,Россия,Курск,college,Курчатовский филиал КГПК Курчатовский филиал «Курский государственный политехнический колледж»
RU,Россия,Курск,college,КЭМТ Курский электромеханический техникум
RU,Россия,Курск,college,Музколледж им. Г.В. Свиридова Курский музыкальный колледж им. Г.В. Свиридова
RU,Россия,Курск,college,МФК КГМУ Медико-фармацевтический колледж Курского государственного медицинского университета
RU,Россия,Курск,college,САТТ им. К.К. Рокоссовского Свободинский аграрно–технический техникум им. К.К. Рокоссовского
RU,Россия,Курск,college,ССАТ Советский социально-аграрный техникум имени В. М. Клыкова
RU,Россия,Курск,college,Тимский филиал ССАТ им. В.М. Клыкова Тимский филиал Советский социально-аграрный техникум им. В. М. Клыкова
RU,Россия,Курск,college,"Частный Колледж Курского института кооперации (филиала) БУКЭП Колледж Курского института кооперации (филиала) Белгородского университета кооперации, эко"
RU,Россия,Курск,college,Частный КТЭиУ Курский техникум экономики и управления
RU,Россия,Курск,general,3-я Цветовская начальная общеобразовательная школа
RU,Россия,Курск,general,Анахинская основная общеобразовательная школа
RU,Россия,Курск,general,Вечерняя сменная общеобразовательная школа №9
RU,Россия,Курск,general,Вечерняя школа №9
RU,Россия,Курск,general,Гимназия №4
RU,Россия,Курск,general,Гремяченская начальная общеобразовательная школа им. героя Советского Союза Конищева И.П
RU,Россия,Курск,general,Детская школа искусств
RU,Россия,Курск,general,Дьяконовская средняя общеобразовательная школа им. Героя Советского Союза А.М. Ломакина
RU,Россия,Курск,general,Зоринская основная общеобразовательная школа
RU,Россия,Курск,general,Клюквинская средняя общеобразовательная школа
RU,Россия,Курск,general,Косиновская средняя общеобразовательная школа
RU,Россия,Курск,general,Курская школа для детей с ограниченными возможностями здоровья
RU,Россия,Курск,general,Ленинская средняя общеобразовательная школа с углубленным изучением отдельных предметов
RU,Россия,Курск,general,Моковская средняя общеобразовательная школа
RU,Россия,Курск,general,Новопоселёновская средняя общеобразовательная школа
RU,Россия,Курск,general,Полянская средняя общеобразовательная школа им. гвардии лейтенанта М.И. Ходыревского
RU,Россия,Курск,general,Рышковская средняя общеобразовательная школа
RU,Россия,Курск,general,Селиховская средняя общеобразовательная школа
RU,Россия,Курск,general,Средняя общеобразовательная школа им. А. Невского
RU,Россия,Курск,general,Средняя общеобразовательная школа с углубленным изучением отдельных предметов № 42 им. Б.Г. Шуклина
RU,Россия,Курск,general,Средняя общеобразовательная школа с углубленным изучением отдельных предметов №18 им. А.С.Сергеева
RU,Россия,Курск,general,Средняя общеобразовательная школа с углубленным изучением отдельных предметов №28
RU,Россия,Курск,general,Средняя общеобразовательная школа с углубленным изучением отдельных предметов №3
RU,Россия,Курск,general,Средняя общеобразовательная школа с углубленным изучением отдельных предметов №38
RU,Россия,Курск,general,Средняя общеобразовательная школа с углубленным изучением отдельных предметов №46
RU,Россия,Курск,general,Средняя общеобразовательная школа с углубленным изучением отдельных предметов №52 им. Героя Советского Союза Я.М. Киселева
RU,Россия,Курск,general,Средняя общеобразовательная школа с углубленным изучением отдельных предметов №55 им. А. Невского
RU,Россия,Курск,general,Средняя общеобразовательная школа с углубленным изучением отдельных предметов №56
RU,Россия,Курск,general,Средняя общеобразовательная школа с углубленным изучением предметов художественно-эстетического цикла № 27 им. А.А. Дейнеки
RU,Россия,Курск,general,Средняя общеобразовательная школа № 62
RU,Россия,Курск,general,Средняя общеобразовательная школа №1 им. Героя Советского Союза В.А. Горишнего
RU,Россия,Курск,general,Средняя общеобразовательная школа №10 им. Е.И. Зеленко
RU,Россия,Курск,general,Средняя общеобразовательная школа №11 им. Героя Советского Союза В.П. Лукина
RU,Россия,Курск,general,Средняя общеобразовательная школа №12
RU,Россия,Курск,general,Средняя общеобразовательная школа №13
RU,Россия,Курск,general,Средняя общеобразовательная школа №14
RU,Россия,Курск,general,Средняя общеобразовательная школа №15
RU,Россия,Курск,general,Средняя общеобразовательная школа №16
RU,Россия,Курск,general,Средняя общеобразовательная школа №17
RU,Россия,Курск,general,Средняя общеобразовательная школа №19
RU,Россия,Курск,general,Средняя общеобразовательная школа №2 им. В.З. Петрашова
RU,Россия,Курск,general,Средняя общеобразовательная школа №20 им. А.А. Хмелевского
RU,Россия,Курск,general,Средняя общеобразовательная школа №22
RU,Россия,Курск,general,Средняя общеобразовательная школа №23 им. Героя Советского Союза Ачкасова С.В
RU,Россия,Курск,general,Средняя общеобразовательная школа №29 с углубленным изучением отдельных предметов им. И.Н. Зикеева
RU,Россия,Курск,general,Средняя общеобразовательная школа №30
RU,Россия,Курск,general,Средняя общеобразовательная школа №31 им. А.М.Ломакина
RU,Россия,Курск,general,Средняя общеобразовательная школа №32 с углубленным изучением отдельных предметов им. Прп. Серафима Саровского
RU,Россия,Курск,general,Средняя общеобразовательная школа №33
RU,Россия,Курск,general,Средняя общеобразовательная школа №34 им. В.М. Бочарова
RU,Россия,Курск,general,Средняя общеобразовательная школа №35 им. К.Д. Воробьева
RU,Россия,Курск,general,Средняя общеобразовательная школа №36
RU,Россия,Курск,general,Средняя общеобразовательная школа №37
RU,Россия,Курск,general,Средняя общеобразовательная школа №39
RU,Россия,Курск,general,Средняя общеобразовательная школа №40
RU,Россия,Курск,general,Средняя общеобразовательная школа №41 им. В.В. Сизова
RU,Россия,Курск,general,Средняя общеобразовательная школа №43 им. Г.К. Жукова
RU,Россия,Курск,general,Средняя общеобразовательная школа №45
RU,Россия,Курск,general,Средняя общеобразовательная школа №47 им. С.В.Широбокова
RU,Россия,Курск,general,Средняя общеобразовательная школа №48 им. Р.М. Каменева
RU,Россия,Курск,general,Средняя общеобразовательная школа №49
RU,Россия,Курск,general,Средняя общеобразовательная школа №50 им. Ю.А. Гагарина
RU,Россия,Курск,general,Средняя общеобразовательная школа №51
RU,Россия,Курск,general,Средняя общеобразовательная школа №53
RU,Россия,Курск,general,Средняя общеобразовательная школа №54 им.Героя Советского Союза Н.А. Бредихина
RU,Россия,Курск,general,Средняя общеобразовательная школа №57
RU,Россия,Курск,general,Средняя общеобразовательная школа №58 им. М.В. Овсянникова
RU,Россия,Курск,general,Средняя общеобразовательная школа №59 им. ветерана Великой Отечественной войны дважды героя Советского Союза подполковника Г.М. Мыльникова
RU,Россия,Курск,general,Средняя общеобразовательная школа №60 им. героев Курской битвы
RU,Россия,Курск,general,Средняя общеобразовательная школа №61 им. П.А.Михина
RU,Россия,Курск,general,Средняя общеобразовательная школа №7 с углубленным изучением отдельных предметов им. А.С. Пушкина
RU,Россия,Курск,general,Средняя общеобразовательная школа №8 им. К.К. Рокоссовского
RU,Россия,Курск,general,Средняя общеобразовательная школа №9 им. А.Е. Боровых
RU,Россия,Курск,general,Средняя школа им. Героя Советского Союза К.И.Новикова
RU,Россия,Курск,general,Средняя школа №5 им. И.П. Волка
RU,Россия,Курск,general,Ушаковская средняя общеобразовательная школа
RU,Россия,Курск,general,Черницынская средняя общеобразовательная школа
RU,Россия,Курск,general,Щетинская основная общеобразовательная школа
RU,Россия,Курск,general,Яблоницкая средняя общеобразовательная школа
RU,Россия,Лабинск,college,ЛАТ Лабинский аграрный техникум
RU,Россия,Лабинск,college,ЛМК Лабинский медицинский колледж
RU,Россия,Лабинск,college,ЛСТТ Лабинский социально-технический техникум
RU,Россия,Лабинск,college,Частный Колледж Академия ТОП Лабинск Филиал колледжа «Академия ТОП Лабинск»
RU,Россия,Лабинск,college,Частный КЭЮТ Кубанский экономико-юридический техникум
RU,Россия,Лабинск,private,ГКОУ Школа № 8 Г. Лабинска
RU,Россия,Лабинск,private,МОБУ СОШ № 1 Имени Героя России Н. В. Ростовского Города Лабинска Лабинского Района
RU,Россия,Лабинск,private,МОБУ СОШ № 11 Им.героя России И.В. Марьенкова Г.лабинска Лабинского Района
RU,Россия,Лабинск,private,МОБУ СОШ № 2 Имени Н.я.василенко Города Лабинска Лабинского Района
RU,Россия,Лабинск,private,МОБУ СОШ № 3 ИМ. Е.В. Хлудеева Г. Лабинска Лабинского Района
RU,Россия,Лабинск,private,МОБУ СОШ № 4 ИМ. В.Г. Вареласа Г. Лабинска Лабинского Района
RU,Россия,Лабинск,private,МОБУ СОШ № 5 ИМ. Г. К. Жукова Г. Лабинска Лабинского Района
RU,Россия,Лабинск,private,МОБУ СОШ № 6 ИМ. А.Г. Турчанинова Г. Лабинска Лабинского Района
RU,Россия,Лабинск,private,МОБУ СОШ № 7 Имени А.а.пономарева Города Лабинска Лабинского Района
RU,Россия,Лабинск,private,МОБУ СОШ № 9 ИМ. И.Ф. Константинова Г. Лабинска
RU,Россия,Лениногорск,college,ЛМХПК Лениногорский музыкально-художественный педагогический колледж
RU,Россия,Лениногорск,college,ЛНТ Лениногорский нефтяной техникум
RU,Россия,Лениногорск,college,ЛПК Лениногорский политехнический колледж
RU,Россия,Лениногорск,general,Лениногорская школа №14
RU,Россия,Лениногорск,general,Основная школа №1
RU,Россия,Лениногорск,general,Средняя школа №10
RU,Россия,Лениногорск,general,Средняя школа №13
RU,Россия,Лениногорск,general,Средняя школа №2
RU,Россия,Лениногорск,general,Средняя школа №3
RU,Россия,Лениногорск,general,Средняя школа №4
RU,Россия,Лениногорск,general,Средняя школа №5
RU,Россия,Лениногорск,general,Средняя школа №6
RU,Россия,Лениногорск,general,Средняя школа №7
RU,Россия,Лениногорск,general,Средняя школа №8
RU,Россия,Ленинск-Кузнецкий,boarding,Специальная (коррекционная) общеобразовательная школа-интернат №15
RU,Россия,Ленинск-Кузнецкий,boarding,Специальная (коррекционная) общеобразовательная школа-интернат №36 г. Белово
RU,Россия,Ленинск-Кузнецкий,general,Бачатская основная школа
RU,Россия,Ленинск-Кузнецкий,general,Бековская основная школа
RU,Россия,Ленинск-Кузнецкий,general,Вишнёвская основная школа
RU,Россия,Ленинск-Кузнецкий,general,Демьяновская средняя школа
RU,Россия,Ленинск-Кузнецкий,general,Драченинская основная школа
RU,Россия,Ленинск-Кузнецкий,general,Ивановская средняя школа
RU,Россия,Ленинск-Кузнецкий,general,Камышинская основная школа
RU,Россия,Ленинск-Кузнецкий,general,Красноярская основная школа
RU,Россия,Ленинск-Кузнецкий,general,Кулебакинская начальная школа
RU,Россия,Ленинск-Кузнецкий,general,Ленинуглёвская средняя школа
RU,Россия,Ленинск-Кузнецкий,general,Малосалаирская средняя школа
RU,Россия,Ленинск-Кузнецкий,general,Менчерепская средняя школа
RU,Россия,Ленинск-Кузнецкий,general,Мирновская основная школа
RU,Россия,Ленинск-Кузнецкий,general,Моховская средняя школа
RU,Россия,Ленинск-Кузнецкий,general,Мусохрановская начальная школа
RU,Россия,Ленинск-Кузнецкий,general,Новобачатская средняя школа
RU,Россия,Ленинск-Кузнецкий,general,Новогеоргиевская начальная школа
RU,Россия,Ленинск-Кузнецкий,general,Новопестерёвская основная школа
RU,Россия,Ленинск-Кузнецкий,general,Основная школа №15
RU,Россия,Ленинск-Кузнецкий,general,Основная школа №19
RU,Россия,Ленинск-Кузнецкий,general,Основная школа №20
RU,Россия,Ленинск-Кузнецкий,general,Основная школа №23
RU,Россия,Ленинск-Кузнецкий,general,Основная школа №3
RU,Россия,Ленинск-Кузнецкий,general,Основная школа №32
RU,Россия,Ленинск-Кузнецкий,general,Основная школа №33
RU,Россия,Ленинск-Кузнецкий,general,Основная школа №37
RU,Россия,Ленинск-Кузнецкий,general,Основная школа №38
RU,Россия,Ленинск-Кузнецкий,general,Основная школа №42
RU,Россия,Ленинск-Кузнецкий,general,Основная школа №7
RU,Россия,Ленинск-Кузнецкий,general,Основная школа №73
RU,Россия,Ленинск-Кузнецкий,general,Подгорновская средняя школа
RU,Россия,Ленинск-Кузнецкий,general,Раздольнинская основная школа
RU,Россия,Ленинск-Кузнецкий,general,Свердловская основная школа
RU,Россия,Ленинск-Кузнецкий,general,Снежинская основная школа
RU,Россия,Ленинск-Кузнецкий,general,Специальная (коррекционная) общеобразовательная школа №6
RU,Россия,Ленинск-Кузнецкий,general,Средняя школа №1
RU,Россия,Ленинск-Кузнецкий,general,Средняя школа №12
RU,Россия,Ленинск-Кузнецкий,general,Средняя школа №16
RU,Россия,Ленинск-Кузнецкий,general,Средняя школа №19
RU,Россия,Ленинск-Кузнецкий,general,Средняя школа №2
RU,Россия,Ленинск-Кузнецкий,general,Средняя школа №24
RU,Россия,Ленинск-Кузнецкий,general,Средняя школа №37
RU,Россия,Ленинск-Кузнецкий,general,Средняя школа №8
RU,Россия,Ленинск-Кузнецкий,general,Старобачатская средняя школа
RU,Россия,Ленинск-Кузнецкий,general,Старопестерёвская средняя школа
RU,Россия,Ленинск-Кузнецкий,general,Чкаловская основная школа
RU,Россия,Ленинск-Кузнецкий,general,Щебзаводская основная школа
RU,Россия,Лесосибирск,college,ЛМТ Лесосибирский медицинский техникум
RU,Россия,Лесосибирск,college,ЛТТ Лесосибирский технологический техникум
RU,Россия,Лесосибирск,college,"ЛфКСТ Лесосибирский филиал образовательного учреждения ""Красноярский строительный техникум"""
RU,Россия,Лесосибирск,college,Частный ЛК Знание Лесосибирский колледж Знание
RU,Россия,Лесосибирск,general,Лесосибирская школа
RU,Россия,Лесосибирск,general,Основная школа №5
RU,Россия,Лесосибирск,general,Средняя общеобразовательная школа № 4 города Лесосибирска
RU,Россия,Лесосибирск,general,Средняя школа №1
RU,Россия,Лесосибирск,general,Средняя школа №2
RU,Россия,Лесосибирск,general,Средняя школа №4
RU,Россия,Лесосибирск,general,Средняя школа №6
RU,Россия,Лесосибирск,general,Средняя школа №9
RU,Россия,Лесосибирск,university,Лесосибирский педагогический институт - филиал
RU,Россия,Лесосибирск,university,Лесосибирский филиал
RU,Россия,Липецк,general,Инженерно-технологическая школа №27
RU,Россия,Липецк,general,Начальная школа
RU,Россия,Липецк,general,Новая школа Натальи Колгановой
RU,Россия,Липецк,general,Основная школа №25
RU,Россия,Липецк,general,Средняя общеобразовательная школа с. Плеханово Грязинского Муниципального Района Липецкой области
RU,Россия,Липецк,general,Средняя общеобразовательная школа №24 им. М.Б. Раковского
RU,Россия,Липецк,general,Средняя общеобразовательная школа №40
RU,Россия,Липецк,general,Средняя общеобразовательная школа №47 с углубленным изучением отдельных предметов
RU,Россия,Липецк,general,Средняя школа
RU,Россия,Липецк,general,Средняя школа №10 им. героя России И. Свиридова
RU,Россия,Липецк,general,Средняя школа №11
RU,Россия,Липецк,general,Средняя школа №14
RU,Россия,Липецк,general,Средняя школа №15
RU,Россия,Липецк,general,Средняя школа №17
RU,Россия,Липецк,general,Средняя школа №18
RU,Россия,Липецк,general,Средняя школа №2
RU,Россия,Липецк,general,Средняя школа №20
RU,Россия,Липецк,general,Средняя школа №21
RU,Россия,Липецк,general,Средняя школа №23
RU,Россия,Липецк,general,Средняя школа №28
RU,Россия,Липецк,general,Средняя школа №30
RU,Россия,Липецк,general,Средняя школа №31
RU,Россия,Липецк,general,Средняя школа №33
RU,Россия,Липецк,general,Средняя школа №35
RU,Россия,Липецк,general,Средняя школа №36
RU,Россия,Липецк,general,Средняя школа №37
RU,Россия,Липецк,general,Средняя школа №38
RU,Россия,Липецк,general,Средняя школа №4
RU,Россия,Липецк,general,Средняя школа №41
RU,Россия,Липецк,general,Средняя школа №42
RU,Россия,Липецк,general,Средняя школа №45
RU,Россия,Липецк,general,Средняя школа №46
RU,Россия,Липецк,general,Средняя школа №48
RU,Россия,Липецк,general,Средняя школа №49
RU,Россия,Липецк,general,Средняя школа №5 им. Героя Советского Союза С.Г. Литаврина
RU,Россия,Липецк,general,Средняя школа №50
RU,Россия,Липецк,general,Средняя школа №51
RU,Россия,Липецк,general,Средняя школа №52
RU,Россия,Липецк,general,Средняя школа №54
RU,Россия,Липецк,general,Средняя школа №58
RU,Россия,Липецк,general,Средняя школа №60
RU,Россия,Липецк,general,Средняя школа №61
RU,Россия,Липецк,general,Средняя школа №62
RU,Россия,Липецк,general,Средняя школа №63
RU,Россия,Липецк,general,Средняя школа №68
RU,Россия,Липецк,general,Средняя школа №7
RU,Россия,Липецк,general,Средняя школа №70
RU,Россия,Липецк,general,Средняя школа №72
RU,Россия,Липецк,general,Средняя школа №77
RU,Россия,Липецк,general,Средняя школа №8
RU,Россия,Липецк,general,Средняя школа №9
RU,Россия,Липецк,general,Строящаяся школа
RU,Россия,Липецк,general,Школа информационных технологий №26
RU,Россия,Липецк,general,Школа №16
RU,Россия,Липецк,general,Школа №32
RU,Россия,Липецк,general,Школа №6
RU,Россия,Лобня,general,Коррекционная школа
RU,Россия,Лобня,general,МБОО СОШ № 10
RU,Россия,Лобня,general,"МБОУ ИТЛ ""авиатика"""
RU,Россия,Лобня,general,МБОУ Лицей
RU,Россия,Лобня,general,МБОУ СОШ № 3 Имени Героя Советского Союза В.а.борисова
RU,Россия,Лобня,general,МБОУ СОШ № 6 Имени Сахнова В.И
RU,Россия,Лобня,general,МБОУ СОШ № 7 ИМ. Орлова Б.Н
RU,Россия,Лобня,general,МБОУ СОШ № 8 Имени Героя Советского Союза Будника Г.Д
RU,Россия,Лобня,general,МБСКОУ СКОШ
RU,Россия,Лобня,general,Специальная коррекционная общеобразовательная школа
RU,Россия,Лобня,general,Средняя школа №1
RU,Россия,Лобня,general,Средняя школа №10
RU,Россия,Лобня,general,Средняя школа №2
RU,Россия,Лобня,general,Средняя школа №3
RU,Россия,Лобня,general,Средняя школа №4
RU,Россия,Лобня,general,Средняя школа №6
RU,Россия,Лобня,general,Средняя школа №7
RU,Россия,Лобня,general,Средняя школа №8
RU,Россия,Лобня,general,Средняя школа №9
RU,Россия,Лысково,general,Основная Школа Г. Лысково
RU,Россия,Лысково,general,Средняя Школа № 2 Г. Лысково
RU,Россия,Лысково,general,Средняя Школа № 3 Г.лысково
RU,Россия,Лысково,general,Средняя Школа № 5 Г. Лысково
RU,Россия,Лысково,general,Средняя школа №2
RU,Россия,Лысково,general,Средняя школа №3
RU,Россия,Лысково,general,Средняя школа №5
RU,Россия,Лысьва,college,ЛПК Лысьвенский политехнический колледж
RU,Россия,Лысьва,college,ЛФ СПО ПНИПУ Лысьвенский филиал Пермского национального исследовательского политехнического университет
RU,Россия,Лысьва,general,Лицей № 1
RU,Россия,Лысьва,general,Лысвенская школа
RU,Россия,Лысьва,general,Основная общеобразовательная школа для детей с ограниченными возможностями здоровья
RU,Россия,Лысьва,general,Средняя общеобразовательная школа № 16 с углубленным изучением отдельных предметов
RU,Россия,Лысьва,general,Средняя общеобразовательная школа № 2 с углубленным изучением отдельных предметов
RU,Россия,Лысьва,general,Средняя общеобразовательная школа № 3
RU,Россия,Лысьва,general,Средняя общеобразовательная школа № 6
RU,Россия,Лысьва,general,Средняя общеобразовательная школа № 7
RU,Россия,Лысьва,general,Средняя общеобразовательная школа №11
RU,Россия,Лысьва,general,Средняя общеобразовательная школа №16
RU,Россия,Лысьва,general,Средняя школа №2
RU,Россия,Лысьва,general,Школа для детей с ограниченными возможностями здоровья
RU,Россия,Лыткарино,college,ЛПГК Лыткаринский промышленно-гуманитарный колледж
RU,Россия,Лыткарино,college,"Политех ""Лыткарино"" Политех ""Лыткарино"" (филиал) ""Подмосковный политехнический колледж"""
RU,Россия,Лыткарино,college,Частный Колледж Академия ТОП Лыткарино Филиал колледжа «Академия ТОП Лыткарино»
RU,Россия,Лыткарино,general,МОУ Гимназия № 1
RU,Россия,Лыткарино,general,МОУ Гимназия № 4
RU,Россия,Лыткарино,general,МОУ Гимназия № 7
RU,Россия,Лыткарино,general,Средняя школа №2
RU,Россия,Лыткарино,general,Средняя школа №3
RU,Россия,Лыткарино,general,Школа № 8 для обучающихся с ограниченными возможностями здоровья городского округа Лыткарино Московской области
RU,Россия,Лыткарино,general,Школа №8
RU,Россия,Люберцы,general,Лингвистическая школа
RU,Россия,Люберцы,general,Лицей №12 муниципального образования г.о. Люберцы московской области
RU,Россия,Люберцы,general,Средняя общеобразовательная школа №26
RU,Россия,Люберцы,general,Средняя общеобразовательная школа №27
RU,Россия,Люберцы,general,Средняя школа №10
RU,Россия,Люберцы,general,Средняя школа №28
RU,Россия,Люберцы,general,Средняя школа №8
RU,Россия,Лянтор,general,Лянторская средняя общеобразовательная школа № 3
RU,Россия,Лянтор,general,Лянторская средняя общеобразовательная школа № 4
RU,Россия,Лянтор,general,Лянторская средняя общеобразовательная школа № 5
RU,Россия,Лянтор,general,Лянторская средняя общеобразовательная школа № 6
RU,Россия,Лянтор,general,Лянторская средняя общеобразовательная школа № 7
RU,Россия,Магнитогорск,boarding,Коррекционная школа-интернат №4
RU,Россия,Магнитогорск,boarding,Специальная (коррекционная) общеобразовательная школа-интернат №3
RU,Россия,Магнитогорск,boarding,Специальная коррекционная общеобразовательная школа-интернат №52
RU,Россия,Магнитогорск,boarding,"Специальная коррекционная школа-интернат №5 для детей-сирот и детей, оставшихся без попечения родителей, с ограниченными возможностями здоровья"
RU,Россия,Магнитогорск,college,Колледж искусства и культуры МаГК (академии) имени М.И. Глинки Колледж искусства и культуры Магнитогорской государственной консерватории (академии) имени
RU,Россия,Магнитогорск,college,МагПК Магнитогорский педагогический колледж
RU,Россия,Магнитогорск,college,ММК им. П.Ф. Надеждина Магнитогорский медицинский колледж им. П.Ф. Надеждина
RU,Россия,Магнитогорск,college,МпК МГТУ им. Г.И.Носова Многопрофильный колледж Магнитогорского государственного технического университета имени Г
RU,Россия,Магнитогорск,college,МСТМ Магнитогорский строительно-монтажный техникум
RU,Россия,Магнитогорск,college,МТК им. В.П. Омельченко Магнитогорский технологический колледж имени В.П. Омельченко
RU,Россия,Магнитогорск,college,Политехнический колледж Политехнический колледж г. Магнитогорск
RU,Россия,Магнитогорск,college,"Фершампенуазский филиал филиал ВАТТ-ККК Фершампенуазский филиал ""Верхнеуральский агротехнологический техникум - казачий кадетский"
RU,Россия,Магнитогорск,college,Частный Колледж Академия ТОП Магнитогорск Филиал колледжа «Академия ТОП Магнитогорск»
RU,Россия,Магнитогорск,college,Частный КУП Колледж управления и права г. Магнитогорск
RU,Россия,Магнитогорск,college,Частный МКСО Магнитогорский колледж современного образования
RU,Россия,Магнитогорск,general,Агаповская средняя школа №1
RU,Россия,Магнитогорск,general,Агаповская средняя школа №2
RU,Россия,Магнитогорск,general,Аюсазовская средняя школа
RU,Россия,Магнитогорск,general,Бабарыкинская средняя школа
RU,Россия,Магнитогорск,general,Буранная начальная школа
RU,Россия,Магнитогорск,general,Буранная средняя школа
RU,Россия,Магнитогорск,general,Верхнекизильская основная школа
RU,Россия,Магнитогорск,general,Гумбейская начальная школа
RU,Россия,Магнитогорск,general,Желтинская средняя школа
RU,Россия,Магнитогорск,general,Кирсинская средняя школа
RU,Россия,Магнитогорск,general,Коррекционная школа №15
RU,Россия,Магнитогорск,general,Коррекционная школа №17
RU,Россия,Магнитогорск,general,Коррекционная школа №24
RU,Россия,Магнитогорск,general,Муниципальная школа
RU,Россия,Магнитогорск,general,Наваринская начальная школа
RU,Россия,Магнитогорск,general,Наровчатская средняя школа
RU,Россия,Магнитогорск,general,Начальная школа
RU,Россия,Магнитогорск,general,Начальная школа №14
RU,Россия,Магнитогорск,general,Первомайская средняя школа
RU,Россия,Магнитогорск,general,Приморская средняя школа
RU,Россия,Магнитогорск,general,Ржавская средняя школа
RU,Россия,Магнитогорск,general,Смеловская средняя школа
RU,Россия,Магнитогорск,general,Спасская средняя школа
RU,Россия,Магнитогорск,general,Средняя школа
RU,Россия,Магнитогорск,general,Средняя школа №1
RU,Россия,Магнитогорск,general,Средняя школа №10
RU,Россия,Магнитогорск,general,Средняя школа №12
RU,Россия,Магнитогорск,general,Средняя школа №13
RU,Россия,Магнитогорск,general,Средняя школа №14
RU,Россия,Магнитогорск,general,Средняя школа №16
RU,Россия,Магнитогорск,general,Средняя школа №20
RU,Россия,Магнитогорск,general,Средняя школа №21
RU,Россия,Магнитогорск,general,Средняя школа №25
RU,Россия,Магнитогорск,general,Средняя школа №28
RU,Россия,Магнитогорск,general,Средняя школа №3
RU,Россия,Магнитогорск,general,Средняя школа №31
RU,Россия,Магнитогорск,general,Средняя школа №32
RU,Россия,Магнитогорск,general,Средняя школа №33
RU,Россия,Магнитогорск,general,Средняя школа №36
RU,Россия,Магнитогорск,general,Средняя школа №37
RU,Россия,Магнитогорск,general,Средняя школа №38
RU,Россия,Магнитогорск,general,Средняя школа №39
RU,Россия,Магнитогорск,general,Средняя школа №40
RU,Россия,Магнитогорск,general,Средняя школа №41
RU,Россия,Магнитогорск,general,Средняя школа №42
RU,Россия,Магнитогорск,general,Средняя школа №47
RU,Россия,Магнитогорск,general,Средняя школа №48
RU,Россия,Магнитогорск,general,Средняя школа №5
RU,Россия,Магнитогорск,general,Средняя школа №50
RU,Россия,Магнитогорск,general,Средняя школа №54
RU,Россия,Магнитогорск,general,Средняя школа №55
RU,Россия,Магнитогорск,general,Средняя школа №56
RU,Россия,Магнитогорск,general,Средняя школа №59
RU,Россия,Магнитогорск,general,Средняя школа №60
RU,Россия,Магнитогорск,general,Средняя школа №61
RU,Россия,Магнитогорск,general,Средняя школа №62
RU,Россия,Магнитогорск,general,Средняя школа №63
RU,Россия,Магнитогорск,general,Средняя школа №64
RU,Россия,Магнитогорск,general,Средняя школа №65
RU,Россия,Магнитогорск,general,Средняя школа №66
RU,Россия,Магнитогорск,general,Средняя школа №67
RU,Россия,Магнитогорск,general,Средняя школа №7
RU,Россия,Магнитогорск,general,Средняя школа №8
RU,Россия,Магнитогорск,general,Степнинская средняя школа
RU,Россия,Магнитогорск,general,Форштадтская основная школа
RU,Россия,Магнитогорск,general,Школа Мудрого Лиса
RU,Россия,Магнитогорск,general,Элеваторская начальная школа
RU,Россия,Магнитогорск,general,Эстонская основная школа
RU,Россия,Майкоп,boarding,Адыгейская республиканская школа-интернат для детей с нарушениями слуха и зрения
RU,Россия,Майкоп,boarding,Коррекционная школа-интернат
RU,Россия,Майкоп,college,АПК им. Х. Андрухаева Адыгейский педагогический колледж им. Х. Андрухаева
RU,Россия,Майкоп,college,АРКИ им. У.Х. Тхабисимова Адыгейский республиканский колледж искусств им. У.Х. Тхабисимова
RU,Россия,Майкоп,college,ДСХТ Дондуковский сельскохозяйственный техникум
RU,Россия,Майкоп,college,КАПТ Красногвардейский аграрно-промышленный техникум
RU,Россия,Майкоп,college,МГГТК АГУ Майкопский государственный гуманитарно-технический колледж Адыгейского государственного ун
RU,Россия,Майкоп,college,МИТ Майкопский индустриальный техникум
RU,Россия,Майкоп,college,ММК Майкопский медицинский колледж
RU,Россия,Майкоп,college,МПТ Майкопский политехнический техникум
RU,Россия,Майкоп,college,ПК МГТУ Политехнический колледж Майкопский государственный технологический университет
RU,Россия,Майкоп,college,ПК МГТУ филиал в п. Яблоновском Политехнический колледж Майкопского государственного технологического университета филиал
RU,Россия,Майкоп,general,Адыгейская республиканская гимназия
RU,Россия,Майкоп,general,Гимназия № 22
RU,Россия,Майкоп,general,Гимназия № 5
RU,Россия,Майкоп,general,Лицей № 19
RU,Россия,Майкоп,general,Лицей № 8
RU,Россия,Майкоп,general,Начальная школа №26
RU,Россия,Майкоп,general,Начальная школа №34
RU,Россия,Майкоп,general,Основная школа № 20
RU,Россия,Майкоп,general,Основная школа №12
RU,Россия,Майкоп,general,Основная школа №13
RU,Россия,Майкоп,general,Основная школа №14
RU,Россия,Майкоп,general,Основная школа №15
RU,Россия,Майкоп,general,Основная школа №16
RU,Россия,Майкоп,general,Основная школа №19
RU,Россия,Майкоп,general,Основная школа №21
RU,Россия,Майкоп,general,Основная школа №22
RU,Россия,Майкоп,general,Основная школа №23
RU,Россия,Майкоп,general,Основная школа №24
RU,Россия,Майкоп,general,Основная школа №25
RU,Россия,Майкоп,general,Основная школа №27
RU,Россия,Майкоп,general,Основная школа №28
RU,Россия,Майкоп,general,Основная школа №29
RU,Россия,Майкоп,general,Основная школа №32
RU,Россия,Майкоп,general,Основная школа №33
RU,Россия,Майкоп,general,Основная школа №37
RU,Россия,Майкоп,general,Основная школа №38
RU,Россия,Майкоп,general,Основная школа №7
RU,Россия,Майкоп,general,Основная школа №8
RU,Россия,Майкоп,general,Основная школа №9
RU,Россия,Майкоп,general,Республиканская естественно-математическая школа
RU,Россия,Майкоп,general,Средняя общеобразовательная школа № 2
RU,Россия,Майкоп,general,Средняя школа № 1
RU,Россия,Майкоп,general,Средняя школа № 10
RU,Россия,Майкоп,general,Средняя школа № 11
RU,Россия,Майкоп,general,Средняя школа № 13
RU,Россия,Майкоп,general,Средняя школа № 15
RU,Россия,Майкоп,general,Средняя школа № 16
RU,Россия,Майкоп,general,Средняя школа № 17
RU,Россия,Майкоп,general,Средняя школа № 28
RU,Россия,Майкоп,general,Средняя школа № 3
RU,Россия,Майкоп,general,Средняя школа № 6
RU,Россия,Майкоп,general,Средняя школа № 7
RU,Россия,Майкоп,general,Средняя школа № 9
RU,Россия,Майкоп,general,Средняя школа №1 им. В.Н. Березуцкого
RU,Россия,Майкоп,general,Средняя школа №14
RU,Россия,Майкоп,general,Средняя школа №18
RU,Россия,Майкоп,general,Средняя школа №20
RU,Россия,Майкоп,general,Средняя школа №21
RU,Россия,Майкоп,general,Средняя школа №23
RU,Россия,Майкоп,general,Средняя школа №23 им. А.П. Антонова
RU,Россия,Майкоп,general,Средняя школа №25
RU,Россия,Майкоп,general,Средняя школа №26
RU,Россия,Майкоп,general,Средняя школа №27
RU,Россия,Майкоп,general,Средняя школа №29
RU,Россия,Майкоп,general,Средняя школа №30
RU,Россия,Майкоп,general,Средняя школа №31
RU,Россия,Майкоп,general,Средняя школа №33
RU,Россия,Майкоп,general,Средняя школа №4
RU,Россия,Майкоп,general,Средняя школа №5
RU,Россия,Майкоп,general,Школа для обучающихся с ограниченными возможностями здоровья
RU,Россия,Майкоп,general,Эколого-биологический лицей № 35
RU,Россия,Махачкала,college,АДК Автомобильно-дорожный колледж г. Махачкала
RU,Россия,Махачкала,college,АЭТ Дагестанского ГАУ Аграрно-экономический техникум Дагестанского государственного аграрного университета имени
RU,Россия,Махачкала,college,ДБМК им. Р.П. Аскерханова Дагестанский базовый медицинский колледж им. Р.П.Аскерханова
RU,Россия,Махачкала,college,ДККИ им. Мурадовой Дагестанский колледж культуры и искусств имени Барият Мурадовой
RU,Россия,Махачкала,college,ДХУ им. М.А. Джемала Дагестанское художественное училище им. М.А. Джемала
RU,Россия,Махачкала,college,Колледж ДГУ Колледж Дагестанского государственного университета
RU,Россия,Махачкала,college,Колледж полиции ДГУНХ Колледж полиции Дагестанского государственного университета народного хозяйства
RU,Россия,Махачкала,college,Колледж современных технологий ДГУНХ Колледж современных технологий Дагестанского государственного университета народного хозяй
RU,Россия,Махачкала,college,Колледж туризма и сервиса ДГУНХ Колледж туризма и сервиса Дагестанского государственного университета народного хозяйства
RU,Россия,Махачкала,college,Колледж цифровых технологий и информационной безопасности ДГНУХ Колледж цифровых технологий и информационной безопасности Дагестанского государственного у
RU,Россия,Махачкала,college,КСиД Колледж строительства и дизайна
RU,Россия,Махачкала,college,МАДК Махачкалинский автомобильно-дорожный колледж
RU,Россия,Махачкала,college,МК ДГМУ Медицинский колледж Дагестанского государственного медицинского университета
RU,Россия,Махачкала,college,ММУ им. Г.А. Гасанова Махачкалинское музыкальное училище им. Г.А. Гасанова
RU,Россия,Махачкала,college,МФЭК филиал Финуниверситета Махачкалинский финансово-экономический колледж филиал Финансового университета при Правите
RU,Россия,Махачкала,college,ППК Профессионально-педагогический колледж г. Махачкала
RU,Россия,Махачкала,college,СКИ (филиал) ВГУЮ (РПА Минюста России) Северо-Кавказский институт (филиал) Всероссийского государственного университета юстиции (
RU,Россия,Махачкала,college,ТК им. Р. Н. Ашуралиева Технический колледж им. Р. Н. Ашуралиева
RU,Россия,Махачкала,college,Частный Колледж Академия ТОП Махачкала Филиал колледжа «Академия ТОП Махачкала»
RU,Россия,Махачкала,college,Частный Колледж гражданской обороны и чрезвычайным ситуациям Колледж гражданской обороны и чрезвычайным ситуациям им. Героя России Тулпара Оздемировича
RU,Россия,Махачкала,college,Частный МКИБ Медицинский колледж имени Башларова
RU,Россия,Махачкала,college,Частный ММК филиал в г. Махачкале Межрегиональный медицинский колледж филиал в г. Махачкале
RU,Россия,Махачкала,college,Частный СКГМК им. И. Шамиля Северо-Кавказский Гуманитарно-многопрофильный колледж имени Имама Шамиля
RU,Россия,Махачкала,college,Частный ТДИИТ Техникум дизайна и информационных технологий
RU,Россия,Махачкала,general,Агачаульская средняя общеобразовательная школа им. Габилова Габила
RU,Россия,Махачкала,general,Агачкалинская средняя школа
RU,Россия,Махачкала,general,Аданакская средняя общеобразовательная школа
RU,Россия,Махачкала,general,Акайталайская средняя общеобразовательная школа
RU,Россия,Махачкала,general,Алмалинская средняя общеобразовательная школа им. И.И. Исламова
RU,Россия,Махачкала,general,Апшинская школа
RU,Россия,Махачкала,general,Араблинская средняя общеобразовательная школа
RU,Россия,Махачкала,general,Арахкентская средняя общеобразовательная школа
RU,Россия,Махачкала,general,Аркасская школа
RU,Россия,Махачкала,general,Ачисинская Средняя Общеобразовательная Школа №2
RU,Россия,Махачкала,general,Берикейская средняя общеобразовательная школа
RU,Россия,Махачкала,general,Бугленская средняя общеобразовательная школа им. Ш.И. Шихсаидова
RU,Россия,Махачкала,general,Ванашинская общеобразовательная школа
RU,Россия,Махачкала,general,Великентская средняя общеобразовательная школа им. Гереева У.А
RU,Россия,Махачкала,general,Верхне-Дженгутайская школа
RU,Россия,Махачкала,general,Верхне-Казанищенская средняя общеобразовательная школа №1
RU,Россия,Махачкала,general,Верхнеказанищенская школа №2 им. Даудова З.А
RU,Россия,Махачкала,general,Верхнекаранайская средняя общеобразовательная школа
RU,Россия,Махачкала,general,Гергинская Средняя Общеобразовательная Школа
RU,Россия,Махачкала,general,Гимназия им. М.В. Ломоносова
RU,Россия,Махачкала,general,Гимназия Сахаб
RU,Россия,Махачкала,general,Гимназия № 1 имени С.М. Омарова
RU,Россия,Махачкала,general,Гимназия № 11
RU,Россия,Махачкала,general,Гимназия № 13
RU,Россия,Махачкала,general,ГИМНАЗИЯ № 28 ИМЕНИ ГЕРОЯ РОССИИЙСКОЙ ФЕДЕРАЦИИ АБДУЛХАКИМА ИСАКОВИЧА ИСМАИЛОВА
RU,Россия,Махачкала,general,Гимназия № 33
RU,Россия,Махачкала,general,Гимназия № 37
RU,Россия,Махачкала,general,Гимназия № 4
RU,Россия,Махачкала,general,Гимназия № 7
RU,Россия,Махачкала,general,Гимназия №37 им. Нурбагандова М.Н
RU,Россия,Махачкала,general,Джемикентская Средняя общеобразовательная школа
RU,Россия,Махачкала,general,Дурангинская средняя общеобразовательная школа
RU,Россия,Махачкала,general,Зеленоморская Средняя Общеобразовательная Школа
RU,Россия,Махачкала,general,Кадарская основная общеобразовательная школа
RU,Россия,Махачкала,general,Кадарская средняя общеобразовательная школа
RU,Россия,Махачкала,general,Карабудахкентская Средняя Общеобразовательная школа № 3
RU,Россия,Махачкала,general,Карабудахкентская Средняя Общеобразовательная школа № 5
RU,Россия,Махачкала,general,Карабудахкентская средняя общеобразовательная школа №2
RU,Россия,Махачкала,general,Карамахинская средняя общеобразовательная школа
RU,Россия,Махачкала,general,Каранайская школа
RU,Россия,Махачкала,general,Кафыркумухская школа
RU,Россия,Махачкала,general,Каякентская Средняя Общеобразовательная Школа №1 им. Алибекова М. М
RU,Россия,Махачкала,general,Коркмаскалинская школа имени Дж. Коркмасова
RU,Россия,Махачкала,general,Коркмаскалинская школа №2
RU,Россия,Махачкала,general,Манасаульская средняя общеобразовательная школа
RU,Россия,Махачкала,general,Манаскентская средняя общеобразовательная школа
RU,Россия,Махачкала,general,Манасская средняя общеобразовательная школа им. Хайруллаева З.М
RU,Россия,Махачкала,general,Махачкалинский многопрофильный лицей № 39 им.Б.Астемирова
RU,Россия,Махачкала,general,Многопрофильная гимназия № 38
RU,Россия,Махачкала,general,Многопрофильная гимназия № 56 им. Мирзабекова А.М
RU,Россия,Махачкала,general,Многопрофильный лицей № 3
RU,Россия,Махачкала,general,Многопрофильный лицей № 5
RU,Россия,Махачкала,general,Многопрофильный лицей № 9
RU,Россия,Махачкала,general,Морская средняя школа
RU,Россия,Махачкала,general,Н-Дженгутаевская средняя общеобразовательная школа
RU,Россия,Махачкала,general,Нижнеказанищенская гимназия им. Абусуфьяна Акаева
RU,Россия,Махачкала,general,Нижнеказанищенская школа №2 им. Наби Ханмурзаева
RU,Россия,Махачкала,general,Нижнеказанищенская школа №3
RU,Россия,Махачкала,general,Нижнеказанищенская школа №4 им. Хангишиева М.Г
RU,Россия,Махачкала,general,Нижнечирюртовская средняя общеобразовательная школа им. М.Г. Абдуллаевой
RU,Россия,Махачкала,general,Новокаякентская Средняя Общеобразовательная Школа
RU,Россия,Махачкала,general,Новолакская гимназия им. Героя России Исаева Мутея
RU,Россия,Махачкала,general,Новомугурухская школа Чародинского района
RU,Россия,Махачкала,general,Новоуркарахская средняя общеобразовательная школа
RU,Россия,Махачкала,general,Основная Общеобразовательная Школа №23
RU,Россия,Махачкала,general,Параульская средняя общеобразовательная школа №2
RU,Россия,Махачкала,general,Сабновинская общеобразовательная школа им. Умаханова Ж. И
RU,Россия,Махачкала,general,Саликская средняя школа
RU,Россия,Махачкала,general,Средняя общеобразовательная школа
RU,Россия,Махачкала,general,Средняя общеобразовательная школа им. Н. Салимханова
RU,Россия,Махачкала,general,Средняя общеобразовательная школа № 10
RU,Россия,Махачкала,general,Средняя общеобразовательная школа № 14
RU,Россия,Махачкала,general,Средняя общеобразовательная школа № 15 им.Цахаева З.З
RU,Россия,Махачкала,general,Средняя общеобразовательная школа № 16
RU,Россия,Махачкала,general,Средняя общеобразовательная школа № 18 имени Р.С. Рамазанова
RU,Россия,Махачкала,general,Средняя общеобразовательная школа № 34
RU,Россия,Махачкала,general,Средняя общеобразовательная школа №12
RU,Россия,Махачкала,general,Средняя общеобразовательная школа №15 им. З.З. Цахаева
RU,Россия,Махачкала,general,Средняя общеобразовательная школа №19
RU,Россия,Махачкала,general,Средняя общеобразовательная школа №2
RU,Россия,Махачкала,general,Средняя общеобразовательная школа №20
RU,Россия,Махачкала,general,Средняя общеобразовательная школа №21
RU,Россия,Махачкала,general,Средняя общеобразовательная школа №24
RU,Россия,Махачкала,general,Средняя общеобразовательная школа №25
RU,Россия,Махачкала,general,Средняя общеобразовательная школа №26
RU,Россия,Махачкала,general,Средняя общеобразовательная школа №27
RU,Россия,Махачкала,general,Средняя общеобразовательная школа №29
RU,Россия,Махачкала,general,Средняя общеобразовательная школа №3
RU,Россия,Махачкала,general,Средняя общеобразовательная школа №31
RU,Россия,Махачкала,general,Средняя общеобразовательная школа №32
RU,Россия,Махачкала,general,Средняя общеобразовательная школа №36
RU,Россия,Махачкала,general,Средняя общеобразовательная школа №40
RU,Россия,Махачкала,general,Средняя общеобразовательная школа №41 им.Э.Р. Багирова
RU,Россия,Махачкала,general,Средняя общеобразовательная школа №42 им. Н.Э. Гаджимагомедова
RU,Россия,Махачкала,general,Средняя общеобразовательная школа №43
RU,Россия,Махачкала,general,Средняя общеобразовательная школа №47
RU,Россия,Махачкала,general,Средняя общеобразовательная школа №48
RU,Россия,Махачкала,general,Средняя общеобразовательная школа №49
RU,Россия,Махачкала,general,Средняя общеобразовательная школа №50 им. Р. Гамзатова
RU,Россия,Махачкала,general,Средняя общеобразовательная школа №53
RU,Россия,Махачкала,general,Средняя общеобразовательная школа №54
RU,Россия,Махачкала,general,Средняя общеобразовательная школа №55
RU,Россия,Махачкала,general,Средняя общеобразовательная школа №58
RU,Россия,Махачкала,general,Средняя общеобразовательная школа №59
RU,Россия,Махачкала,general,Средняя общеобразовательная школа №60
RU,Россия,Махачкала,general,Средняя общеобразовательная школа №61 им. Фазу Алиевой
RU,Россия,Махачкала,general,Такалайская средняя общеобразовательная школа
RU,Россия,Махачкала,general,Татлярская Средняя общеобразовательная школа
RU,Россия,Махачкала,general,Тюбинская средняя общеобразовательная школа
RU,Россия,Махачкала,general,Уллубийаульская средняя общеобразовательная школа
RU,Россия,Махачкала,general,Учкентская средняя школа
RU,Россия,Махачкала,general,Хазарская средняя общеобразовательная школа
RU,Россия,Махачкала,general,Халимбекаульская начальная общеобразовательная школа им. Мусаева А.М
RU,Россия,Махачкала,general,Халимбекаульская средняя общеобразовательная школа им. А.М. Аскерова
RU,Россия,Махачкала,general,Чабанмахинская школа
RU,Россия,Махачкала,general,Чанкурбенская средняя общеобразовательная школа
RU,Россия,Махачкала,general,Чапаевская средняя общеобразовательная школа №2
RU,Россия,Махачкала,general,Чинарская школа №1
RU,Россия,Махачкала,general,Чиркейская Гимназия им. Саида-Афанди Аль-Чиркави
RU,Россия,Махачкала,general,Школа им. А. Юсупова
RU,Россия,Махачкала,general,Школа им. Г. Давыдовой
RU,Россия,Махачкала,general,Школа №41
RU,Россия,Махачкала,general,Школа №45
RU,Россия,Махачкала,general,Школа №46 им. Молчанова М.А
RU,Россия,Махачкала,general,Школа №57 им. Алексея Суханова
RU,Россия,Махачкала,general,Школа №6
RU,Россия,Махачкала,general,Шушинская средняя общеобразовательная школа
RU,Россия,Махачкала,general,Эрпелинская школа им. М.Д. Апашева
RU,Россия,Махачкала,university,Дагестанский государственный аграрный университет имени М.М.Джамбулатова
RU,Россия,Махачкала,university,Дагестанский государственный медицинский университет
RU,Россия,Махачкала,university,Дагестанский государственный педагогический университет им. Р. Гамзатова
RU,Россия,Махачкала,university,Дагестанский государственный технический университет
RU,Россия,Махачкала,university,Дагестанский государственный университет
RU,Россия,Махачкала,university,Дагестанский государственный университет народного хозяйства
RU,Россия,Махачкала,university,Дагестанский гуманитарный институт
RU,Россия,Махачкала,university,Дагестанский медицинский стоматологический институт
RU,Россия,Махачкала,university,Дагестанский филиал
RU,Россия,Махачкала,university,Институт финансов и права
RU,Россия,Махачкала,university,Махачкалинский филиал
RU,Россия,Махачкала,university,Научно-клинический центр имени Башларова
RU,Россия,Махачкала,university,Российский государственный университет туризма и сервиса — филиал в г. Махачкала
RU,Россия,Махачкала,university,Северо-Кавказский институт (филиал)
RU,Россия,Междуреченск,college,Колледж КузГТУ им. Т.Ф. Горбачева в г. Междуреченске Колледж Кузбасского государственного технического университета имени Т.Ф. Горбачева в г. М
RU,Россия,Междуреченск,college,МГСТ Междуреченский горностроительный техникум
RU,Россия,Междуреченск,college,МФ КМК Междуреченский филиал Кузбасского медицинского колледжа
RU,Россия,Междуреченск,college,"Частный Колледж Академия ТОП Междуреченск Приемная комиссия АНО ПОО Московский международный колледж цифровых технологий ""Академия Т"
RU,Россия,Междуреченск,general,Гармония основная общеобразовательная школа
RU,Россия,Междуреченск,general,Междуреченская средняя общеобразовательная школа
RU,Россия,Междуреченск,general,Основная школа №12
RU,Россия,Междуреченск,general,Основная школа №15
RU,Россия,Междуреченск,general,Основная школа №4
RU,Россия,Междуреченск,general,Основная школа №7
RU,Россия,Междуреченск,general,Основная школа №9
RU,Россия,Междуреченск,general,Средняя общеобразовательная школа №2
RU,Россия,Междуреченск,general,Средняя школа №1
RU,Россия,Междуреченск,general,Средняя школа №19
RU,Россия,Междуреченск,general,Средняя школа №22
RU,Россия,Междуреченск,general,Средняя школа №23
RU,Россия,Междуреченск,general,Средняя школа №25
RU,Россия,Междуреченск,general,Средняя школа №26
RU,Россия,Миасс,boarding,Коррекционная общеобразовательная школа-интернат для обучающихся с ограниченными возможностями здоровья рп. Магнитка Кусинский район
RU,Россия,Миасс,boarding,Специальная коррекционная общеобразовательная школа-интернат для детей с умственной отсталостью
RU,Россия,Миасс,boarding,Специальная (коррекционная) общеобразовательная школа-интернат для обучающихся с ограниченными возможностями здоровья г. Миасса
RU,Россия,Миасс,college,МГРК Миасский геологоразведочный колледж
RU,Россия,Миасс,college,МиМК Миасский машиностроительный колледж
RU,Россия,Миасс,college,ММК Миасский медицинский колледж
RU,Россия,Миасс,college,МПК Миасский педагогический колледж
RU,Россия,Миасс,college,"Уйский филиал ВАТТ-ККК Уйский филиал ""Верхнеуральский агротехнологический техникум - казачий кадетский корпус"""
RU,Россия,Миасс,college,Частный Колледж Академия ТОП Миасс Филиал колледжа «Академия ТОП Миасс»
RU,Россия,Миасс,general,Выдринская основная школа
RU,Россия,Миасс,general,Гимназия № 26
RU,Россия,Миасс,general,Кузнецкая средняя школа
RU,Россия,Миасс,general,Ларинская средняя школа
RU,Россия,Миасс,general,Лицей № 6
RU,Россия,Миасс,general,Масловская средняя школа
RU,Россия,Миасс,general,Миасская средняя общеобразовательная школа № 16
RU,Россия,Миасс,general,Миасская средняя общеобразовательная школа № 20
RU,Россия,Миасс,general,Основная общеобразовательная школа
RU,Россия,Миасс,general,Основная общеобразовательная школа № 14
RU,Россия,Миасс,general,Основная общеобразовательная школа № 15
RU,Россия,Миасс,general,Основная общеобразовательная школа № 28
RU,Россия,Миасс,general,Основная общеобразовательная школа № 60
RU,Россия,Миасс,general,Основная общеобразовательная школа № 8
RU,Россия,Миасс,general,Специальная (коррекционная) общеобразовательная школа-интернат I-II вида
RU,Россия,Миасс,general,Специальная (коррекционная) общеобразовательная школа-интернат VIII вида
RU,Россия,Миасс,general,Средняя общеобразовательная школа № 10
RU,Россия,Миасс,general,Средняя общеобразовательная школа № 21
RU,Россия,Миасс,general,Средняя общеобразовательная школа № 22
RU,Россия,Миасс,general,Средняя общеобразовательная школа № 29
RU,Россия,Миасс,general,Средняя общеобразовательная школа № 3
RU,Россия,Миасс,general,Средняя общеобразовательная школа № 4
RU,Россия,Миасс,general,Средняя общеобразовательная школа № 44
RU,Россия,Миасс,general,Средняя общеобразовательная школа № 7
RU,Россия,Миасс,general,Средняя общеобразовательная школа № 73
RU,Россия,Миасс,general,Средняя общеобразовательная школа №23
RU,Россия,Миасс,general,Средняя школа №1
RU,Россия,Миасс,general,Средняя школа №11
RU,Россия,Миасс,general,Средняя школа №13
RU,Россия,Миасс,general,Средняя школа №17
RU,Россия,Миасс,general,Средняя школа №18
RU,Россия,Миасс,general,Средняя школа №30
RU,Россия,Миасс,general,Средняя школа №9
RU,Россия,Миасс,general,Старобайрамгуловская средняя школа
RU,Россия,Миасс,general,Уйская средняя школа
RU,Россия,Миасс,university,Миасский филиал — Челябинский государственный университет
RU,Россия,Миасс,university,Южно-Уральский государственный университет (национальный исследовательский университет) — филиал в г. Миасс
RU,Россия,Минусинск,college,Каратузский филиал МСХК Каратузский филиал Минусинского сельскохозяйственного колледжа
RU,Россия,Минусинск,college,Кошурниковский филиал МСХК Кошурниковский филиал Минусинского сельскохозяйственного колледжа
RU,Россия,Минусинск,college,Курагинский филиал МСХК Курагинский филиал Минусинского сельскохозяйственного колледжа
RU,Россия,Минусинск,college,Минусинский филиал КЮТ Минусинский филиал Красноярского юридического техникума
RU,Россия,Минусинск,college,МККИ Минусинский колледж культуры и искусства
RU,Россия,Минусинск,college,ММТ Минусинский медицинский техникум
RU,Россия,Минусинск,college,МПК им. А.С. Пушкина Минусинский педагогический колледж имени А. С. Пушкина
RU,Россия,Минусинск,college,МСХК Минусинский сельскохозяйственный колледж
RU,Россия,Минусинск,general,Лицей № 7
RU,Россия,Минусинск,general,Минусинская школа-интернат
RU,Россия,Минусинск,general,Минусинская школа – интернат № 8
RU,Россия,Минусинск,general,Минусинская школа № 8
RU,Россия,Минусинск,general,"МОБУ ""СОШ № 5"""
RU,Россия,Минусинск,general,Основная общеобразовательная школа № 1
RU,Россия,Минусинск,general,Открытая (сменная) общеобразовательная школа № 14
RU,Россия,Минусинск,general,Открытая школа №14
RU,Россия,Минусинск,general,Русская школа
RU,Россия,Минусинск,general,Средняя общеобразовательная школа № 16
RU,Россия,Минусинск,general,Средняя общеобразовательная школа № 2
RU,Россия,Минусинск,general,Средняя общеобразовательная школа № 3 им. А.С. Пушкина
RU,Россия,Минусинск,general,Средняя общеобразовательная школа № 4 имени Героя Советского Союза М.П.Хвастанцева
RU,Россия,Минусинск,general,Средняя общеобразовательная школа № 6 «Русская школа»
RU,Россия,Минусинск,general,Средняя общеобразовательная школа № 9
RU,Россия,Минусинск,general,Средняя школа №12
RU,Россия,Минусинск,general,Средняя школа №3
RU,Россия,Минусинск,general,Средняя школа №5
RU,Россия,Михайловск,general,Лицей № 2
RU,Россия,Михайловск,general,Начальная общеобразовательная школа № 24
RU,Россия,Михайловск,general,Начальная школа №24
RU,Россия,Михайловск,general,Средняя общеобразовательная школа с углубленным изучением отдельных предметов № 4
RU,Россия,Михайловск,general,Средняя общеобразовательная школа № 1
RU,Россия,Михайловск,general,Средняя общеобразовательная школа № 3
RU,Россия,Михайловск,general,Средняя общеобразовательная школа № 30
RU,Россия,Михайловск,general,Средняя общеобразовательная школа № 5
RU,Россия,Михайловск,general,Средняя школа №20
RU,Россия,Михайловск,general,Средняя школа №23
RU,Россия,Михайловск,general,Средняя школа №25
RU,Россия,Михайловск,general,Средняя школа №4
RU,Россия,Мичуринск,college,ЖДК им. В.М. Баранова Железнодорожный колледж имени В.М. Баранова
RU,Россия,Мичуринск,college,Колледж МГАУ Колледж Мичуринский государственный аграрный университет
RU,Россия,Мичуринск,college,МАСК Мичуринский агросоциальный колледж
RU,Россия,Мичуринск,college,ПТК им. В.И. Заволянского Промышленно-технологический колледж им. В.И. Заволянского
RU,Россия,Можайск,general,Гармония
RU,Россия,Можайск,general,МОУ Гимназия № 4 Г.можайска
RU,Россия,Можайск,general,МОУ СОШ № 1 Г.можайска
RU,Россия,Можайск,general,МОУ СОШ № 2 Г. Можайска
RU,Россия,Можайск,general,МОУ - СОШ № 3 Г. Можайска
RU,Россия,Можайск,general,Средняя школа №1
RU,Россия,Можайск,general,Средняя школа №2
RU,Россия,Можайск,general,Средняя школа №3
RU,Россия,Можга,college,ААТТ Асановский аграрно-технический техникум
RU,Россия,Можга,college,ИПЭК филиал в г. Можга Ижевский промышленно-экономический колледж филиал в г. Можга
RU,Россия,Можга,college,МАК Можгинский агропромышленный колледж имени Г.Г. Оревкова
RU,Россия,Можга,college,"МФ РМК МЗ УР Можгинский филиал ""Республиканский медицинский колледж имени Героя Советского Союза Ф.А. П"
RU,Россия,Москва,boarding,Берсеневская общеобразовательная школа-интернат для детей с ограниченными возможностями здоровья
RU,Россия,Москва,boarding,Дедовская школа-интернат для обучающихся с ограниченными возможностями здоровья
RU,Россия,Москва,boarding,Истринская общеобразовательная школа-интернат для обучающихся с ограниченными возможностями здоровья
RU,Россия,Москва,boarding,Коррекционная школа-интернат №108
RU,Россия,Москва,boarding,Коррекционная школа-интернат №2
RU,Россия,Москва,boarding,Коррекционная школа-интернат №30
RU,Россия,Москва,boarding,Коррекционная школа-интернат №73
RU,Россия,Москва,boarding,Кутузовская школа-интернат для детей с ограниченными возможностями здоровья
RU,Россия,Москва,boarding,Специальная (коррекционная) общеобразовательная школа-интернат №31
RU,Россия,Москва,boarding,Специальная (коррекционная) общеобразовательная школа-интернат №52
RU,Россия,Москва,boarding,Специальная (коррекционная) общеобразовательная школа-интернат №65
RU,Россия,Москва,boarding,Специальная (коррекционная) общеобразовательная школа-интернат №79
RU,Россия,Москва,boarding,Специальная (коррекционная) школа-интернат №102
RU,Россия,Москва,boarding,Удельнинская общеобразовательная школа-интернат для обучающихся с ограниченными возможностями здоровья
RU,Россия,Москва,boarding,Хорловская школа-интернат для обучающихся с ограниченными возможностями здоровья
RU,Россия,Москва,boarding,Школа-интернат №1
RU,Россия,Москва,boarding,Школа-интернат №1 для обучения и реабилитации слепых
RU,Россия,Москва,boarding,Школа-интернат №3 для обучающихся с ограниченными возможностями здоровья
RU,Россия,Москва,boarding,Юровская школа-интернат
RU,Россия,Москва,general,Neшкола
RU,Россия,Москва,general,Авсюнинская средняя школa
RU,Россия,Москва,general,Авсюнинская средняя школа
RU,Россия,Москва,general,Академическая школа №1534
RU,Россия,Москва,general,Алабинская средняя школа
RU,Россия,Москва,general,Андреевская средняя общеобразовательная школа
RU,Россия,Москва,general,Андреевская средняя школа
RU,Россия,Москва,general,АНО Средняя общеобразовательная школа имени И. П. Светловой
RU,Россия,Москва,general,Барвихинская средняя школа
RU,Россия,Москва,general,Барыбино-Белостолбовская средняя школа
RU,Россия,Москва,general,Бауманская инженерная школа №1580
RU,Россия,Москва,general,Биокомбинатовская средняя школа
RU,Россия,Москва,general,Большеалексеевская средняя школа
RU,Россия,Москва,general,Братовщинская средняя школа
RU,Россия,Москва,general,Британская школа
RU,Россия,Москва,general,Бужаровская средняя школа
RU,Россия,Москва,general,Бутовская средняя школа №1
RU,Россия,Москва,general,Бутовская средняя школа №2
RU,Россия,Москва,general,Быковская начальная школа №15
RU,Россия,Москва,general,Быковская средняя школа
RU,Россия,Москва,general,Быковская средняя школа №15
RU,Россия,Москва,general,Васильевская основная школа
RU,Россия,Москва,general,Васильевский лицей
RU,Россия,Москва,general,Верзиловская средняя школа
RU,Россия,Москва,general,Вешняковская школа
RU,Россия,Москва,general,Видновская средняя школа №1
RU,Россия,Москва,general,Видновская средняя школа №11
RU,Россия,Москва,general,Виноградовская средняя школа
RU,Россия,Москва,general,Власовская средняя школа №13
RU,Россия,Москва,general,Володарская средняя школа
RU,Россия,Москва,general,Воскресенская кадетская школа
RU,Россия,Москва,general,Газпром школа
RU,Россия,Москва,general,Гжельская средняя школа
RU,Россия,Москва,general,Гимназия № 1516
RU,Россия,Москва,general,Гимназия № 1520 имени Капцовых
RU,Россия,Москва,general,Гимназия № 1529 имени А.С.Грибоедова
RU,Россия,Москва,general,Гимназия № 1542
RU,Россия,Москва,general,Гимназия № 1579
RU,Россия,Москва,general,Гимназия № 1811 «Восточное Измайлово»
RU,Россия,Москва,general,Гимназия № 45 имени Л.И.Мильграма
RU,Россия,Москва,general,Голицынская средняя школа №2
RU,Россия,Москва,general,Горки-Х средняя общеобразовательная школа
RU,Россия,Москва,general,Давыдовская гимназия
RU,Россия,Москва,general,Данутинская средняя общеобразовательная школа
RU,Россия,Москва,general,Дедовская средняя школа №3
RU,Россия,Москва,general,Дергаевская средняя общеобразовательная школа №23
RU,Россия,Москва,general,Дмитровская средняя школа №2
RU,Россия,Москва,general,Домодедовская средняя школа №12
RU,Россия,Москва,general,Дошкольное отделение
RU,Россия,Москва,general,Дошкольное отделение №6
RU,Россия,Москва,general,Дошкольное отделение №7
RU,Россия,Москва,general,Дошкольное отделение №8
RU,Россия,Москва,general,дошкольные группы
RU,Россия,Москва,general,Дубровицкая средняя школа
RU,Россия,Москва,general,Европейская гимназия
RU,Россия,Москва,general,Евсеевская средняя школа
RU,Россия,Москва,general,Жаворонковская средняя школа
RU,Россия,Москва,general,Жилёвская средняя школа
RU,Россия,Москва,general,Жилинская средняя школа №51
RU,Россия,Москва,general,Заворовская средняя школа
RU,Россия,Москва,general,Заревская средняя школа
RU,Россия,Москва,general,Зареченская основная школа
RU,Россия,Москва,general,Зареченская средняя школа
RU,Россия,Москва,general,Захаровская средняя школа
RU,Россия,Москва,general,Зеленоградская средняя школа
RU,Россия,Москва,general,Знаменская школа
RU,Россия,Москва,general,Ивановская средняя общеобразовательная школа
RU,Россия,Москва,general,Ивановская средняя школа
RU,Россия,Москва,general,Измайловская средняя школа
RU,Россия,Москва,general,Измайловская школа №1508
RU,Россия,Москва,general,Икшинская средняя школа
RU,Россия,Москва,general,Ильинская средняя школа
RU,Россия,Москва,general,Ильинская средняя школа №25
RU,Россия,Москва,general,Ильинская средняя школа №26
RU,Россия,Москва,general,Инженерная школа №1581
RU,Россия,Москва,general,Инженерно-техническая школа
RU,Россия,Москва,general,Иракская школа
RU,Россия,Москва,general,Кабановская средняя школа
RU,Россия,Москва,general,Кадетская школа №1784
RU,Россия,Москва,general,Каменская средняя школа №2
RU,Россия,Москва,general,Катуаровская средняя общеобразовательная школа с дошкольным отделением
RU,Россия,Москва,general,Кибершкола
RU,Россия,Москва,general,Клишевская средняя школа №12
RU,Россия,Москва,general,Константиновская средняя школа
RU,Россия,Москва,general,Коробчеевская школа для обучающихся с ограниченными возможностями здоровья
RU,Россия,Москва,general,Коррекционная школа №1708
RU,Россия,Москва,general,Коррекционная школа №571
RU,Россия,Москва,general,Коррекционная школа №991
RU,Россия,Москва,general,Краснопутьская средняя школа
RU,Россия,Москва,general,Кратовская средняя школа №98
RU,Россия,Москва,general,Крюковская школа
RU,Россия,Москва,general,Куровская средняя школа №1
RU,Россия,Москва,general,Курчатовская школа
RU,Россия,Москва,general,Кутузовская средняя школа
RU,Россия,Москва,general,Леонтьевская средняя школа
RU,Россия,Москва,general,Лесногородская средняя школа
RU,Россия,Москва,general,Леснополянская средняя школа
RU,Россия,Москва,general,?Ливийская школа
RU,Россия,Москва,general,Лицей «Вторая Школа»
RU,Россия,Москва,general,Лицей Ломоносова
RU,Россия,Москва,general,Лицей № 1795 «Лосиноостровский»
RU,Россия,Москва,general,Лицей № 2010 имени Героя Советского Союза М.П. Судакова
RU,Россия,Москва,general,Лицей №24
RU,Россия,Москва,general,Ложковская средняя школа
RU,Россия,Москва,general,Ломоносовская школа
RU,Россия,Москва,general,Ломоносовская школа-пансион
RU,Россия,Москва,general,Лопатинская средняя школа
RU,Россия,Москва,general,Лунёвская средняя школа
RU,Россия,Москва,general,Любучанская средняя школа
RU,Россия,Москва,general,Маливская средняя школа
RU,Россия,Москва,general,Малинская средняя школа
RU,Россия,Москва,general,Мало-Вязёмская средняя школа
RU,Россия,Москва,general,Манушкинская школа
RU,Россия,Москва,general,Марфинская средняя школа
RU,Россия,Москва,general,Марьинская школа №1566
RU,Россия,Москва,general,Медвежье-Озёрская средняя школа №19
RU,Россия,Москва,general,Менделеевская средняя школа
RU,Россия,Москва,general,Мещеринская средняя школа №1
RU,Россия,Москва,general,Мир школьного детства
RU,Россия,Москва,general,Мисайловская средняя школа №1
RU,Россия,Москва,general,Мисцевская общеобразовательная школа №1
RU,Россия,Москва,general,Михневская средняя школа
RU,Россия,Москва,general,Молоковская средняя школа
RU,Россия,Москва,general,Московская экономическая школа
RU,Россия,Москва,general,Моя школа
RU,Россия,Москва,general,Наро-Фоминская средняя школа №6
RU,Россия,Москва,general,Нахабинская средняя школа №2
RU,Россия,Москва,general,Начальная коррекционная школа
RU,Россия,Москва,general,Начальная школа
RU,Россия,Москва,general,Наша школа
RU,Россия,Москва,general,Непецинская средняя школа
RU,Россия,Москва,general,Никитская средняя школа
RU,Россия,Москва,general,Николо–Урюпинская основная школа
RU,Россия,Москва,general,Новая гимназия
RU,Россия,Москва,general,Новая гуманитарная школа
RU,Россия,Москва,general,Новая школа
RU,Россия,Москва,general,Новинская средняя школа
RU,Россия,Москва,general,Ново-Никольская гимназия
RU,Россия,Москва,general,Ново-Харитоновская средняя школа №10
RU,Россия,Москва,general,Новобытовская средняя школа
RU,Россия,Москва,general,Новоселезневская средняя школа
RU,Россия,Москва,general,Новоселовская средняя школа
RU,Россия,Москва,general,Обуховская средняя школа
RU,Россия,Москва,general,Озерецкая средняя школа №8
RU,Россия,Москва,general,Октябрьская средняя школа
RU,Россия,Москва,general,Октябрьская средняя школа №54
RU,Россия,Москва,general,Онлайн-школа №1
RU,Россия,Москва,general,Основная школа
RU,Россия,Москва,general,Останкинская средняя школа
RU,Россия,Москва,general,Островецкая средняя общеобразовательная школа
RU,Россия,Москва,general,Открытая Русская школа
RU,Россия,Москва,general,Открытая школа №88
RU,Россия,Москва,general,Павловская средняя школа
RU,Россия,Москва,general,Пановская средняя школа
RU,Россия,Москва,general,Первая семейная гимназия
RU,Россия,Москва,general,Первая школа
RU,Россия,Москва,general,Первомайская средняя школа
RU,Россия,Москва,general,Першинская средняя школа
RU,Россия,Москва,general,Песковская средняя школа
RU,Россия,Москва,general,Петровская средняя школа
RU,Россия,Москва,general,Петровская школа
RU,Россия,Москва,general,Пироговская школа
RU,Россия,Москва,general,Повадинская средняя школа
RU,Россия,Москва,general,Поваровская средняя школа
RU,Россия,Москва,general,Подосиниковская средняя школа
RU,Россия,Москва,general,Подосинковская средняя школа
RU,Россия,Москва,general,Покровская средняя школа
RU,Россия,Москва,general,Православная Свято-Петровская школа
RU,Россия,Москва,general,Православная школа
RU,Россия,Москва,general,Православная школа Косинская
RU,Россия,Москва,general,Премьерский лицей
RU,Россия,Москва,general,Преображенская школа
RU,Россия,Москва,general,Пролетарская средняя школа
RU,Россия,Москва,general,Простошкола
RU,Россия,Москва,general,Профильная школа
RU,Россия,Москва,general,Пушкинская школа №1500
RU,Россия,Москва,general,Пятьдесят седьмая школа
RU,Россия,Москва,general,Радужненская средняя школа
RU,Россия,Москва,general,Развилковская средняя школа
RU,Россия,Москва,general,Райсеменовская школа
RU,Россия,Москва,general,Раменская средняя общеобразовательная школа №6
RU,Россия,Москва,general,Рахмановская средняя школа
RU,Россия,Москва,general,Речицкая средняя школа
RU,Россия,Москва,general,Ржавская средняя школа
RU,Россия,Москва,general,Родниковская средняя школа №32
RU,Россия,Москва,general,Рождественская средняя школа
RU,Россия,Москва,general,Романовская школа
RU,Россия,Москва,general,Русская классическая школа
RU,Россия,Москва,general,Русская многоуровневая школа
RU,Россия,Москва,general,Русская Монтессори школа
RU,Россия,Москва,general,Саввино-Каринская средняя школа
RU,Россия,Москва,general,Санинская средняя школа
RU,Россия,Москва,general,Свердловская средняя школа
RU,Россия,Москва,general,Свердловская средняя школа №2
RU,Россия,Москва,general,Селятинская средняя школа №1
RU,Россия,Москва,general,Селятинская средняя школа №2
RU,Россия,Москва,general,Семёновская средняя школа
RU,Россия,Москва,general,Сергиевская средняя школа
RU,Россия,Москва,general,Соболевская средняя школа
RU,Россия,Москва,general,Современная школа
RU,Россия,Москва,general,Содружество школ Знайка и Наукославль
RU,Россия,Москва,general,Сосново-Борская средняя школа
RU,Россия,Москва,general,Софьинская средняя школа
RU,Россия,Москва,general,Специальная (коррекционная) школа-интернат VIII вида № 108
RU,Россия,Москва,general,Средняя лингвистическая школа
RU,Россия,Москва,general,Средняя общеобразовательная школа Гармония
RU,Россия,Москва,general,Средняя общеобразовательная школа имени А.С. Попова
RU,Россия,Москва,general,Средняя общеобразовательная школа имени В.М. Комарова
RU,Россия,Москва,general,Средняя общеобразовательная школа имени Героя Российской Федерации лётчика-испытателя Н. Д. Куимова
RU,Россия,Москва,general,Средняя общеобразовательная школа поселка МИС
RU,Россия,Москва,general,Средняя общеобразовательная школа №53
RU,Россия,Москва,general,Средняя общеобразовательная школа №8
RU,Россия,Москва,general,Средняя школа
RU,Россия,Москва,general,Средняя школа №1
RU,Россия,Москва,general,Средняя школа №10
RU,Россия,Москва,general,Средняя школа №11
RU,Россия,Москва,general,Средняя школа №1238
RU,Россия,Москва,general,Средняя школа №13
RU,Россия,Москва,general,Средняя школа №1598
RU,Россия,Москва,general,Средняя школа №1699
RU,Россия,Москва,general,Средняя школа №17
RU,Россия,Москва,general,Средняя школа №18
RU,Россия,Москва,general,Средняя школа №19
RU,Россия,Москва,general,Средняя школа №2
RU,Россия,Москва,general,Средняя школа №20
RU,Россия,Москва,general,Средняя школа №2042
RU,Россия,Москва,general,Средняя школа №21
RU,Россия,Москва,general,Средняя школа №2121
RU,Россия,Москва,general,Средняя школа №22
RU,Россия,Москва,general,Средняя школа №24
RU,Россия,Москва,general,Средняя школа №25
RU,Россия,Москва,general,Средняя школа №26
RU,Россия,Москва,general,Средняя школа №27
RU,Россия,Москва,general,Средняя школа №28
RU,Россия,Москва,general,Средняя школа №29
RU,Россия,Москва,general,Средняя школа №3
RU,Россия,Москва,general,Средняя школа №5
RU,Россия,Москва,general,Средняя школа №51
RU,Россия,Москва,general,Средняя школа №52
RU,Россия,Москва,general,Средняя школа №9
RU,Россия,Москва,general,Средняя школа №99
RU,Россия,Москва,general,Старая школа
RU,Россия,Москва,general,Старшая школа
RU,Россия,Москва,general,Степановская средняя школа
RU,Россия,Москва,general,Строящаяся школа
RU,Россия,Москва,general,Татариновская средняя школа
RU,Россия,Москва,general,Татьянинская школа
RU,Россия,Москва,general,Толбинская средняя общеобразовательная школа
RU,Россия,Москва,general,Удельнинская средняя школа №34
RU,Россия,Москва,general,Ульяновская средняя школа
RU,Россия,Москва,general,Усадовская средняя школа
RU,Россия,Москва,general,Успенская средняя школа
RU,Россия,Москва,general,Федюковская средняя общеобразовательная школа имени Д.И. Зернова
RU,Россия,Москва,general,Филипповская средняя школа
RU,Россия,Москва,general,Филипповская школа
RU,Россия,Москва,general,Финансово-экономическая школа
RU,Россия,Москва,general,Царёвская основная школа
RU,Россия,Москва,general,Центр образования № 548 «Царицыно»
RU,Россия,Москва,general,Цифровая школа
RU,Россия,Москва,general,Часцовская средняя школа
RU,Россия,Москва,general,Чемодуровская средняя общеобразовательная школа
RU,Россия,Москва,general,Черновская средняя школа
RU,Россия,Москва,general,Черноголовская средняя школа
RU,Россия,Москва,general,Чулковская средняя школа №20
RU,Россия,Москва,general,Шараповская основная школа
RU,Россия,Москва,general,Шведская школа
RU,Россия,Москва,general,Школа
RU,Россия,Москва,general,Школа английского языка Наталии Кудрявцевой
RU,Россия,Москва,general,Школа Бибирево
RU,Россия,Москва,general,Школа в Капотне
RU,Россия,Москва,general,Школа в Некрасовке
RU,Россия,Москва,general,Школа Великих Открытий
RU,Россия,Москва,general,Школа-Город
RU,Россия,Москва,general,Школа для заикающихся
RU,Россия,Москва,general,Школа им. А. Боровика
RU,Россия,Москва,general,Школа им. В.В. Маяковского
RU,Россия,Москва,general,Школа им. героя Советского Союза А.П. Белобородова
RU,Россия,Москва,general,Школа им. дважды Героя Советского союза И.С. Полбина
RU,Россия,Москва,general,Школа им. Е.Н. Чернышёва
RU,Россия,Москва,general,Школа им. маршала В.И. Чуйкова
RU,Россия,Москва,general,Школа им. Н.М. Карамзина
RU,Россия,Москва,general,Школа им. Ф.М. Достоевского
RU,Россия,Москва,general,Школа Ломоносова
RU,Россия,Москва,general,Школа Марьина роща
RU,Россия,Москва,general,Школа молодых политиков
RU,Россия,Москва,general,Школа на проспекте Вернадского
RU,Россия,Москва,general,Школа на Яузе
RU,Россия,Москва,general,Школа Пестово
RU,Россия,Москва,general,Школа под Солнцем
RU,Россия,Москва,general,Школа права и экономики
RU,Россия,Москва,general,Школа при Алексеевском монастыре
RU,Россия,Москва,general,Школа при посольстве Индии
RU,Россия,Москва,general,Школа при посольстве Республики Корея
RU,Россия,Москва,general,Школа Путь к успеху
RU,Россия,Москва,general,Школа Святого Георгия
RU,Россия,Москва,general,Школа сотрудничества
RU,Россия,Москва,general,Школа технологии обучения
RU,Россия,Москва,general,Школа центра педагогического мастерства
RU,Россия,Москва,general,Школа этикета и всестороннего развития
RU,Россия,Москва,general,Школа № 1194
RU,Россия,Москва,general,Школа № 121
RU,Россия,Москва,general,"Школа № 1228, корпус № 2"
RU,Россия,Москва,general,Школа № 1239
RU,Россия,Москва,general,Школа № 1420
RU,Россия,Москва,general,Школа № 1526 на Покровской
RU,Россия,Москва,general,Школа № 1590
RU,Россия,Москва,general,Школа № 1596
RU,Россия,Москва,general,Школа № 2073
RU,Россия,Москва,general,Школа № 830
RU,Россия,Москва,general,Школа №1000
RU,Россия,Москва,general,Школа №1002
RU,Россия,Москва,general,Школа №1018
RU,Россия,Москва,general,Школа №1034
RU,Россия,Москва,general,Школа №1056
RU,Россия,Москва,general,Школа №1065
RU,Россия,Москва,general,Школа №1080
RU,Россия,Москва,general,Школа №109
RU,Россия,Москва,general,Школа №1095
RU,Россия,Москва,general,Школа №1101
RU,Россия,Москва,general,Школа №1103
RU,Россия,Москва,general,Школа №1125
RU,Россия,Москва,general,Школа №113
RU,Россия,Москва,general,Школа №1150
RU,Россия,Москва,general,Школа №1151
RU,Россия,Москва,general,Школа №1155
RU,Россия,Москва,general,Школа №1158
RU,Россия,Москва,general,Школа №1159
RU,Россия,Москва,general,Школа №1161
RU,Россия,Москва,general,Школа №1164
RU,Россия,Москва,general,Школа №117
RU,Россия,Москва,general,Школа №1173
RU,Россия,Москва,general,Школа №1179
RU,Россия,Москва,general,Школа №118
RU,Россия,Москва,general,Школа №1186
RU,Россия,Москва,general,Школа №1190
RU,Россия,Москва,general,Школа №1191
RU,Россия,Москва,general,Школа №1195
RU,Россия,Москва,general,Школа №1195 им. Героя Советского Союза П.И. Меренкова
RU,Россия,Москва,general,Школа №1205
RU,Россия,Москва,general,Школа №1206
RU,Россия,Москва,general,Школа №1207
RU,Россия,Москва,general,Школа №1208
RU,Россия,Москва,general,Школа №1208 им. Героя Советского Союза М.С. Шумилова
RU,Россия,Москва,general,Школа №1210
RU,Россия,Москва,general,Школа №1212
RU,Россия,Москва,general,Школа №1213
RU,Россия,Москва,general,Школа №1220
RU,Россия,Москва,general,Школа №1222
RU,Россия,Москва,general,Школа №1222 им. Маршала Советского Союза И. Х. Баграмяна
RU,Россия,Москва,general,Школа №1223
RU,Россия,Москва,general,Школа №123
RU,Россия,Москва,general,Школа №1231
RU,Россия,Москва,general,Школа №1234
RU,Россия,Москва,general,Школа №1236
RU,Россия,Москва,general,Школа №1241
RU,Россия,Москва,general,Школа №1245
RU,Россия,Москва,general,Школа №1246
RU,Россия,Москва,general,Школа №1247
RU,Россия,Москва,general,Школа №1248
RU,Россия,Москва,general,Школа №1249
RU,Россия,Москва,general,Школа №1250
RU,Россия,Москва,general,Школа №1251
RU,Россия,Москва,general,Школа №1252
RU,Россия,Москва,general,Школа №1253
RU,Россия,Москва,general,Школа №1257
RU,Россия,Москва,general,Школа №1259
RU,Россия,Москва,general,Школа №1265
RU,Россия,Москва,general,Школа №1272
RU,Россия,Москва,general,Школа №1273
RU,Россия,Москва,general,Школа №1280
RU,Россия,Москва,general,Школа №1282 Сокольники
RU,Россия,Москва,general,Школа №1284
RU,Россия,Москва,general,Школа №1285
RU,Россия,Москва,general,Школа №1286
RU,Россия,Москва,general,Школа №1287
RU,Россия,Москва,general,Школа №1288
RU,Россия,Москва,general,Школа №1290
RU,Россия,Москва,general,Школа №1293
RU,Россия,Москва,general,Школа №1296
RU,Россия,Москва,general,Школа №1297
RU,Россия,Москва,general,Школа №1298 Профиль Куркино
RU,Россия,Москва,general,Школа №1302
RU,Россия,Москва,general,Школа №1310
RU,Россия,Москва,general,Школа №1311
RU,Россия,Москва,general,Школа №1315
RU,Россия,Москва,general,Школа №1317
RU,Россия,Москва,general,Школа №1329
RU,Россия,Москва,general,Школа №1347
RU,Россия,Москва,general,Школа №1352
RU,Россия,Москва,general,Школа №1353
RU,Россия,Москва,general,Школа №1354 Вектор
RU,Россия,Москва,general,Школа №1355
RU,Россия,Москва,general,Школа №1356
RU,Россия,Москва,general,Школа №1357 На Братиславской
RU,Россия,Москва,general,Школа №1358
RU,Россия,Москва,general,Школа №1359
RU,Россия,Москва,general,Школа №1360
RU,Россия,Москва,general,Школа №1362
RU,Россия,Москва,general,Школа №1363
RU,Россия,Москва,general,Школа №1366
RU,Россия,Москва,general,Школа №1367
RU,Россия,Москва,general,Школа №1368
RU,Россия,Москва,general,Школа №1370
RU,Россия,Москва,general,Школа №1373
RU,Россия,Москва,general,Школа №1374
RU,Россия,Москва,general,Школа №1375
RU,Россия,Москва,general,Школа №138
RU,Россия,Москва,general,Школа №1381
RU,Россия,Москва,general,Школа №1383
RU,Россия,Москва,general,Школа №1384
RU,Россия,Москва,general,Школа №1391
RU,Россия,Москва,general,Школа №1392
RU,Россия,Москва,general,Школа №1399
RU,Россия,Москва,general,Школа №14
RU,Россия,Москва,general,Школа №1400
RU,Россия,Москва,general,Школа №1409
RU,Россия,Москва,general,Школа №141
RU,Россия,Москва,general,Школа №1411
RU,Россия,Москва,general,Школа №1412
RU,Россия,Москва,general,Школа №1413
RU,Россия,Москва,general,Школа №1430
RU,Россия,Москва,general,Школа №1440
RU,Россия,Москва,general,Школа №1449
RU,Россия,Москва,general,Школа №1465
RU,Россия,Москва,general,Школа №1466
RU,Россия,Москва,general,Школа №1467
RU,Россия,Москва,general,Школа №1468
RU,Россия,Москва,general,Школа №1474
RU,Россия,Москва,general,Школа №1476
RU,Россия,Москва,general,Школа №149
RU,Россия,Москва,general,Школа №1492
RU,Россия,Москва,general,Школа №1499
RU,Россия,Москва,general,Школа №1499 им. героя Советского Союза И.А. Докукина
RU,Россия,Москва,general,Школа №15
RU,Россия,Москва,general,Школа №1501
RU,Россия,Москва,general,Школа №1503
RU,Россия,Москва,general,Школа №1504
RU,Россия,Москва,general,Школа №1506
RU,Россия,Москва,general,Школа №1507
RU,Россия,Москва,general,Школа №1512
RU,Россия,Москва,general,Школа №1514
RU,Россия,Москва,general,Школа №1515
RU,Россия,Москва,general,Школа №1516
RU,Россия,Москва,general,Школа №1517
RU,Россия,Москва,general,Школа №1518
RU,Россия,Москва,general,Школа №1519
RU,Россия,Москва,general,Школа №152
RU,Россия,Москва,general,Школа №1520
RU,Россия,Москва,general,Школа №1522
RU,Россия,Москва,general,Школа №1524
RU,Россия,Москва,general,Школа №1527
RU,Россия,Москва,general,Школа №1528
RU,Россия,Москва,general,Школа №1529
RU,Россия,Москва,general,Школа №1531
RU,Россия,Москва,general,Школа №1532
RU,Россия,Москва,general,Школа №1535
RU,Россия,Москва,general,Школа №1537
RU,Россия,Москва,general,Школа №1538
RU,Россия,Москва,general,Школа №1539
RU,Россия,Москва,general,Школа №1540
RU,Россия,Москва,general,Школа №1541
RU,Россия,Москва,general,Школа №1542
RU,Россия,Москва,general,Школа №1544
RU,Россия,Москва,general,Школа №1547
RU,Россия,Москва,general,Школа №1550
RU,Россия,Москва,general,Школа №1551
RU,Россия,Москва,general,Школа №1552
RU,Россия,Москва,general,Школа №1553
RU,Россия,Москва,general,Школа №1554
RU,Россия,Москва,general,Школа №1557
RU,Россия,Москва,general,Школа №1558
RU,Россия,Москва,general,Школа №1561
RU,Россия,Москва,general,Школа №1564
RU,Россия,Москва,general,Школа №1568 им. Пабло Неруды
RU,Россия,Москва,general,Школа №1570
RU,Россия,Москва,general,Школа №1571
RU,Россия,Москва,general,Школа №1573
RU,Россия,Москва,general,Школа №1574
RU,Россия,Москва,general,Школа №1575
RU,Россия,Москва,general,Школа №1576
RU,Россия,Москва,general,Школа №1577
RU,Россия,Москва,general,Школа №1579
RU,Россия,Москва,general,Школа №158
RU,Россия,Москва,general,Школа №1582
RU,Россия,Москва,general,Школа №1583 им. К.А. Керимова
RU,Россия,Москва,general,Школа №1584
RU,Россия,Москва,general,Школа №1586
RU,Россия,Москва,general,Школа №1589
RU,Россия,Москва,general,Школа №1591
RU,Россия,Москва,general,Школа №1593
RU,Россия,Москва,general,Школа №1601
RU,Россия,Москва,general,Школа №1613
RU,Россия,Москва,general,Школа №1637
RU,Россия,Москва,general,Школа №167
RU,Россия,Москва,general,Школа №1679
RU,Россия,Москва,general,Школа №170
RU,Россия,Москва,general,Школа №171
RU,Россия,Москва,general,Школа №1741
RU,Россия,Москва,general,Школа №1747
RU,Россия,Москва,general,Школа №1770
RU,Россия,Москва,general,Школа №1786
RU,Россия,Москва,general,Школа №1788
RU,Россия,Москва,general,Школа №179
RU,Россия,Москва,general,Школа №1793
RU,Россия,Москва,general,Школа №1794
RU,Россия,Москва,general,Школа №1795 Лосиноостровская
RU,Россия,Москва,general,Школа №1799
RU,Россия,Москва,general,Школа №183
RU,Россия,Москва,general,Школа №185
RU,Россия,Москва,general,Школа №1852
RU,Россия,Москва,general,Школа №1862
RU,Россия,Москва,general,Школа №1900
RU,Россия,Москва,general,Школа №1912
RU,Россия,Москва,general,Школа №192
RU,Россия,Москва,general,Школа №1935
RU,Россия,Москва,general,Школа №1944
RU,Россия,Москва,general,Школа №1950
RU,Россия,Москва,general,Школа №1955
RU,Россия,Москва,general,Школа №1980
RU,Россия,Москва,general,Школа №1981
RU,Россия,Москва,general,Школа №1985
RU,Россия,Москва,general,Школа №1987
RU,Россия,Москва,general,Школа №199
RU,Россия,Москва,general,Школа №1995
RU,Россия,Москва,general,Школа №2000
RU,Россия,Москва,general,Школа №2001
RU,Россия,Москва,general,Школа №2005
RU,Россия,Москва,general,Школа №2006
RU,Россия,Москва,general,Школа №2009
RU,Россия,Москва,general,Школа №201
RU,Россия,Москва,general,Школа №2010 им. героя Советского Союза М.П. Судакова
RU,Россия,Москва,general,Школа №2016
RU,Россия,Москва,general,Школа №2025
RU,Россия,Москва,general,Школа №2026
RU,Россия,Москва,general,Школа №2030
RU,Россия,Москва,general,Школа №2031
RU,Россия,Москва,general,Школа №2033
RU,Россия,Москва,general,Школа №2036
RU,Россия,Москва,general,Школа №2044
RU,Россия,Москва,general,Школа №2045
RU,Россия,Москва,general,Школа №2048
RU,Россия,Москва,general,Школа №2051
RU,Россия,Москва,general,Школа №2053
RU,Россия,Москва,general,Школа №2054
RU,Россия,Москва,general,Школа №2055
RU,Россия,Москва,general,Школа №2057
RU,Россия,Москва,general,Школа №2072
RU,Россия,Москва,general,Школа №2075
RU,Россия,Москва,general,Школа №2083
RU,Россия,Москва,general,Школа №2086
RU,Россия,Москва,general,Школа №2089
RU,Россия,Москва,general,Школа №2090 им. героя Советского Союза Л. Х. Паперника
RU,Россия,Москва,general,Школа №2094
RU,Россия,Москва,general,Школа №2097
RU,Россия,Москва,general,Школа №2098
RU,Россия,Москва,general,Школа №2100
RU,Россия,Москва,general,Школа №2101
RU,Россия,Москва,general,Школа №2103
RU,Россия,Москва,general,Школа №2104 на Таганке
RU,Россия,Москва,general,Школа №2107
RU,Россия,Москва,general,Школа №2115
RU,Россия,Москва,general,Школа №2116
RU,Россия,Москва,general,Школа №2123
RU,Россия,Москва,general,Школа №2124
RU,Россия,Москва,general,Школа №2127
RU,Россия,Москва,general,Школа №2129
RU,Россия,Москва,general,Школа №218
RU,Россия,Москва,general,Школа №2200
RU,Россия,Москва,general,Школа №222
RU,Россия,Москва,general,Школа №224
RU,Россия,Москва,general,Школа №236
RU,Россия,Москва,general,Школа №281
RU,Россия,Москва,general,Школа №283
RU,Россия,Москва,general,Школа №285
RU,Россия,Москва,general,Школа №293
RU,Россия,Москва,general,Школа №305
RU,Россия,Москва,general,Школа №315
RU,Россия,Москва,general,Школа №319
RU,Россия,Москва,general,Школа №338
RU,Россия,Москва,general,Школа №345
RU,Россия,Москва,general,Школа №354
RU,Россия,Москва,general,Школа №37
RU,Россия,Москва,general,Школа №384
RU,Россия,Москва,general,Школа №384 им. Д.К. Корнеева
RU,Россия,Москва,general,Школа №41
RU,Россия,Москва,general,Школа №423
RU,Россия,Москва,general,Школа №444
RU,Россия,Москва,general,Школа №45
RU,Россия,Москва,general,Школа №46
RU,Россия,Москва,general,Школа №460
RU,Россия,Москва,general,Школа №463
RU,Россия,Москва,general,Школа №480
RU,Россия,Москва,general,Школа №49
RU,Россия,Москва,general,Школа №498
RU,Россия,Москва,general,Школа №504
RU,Россия,Москва,general,Школа №507
RU,Россия,Москва,general,Школа №508
RU,Россия,Москва,general,Школа №518
RU,Россия,Москва,general,Школа №534
RU,Россия,Москва,general,Школа №536
RU,Россия,Москва,general,Школа №538
RU,Россия,Москва,general,Школа №544
RU,Россия,Москва,general,Школа №547
RU,Россия,Москва,general,Школа №554
RU,Россия,Москва,general,Школа №556
RU,Россия,Москва,general,Школа №56
RU,Россия,Москва,general,Школа №56 им. академика В.А. Легасова
RU,Россия,Москва,general,Школа №57
RU,Россия,Москва,general,Школа №58
RU,Россия,Москва,general,Школа №587
RU,Россия,Москва,general,Школа №609
RU,Россия,Москва,general,Школа №618
RU,Россия,Москва,general,Школа №625
RU,Россия,Москва,general,Школа №626
RU,Россия,Москва,general,Школа №627
RU,Россия,Москва,general,Школа №629
RU,Россия,Москва,general,Школа №630
RU,Россия,Москва,general,Школа №64
RU,Россия,Москва,general,Школа №641
RU,Россия,Москва,general,Школа №648
RU,Россия,Москва,general,Школа №654
RU,Россия,Москва,general,Школа №656
RU,Россия,Москва,general,Школа №657
RU,Россия,Москва,general,Школа №664
RU,Россия,Москва,general,Школа №667
RU,Россия,Москва,general,Школа №67
RU,Россия,Москва,general,Школа №69
RU,Россия,Москва,general,Школа №7
RU,Россия,Москва,general,Школа №705
RU,Россия,Москва,general,Школа №709
RU,Россия,Москва,general,Школа №717
RU,Россия,Москва,general,Школа №719
RU,Россия,Москва,general,Школа №727
RU,Россия,Москва,general,Школа №734
RU,Россия,Москва,general,Школа №760
RU,Россия,Москва,general,Школа №763
RU,Россия,Москва,general,Школа №771
RU,Россия,Москва,general,Школа №777
RU,Россия,Москва,general,Школа №806
RU,Россия,Москва,general,Школа №814
RU,Россия,Москва,general,Школа №825
RU,Россия,Москва,general,Школа №827
RU,Россия,Москва,general,Школа №842
RU,Россия,Москва,general,Школа №843
RU,Россия,Москва,general,Школа №851
RU,Россия,Москва,general,Школа №853
RU,Россия,Москва,general,Школа №854
RU,Россия,Москва,general,Школа №86
RU,Россия,Москва,general,Школа №867
RU,Россия,Москва,general,Школа №875
RU,Россия,Москва,general,Школа №878
RU,Россия,Москва,general,Школа №883
RU,Россия,Москва,general,Школа №887
RU,Россия,Москва,general,Школа №89
RU,Россия,Москва,general,Школа №90
RU,Россия,Москва,general,Школа №904
RU,Россия,Москва,general,Школа №91
RU,Россия,Москва,general,Школа №920
RU,Россия,Москва,general,Школа №922
RU,Россия,Москва,general,Школа №924
RU,Россия,Москва,general,Школа №935
RU,Россия,Москва,general,Школа №937 им. Героя РФ А.В. Перова
RU,Россия,Москва,general,Школа №939
RU,Россия,Москва,general,Школа №947
RU,Россия,Москва,general,Школа №949
RU,Россия,Москва,general,Школа №950
RU,Россия,Москва,general,Школа №953
RU,Россия,Москва,general,Школа №956
RU,Россия,Москва,general,Школа №962
RU,Россия,Москва,general,Школа №967
RU,Россия,Москва,general,Школа №97
RU,Россия,Москва,general,Школа №996
RU,Россия,Москва,general,Школа №998
RU,Россия,Москва,general,Школаб
RU,Россия,Москва,general,Школика
RU,Россия,Москва,general,Школьный корпус №11
RU,Россия,Москва,general,Школьный корпус №4
RU,Россия,Москва,general,Шуваловская школа №1448
RU,Россия,Москва,general,Ямская средняя школа
RU,Россия,Москва,general,Ясношкола
RU,Россия,Москва,private,Британская международная школа
RU,Россия,Москва,private,Кембриджская международная школа
RU,Россия,Москва,private,Международная английская школа
RU,Россия,Москва,private,Международная школа
RU,Россия,Москва,private,Международная Школа Брикс+
RU,Россия,Москва,private,Международная школа завтрашнего дня
RU,Россия,Москва,private,Международная школа смешанного обучения
RU,Россия,Москва,private,Московская международная школа
RU,Россия,Москва,private,Русская Международная школа
RU,Россия,Москва,private,Частная школа Хрустальная Сова
RU,Россия,Москва,university,Автономная некоммерческая организация высшего образования Институт современного образования и информационных технологий
RU,Россия,Москва,university,Высшая школа сценических искусств
RU,Россия,Москва,university,Гуманитарный институт
RU,Россия,Москва,university,Институт бизнеса и дизайна
RU,Россия,Москва,university,Институт гуманитарного образования и информационных технологий
RU,Россия,Москва,university,Институт деловой карьеры
RU,Россия,Москва,university,Институт кино и телевидения (ГИТР)
RU,Россия,Москва,university,Институт международных экономических связей
RU,Россия,Москва,university,Институт непрерывного образования
RU,Россия,Москва,university,Институт современного искусства
RU,Россия,Москва,university,Институт социальных наук
RU,Россия,Москва,university,Институт стран Востока
RU,Россия,Москва,university,Институт экономики и управления в промышленности
RU,Россия,Москва,university,МЕДИА ИНСТИТУТ ТЕЛЕВИДЕНИЯ И РАДИОВЕЩАНИЯ «ОСТАНКИНО»
RU,Россия,Москва,university,Международная академия бизнеса и управления
RU,Россия,Москва,university,Международная академия управления и права
RU,Россия,Москва,university,Московская международная высшая школа бизнеса МИРБИС
RU,Россия,Москва,university,Московский гуманитарно-технологический университет - Московский архитектурно-строительный институт
RU,Россия,Москва,university,Свято-Филаретовский институт
RU,Россия,Москва,university,Сколковский институт науки и технологий
RU,Россия,Москва,university,Челябинская область
RU,Россия,Мурманск,boarding,Зеленоборская школа-интернат
RU,Россия,Мурманск,boarding,Кильдинская коррекционная школа-интернат
RU,Россия,Мурманск,boarding,Минькинская коррекционная школа-интернат
RU,Россия,Мурманск,boarding,Мурманская коррекционная школа-интернат №3
RU,Россия,Мурманск,college,МИК Мурманский индустриальный колледж
RU,Россия,Мурманск,college,МКИ Мурманский колледж искусств
RU,Россия,Мурманск,college,МКЭИТ Мурманский колледж экономики и информационных технологий
RU,Россия,Мурманск,college,ММК Мурманский медицинский колледж
RU,Россия,Мурманск,college,МПК Мурманский педагогический колледж
RU,Россия,Мурманск,college,МСК имени Н. Е. Момота Мурманский строительный колледж имени Н. Е. Момота
RU,Россия,Мурманск,college,МТКС Мурманский технологический колледж сервиса
RU,Россия,Мурманск,college,ППТ Печенгский политехнический техникум
RU,Россия,Мурманск,college,Частный МКТ Мурманский кооперативный техникум
RU,Россия,Мурманск,college,Частный Мурманский филиал УРК Мурманский филиал Уральского регионального колледжа
RU,Россия,Мурманск,college,Частный СЗИ (Ф) МГЭУ Северо-западный институт (филиал) Московского гуманитарно-экономического университета
RU,Россия,Мурманск,general,Верхнетуломская средняя школа
RU,Россия,Мурманск,general,Зверосовхозская средняя школа
RU,Россия,Мурманск,general,Кильдинская основная школа
RU,Россия,Мурманск,general,Краснощельская средняя школа
RU,Россия,Мурманск,general,Ловозерская средняя школа
RU,Россия,Мурманск,general,Лодейнинская средняя школа
RU,Россия,Мурманск,general,Междуреченская средняя школа
RU,Россия,Мурманск,general,Молочненская средняя общеобразовательная школа
RU,Россия,Мурманск,general,Мурманская коррекционная школа №1
RU,Россия,Мурманск,general,Мурмашинская средняя школа №1
RU,Россия,Мурманск,general,Основная общеобразовательная школа №26
RU,Россия,Мурманск,general,Основная школа
RU,Россия,Мурманск,general,Основная школа №1
RU,Россия,Мурманск,general,Основная школа №15
RU,Россия,Мурманск,general,Основная школа №16
RU,Россия,Мурманск,general,Основная школа №20
RU,Россия,Мурманск,general,Основная школа №280
RU,Россия,Мурманск,general,Основная школа №4
RU,Россия,Мурманск,general,Основная школа №58
RU,Россия,Мурманск,general,Основная школа №6
RU,Россия,Мурманск,general,Основная школа №8
RU,Россия,Мурманск,general,Пушновская средняя школа
RU,Россия,Мурманск,general,Ревдская средняя школа
RU,Россия,Мурманск,general,Средняя общеобразовательная школа № 1
RU,Россия,Мурманск,general,Средняя общеобразовательная школа №3
RU,Россия,Мурманск,general,Средняя школа №10
RU,Россия,Мурманск,general,Средняя школа №11
RU,Россия,Мурманск,general,Средняя школа №13
RU,Россия,Мурманск,general,Средняя школа №18
RU,Россия,Мурманск,general,Средняя школа №2
RU,Россия,Мурманск,general,Средняя школа №20
RU,Россия,Мурманск,general,Средняя школа №21
RU,Россия,Мурманск,general,Средняя школа №22
RU,Россия,Мурманск,general,Средняя школа №23
RU,Россия,Мурманск,general,Средняя школа №27
RU,Россия,Мурманск,general,Средняя школа №28
RU,Россия,Мурманск,general,Средняя школа №31
RU,Россия,Мурманск,general,Средняя школа №33
RU,Россия,Мурманск,general,Средняя школа №34
RU,Россия,Мурманск,general,Средняя школа №36
RU,Россия,Мурманск,general,Средняя школа №37
RU,Россия,Мурманск,general,Средняя школа №38
RU,Россия,Мурманск,general,Средняя школа №4
RU,Россия,Мурманск,general,Средняя школа №41
RU,Россия,Мурманск,general,Средняя школа №42
RU,Россия,Мурманск,general,Средняя школа №43
RU,Россия,Мурманск,general,Средняя школа №44
RU,Россия,Мурманск,general,Средняя школа №45
RU,Россия,Мурманск,general,Средняя школа №49
RU,Россия,Мурманск,general,Средняя школа №5
RU,Россия,Мурманск,general,Средняя школа №50
RU,Россия,Мурманск,general,Средняя школа №53
RU,Россия,Мурманск,general,Средняя школа №56
RU,Россия,Мурманск,general,Средняя школа №57
RU,Россия,Мурманск,general,Средняя школа №6
RU,Россия,Мурманск,general,Средняя школа №7
RU,Россия,Мурманск,general,Средняя школа №8
RU,Россия,Мурманск,general,Туломская средняя школа
RU,Россия,Мурманск,general,Туманненская основная школа
RU,Россия,Мурманск,general,Урагубская средняя школа
RU,Россия,Мурманск,general,Школа Пионер
RU,Россия,Мурманск,general,Шонгуйская средняя школа
RU,Россия,Муром,boarding,Специальная (коррекционная) общеобразовательная школа-интернат округа Муром
RU,Россия,Муром,college,МГИТА Муромская государственная инженерно-техническая академия
RU,Россия,Муром,college,МИ - филиал ВлГУ им. А.Г. и Н.Г. Столетовых Муромский институт - филиал Владимирский государственный университет имени Александра Григ
RU,Россия,Муром,college,ММК Муромский медицинский колледж
RU,Россия,Муром,college,МПК Муромский педагогический колледж
RU,Россия,Муром,college,"Частный Колледж Академия ТОП Муром Приемная комиссия АНО ПОО Московский международный колледж цифровых технологий ""Академия Т"
RU,Россия,Муром,general,Гимназия № 6
RU,Россия,Муром,general,Ковардицкая средняя школа
RU,Россия,Муром,general,Лицей № 1
RU,Россия,Муром,general,Основная общеобразовательная школа № 12
RU,Россия,Муром,general,Панфиловская средняя школа
RU,Россия,Муром,general,Православная гимназия
RU,Россия,Муром,general,Специальная (коррекционная) общеобразовательная школа-интернат о.Муром
RU,Россия,Муром,general,Средняя общеобразовательная школа № 13
RU,Россия,Муром,general,Средняя общеобразовательная школа № 15
RU,Россия,Муром,general,Средняя общеобразовательная школа № 16
RU,Россия,Муром,general,Средняя общеобразовательная школа № 18
RU,Россия,Муром,general,Средняя общеобразовательная школа № 19
RU,Россия,Муром,general,Средняя общеобразовательная школа № 2
RU,Россия,Муром,general,Средняя общеобразовательная школа № 20 имени Героя Советского Союза В.И. Филатова
RU,Россия,Муром,general,Средняя общеобразовательная школа № 28
RU,Россия,Муром,general,Средняя общеобразовательная школа № 3
RU,Россия,Муром,general,Средняя общеобразовательная школа № 4
RU,Россия,Муром,general,Средняя общеобразовательная школа № 8
RU,Россия,Муром,general,Средняя школа №10
RU,Россия,Муром,general,Средняя школа №20
RU,Россия,Муром,general,Средняя школа №7
RU,Россия,Муром,general,Якиманско-Слободская средняя школа
RU,Россия,Мытищи,college,Мытищинский колледж Мытищинский колледж
RU,Россия,Мытищи,college,Мытищинский филиал МОМК № 1 Мытищинский филиал Московского областного медицинского колледжа № 1
RU,Россия,Мытищи,college,"ФИЛМЖ РУТХП Федоскинский институт лаковой миниатюрной живописи – филиал ""Российский университет традиц"
RU,Россия,Мытищи,college,"Частный Колледж Академия ТОП Мытищи Приемная комиссия АНО ПОО Московский международный колледж цифровых технологий ""Академия Т"
RU,Россия,Мытищи,college,Частный МКТ им Г.Н. Альтшуля Московский кооперативный техникум имени Г. Н. Альтшуля
RU,Россия,Мытищи,general,Гимназия № 1
RU,Россия,Мытищи,general,Гимназия № 16
RU,Россия,Мытищи,general,Гимназия № 17
RU,Россия,Мытищи,general,Лицей № 15
RU,Россия,Мытищи,general,Лицей №34
RU,Россия,Мытищи,general,Многопрофильная лингвистическая гимназия № 33
RU,Россия,Мытищи,general,Средняя общеобразовательная школа № 10 им. А.К. Астрахова
RU,Россия,Мытищи,general,Средняя общеобразовательная школа № 14
RU,Россия,Мытищи,general,Средняя общеобразовательная школа № 24 имени 9-ой Гвардейской Краснознаменной стрелковой дивизии
RU,Россия,Мытищи,general,Средняя общеобразовательная школа № 3
RU,Россия,Мытищи,general,Средняя общеобразовательная школа № 32
RU,Россия,Мытищи,general,Средняя общеобразовательная школа № 4
RU,Россия,Мытищи,general,Средняя общеобразовательная школа № 6
RU,Россия,Мытищи,general,Средняя общеобразовательная школа № 8
RU,Россия,Мытищи,general,Средняя общеобразовательная школа № 9
RU,Россия,Мытищи,general,Средняя школа №10
RU,Россия,Мытищи,general,Средняя школа №12
RU,Россия,Мытищи,general,Средняя школа №19
RU,Россия,Мытищи,general,Средняя школа №24
RU,Россия,Мытищи,general,Средняя школа №29
RU,Россия,Мытищи,general,Средняя школа №35
RU,Россия,Мытищи,general,Школа для обучающихся с ограниченными возможностями здоровья
RU,Россия,Мытищи,general,Школа для обучения с ограниченными возможностями здоровья
RU,Россия,Мытищи,general,Школа пространства
RU,Россия,Мытищи,university,Мытищинский филиал
RU,Россия,Мытищи,university,Российский университет кооперации
RU,Россия,Набережные Челны,college,КамСК им. Е.Н. Батенчука Камский строительный колледж им. Е.Н. Батенчука
RU,Россия,Набережные Челны,college,КГАМТ им. Л.Б. Васильева Камский государственный автомеханический техникум имени Л.Б. Васильева
RU,Россия,Набережные Челны,college,Набережночелнинский филиал КФУ Набережночелнинский филиал Казанского (Приволжского) федерального университета
RU,Россия,Набережные Челны,college,НКИ Набережночелнинский колледж искусств
RU,Россия,Набережные Челны,college,НМК Набережночелнинский медицинский колледж
RU,Россия,Набережные Челны,college,НПК Набережночелнинский педагогический колледж
RU,Россия,Набережные Челны,college,НПК Набережночелнинский политехнический колледж
RU,Россия,Набережные Челны,college,НТТ Набережночелнинский государственный торгово-технологический техникум
RU,Россия,Набережные Челны,college,НТТ Набережночелнинский технологический техникум
RU,Россия,Набережные Челны,college,САК Сармановский аграрный колледж
RU,Россия,Набережные Челны,college,ТК им. В.Д. Поташова Технический колледж им. В.Д. Поташова
RU,Россия,Набережные Челны,college,ТТК Торгово-технологический колледж
RU,Россия,Набережные Челны,college,Частный Колледж Академия ТОП Набережные Челны Филиал колледжа «Академия ТОП Набережные Челны»
RU,Россия,Набережные Челны,college,Частный КЭПК Камский экономико-правовой колледж
RU,Россия,Набережные Челны,college,Частный Набережночелнинский филиал КИУ им. В.Г. Тимирясова Набережночелнинский филиал Казанского инновационного университета им. В.Г. Тимирясова
RU,Россия,Набережные Челны,college,Частный НФ Колледж ТИСБИ Набережночелнинский филиал Колледж «ТИСБИ»
RU,Россия,Набережные Челны,general,Бегишевская средняя общеобразовательная школа им. М.Х. Хасанова
RU,Россия,Набережные Челны,general,Бетькинская средняя школа
RU,Россия,Набережные Челны,general,Бехтеревская средняя школа
RU,Россия,Набережные Челны,general,Биклянская средняя школа
RU,Россия,Набережные Челны,general,Биюрганская основная общеобразовательная школа
RU,Россия,Набережные Челны,general,Большеафанасовская средняя школа
RU,Россия,Набережные Челны,general,Верхнетакерменская основная общеобразовательная школа имени Габделхая Сабитова
RU,Россия,Набережные Челны,general,Гимназия № 61
RU,Россия,Набережные Челны,general,Иштеряковская основная школа
RU,Россия,Набережные Челны,general,Кадетская школа им. Н. Кайманова
RU,Россия,Набережные Челны,general,Кадетская школа полиции «Калкан»
RU,Россия,Набережные Челны,general,Кадетская школа № 82 имени Героя Советского Союза Ильдара Маннанова
RU,Россия,Набережные Челны,general,Калмашская средняя общеобразовательная школа
RU,Россия,Набережные Челны,general,Князевская средняя школа
RU,Россия,Набережные Челны,general,Комсомольская средняя школа
RU,Россия,Набережные Челны,general,Коноваловская основная общеобразовательная школа им. Горячева А. А
RU,Россия,Набережные Челны,general,Красноключинская средняя школа
RU,Россия,Набережные Челны,general,Кузембетьевская средняя общеобразовательная школа им. Х.Г. Хусаинова
RU,Россия,Набережные Челны,general,Лекаревская средняя школа
RU,Россия,Набережные Челны,general,Лицей-интернат № 79
RU,Россия,Набережные Челны,general,Лицей-интернат № 84 имени Гали Акыша
RU,Россия,Набережные Челны,general,Лицей № 78 им.А.С.Пушкина
RU,Россия,Набережные Челны,general,Малошильнинская средняя школа
RU,Россия,Набережные Челны,general,Мелекесская средняя школа
RU,Россия,Набережные Челны,general,Мортовская основная школа
RU,Россия,Набережные Челны,general,Набережночелнинская школа-интернат «Омет» № 86 для детей с ограниченными возможностями здоровья
RU,Россия,Набережные Челны,general,Набережночелнинская школа № 75
RU,Россия,Набережные Челны,general,Набережночелнинская школа №67
RU,Россия,Набережные Челны,general,Набережночелнинская школа №68
RU,Россия,Набережные Челны,general,Набережночелнинская школа №69
RU,Россия,Набережные Челны,general,Набережночелнинская школа №87
RU,Россия,Набережные Челны,general,Набережночелнинская школа №88
RU,Россия,Набережные Челны,general,Нижнесуыксинская средняя школа
RU,Россия,Набережные Челны,general,Новотроицкая средняя школа
RU,Россия,Набережные Челны,general,Основная школа №11
RU,Россия,Набережные Челны,general,Открытая (сменная) общеобразовательная школа № 65
RU,Россия,Набережные Челны,general,Открытая школа №65
RU,Россия,Набережные Челны,general,Подгорнобайларская основная общеобразовательная школа
RU,Россия,Набережные Челны,general,Поспеловская средняя школа
RU,Россия,Набережные Челны,general,Простинская основная школа
RU,Россия,Набережные Челны,general,Пушкинский пролицей №78
RU,Россия,Набережные Челны,general,Средняя общеобразовательная школа пос. Новый
RU,Россия,Набережные Челны,general,Средняя общеобразовательная школа № 15
RU,Россия,Набережные Челны,general,Средняя общеобразовательная школа № 17
RU,Россия,Набережные Челны,general,Средняя общеобразовательная школа № 25
RU,Россия,Набережные Челны,general,Средняя общеобразовательная школа № 27
RU,Россия,Набережные Челны,general,Средняя общеобразовательная школа № 32 с углубленным изучением отдельных предметов
RU,Россия,Набережные Челны,general,Средняя общеобразовательная школа № 33
RU,Россия,Набережные Челны,general,Средняя общеобразовательная школа № 35 с углубленным изучением отдельных предметов
RU,Россия,Набережные Челны,general,Средняя общеобразовательная школа № 37 с углубленным изучением отдельных предметов
RU,Россия,Набережные Челны,general,Средняя общеобразовательная школа № 41
RU,Россия,Набережные Челны,general,Средняя общеобразовательная школа № 44 с углубленным изучением отдельных предметов
RU,Россия,Набережные Челны,general,Средняя общеобразовательная школа № 52
RU,Россия,Набережные Челны,general,Средняя общеобразовательная школа № 8
RU,Россия,Набережные Челны,general,Средняя школа
RU,Россия,Набережные Челны,general,Средняя школа №1
RU,Россия,Набережные Челны,general,Средняя школа №10
RU,Россия,Набережные Челны,general,Средняя школа №11
RU,Россия,Набережные Челны,general,Средняя школа №12
RU,Россия,Набережные Челны,general,Средняя школа №13
RU,Россия,Набережные Челны,general,Средняя школа №18
RU,Россия,Набережные Челны,general,Средняя школа №19
RU,Россия,Набережные Челны,general,Средняя школа №20
RU,Россия,Набережные Челны,general,Средняя школа №21
RU,Россия,Набережные Челны,general,Средняя школа №22
RU,Россия,Набережные Челны,general,Средняя школа №23
RU,Россия,Набережные Челны,general,Средняя школа №24
RU,Россия,Набережные Челны,general,Средняя школа №28
RU,Россия,Набережные Челны,general,Средняя школа №3
RU,Россия,Набережные Челны,general,Средняя школа №30
RU,Россия,Набережные Челны,general,Средняя школа №31
RU,Россия,Набережные Челны,general,Средняя школа №32
RU,Россия,Набережные Челны,general,Средняя школа №34
RU,Россия,Набережные Челны,general,Средняя школа №35
RU,Россия,Набережные Челны,general,Средняя школа №37
RU,Россия,Набережные Челны,general,Средняя школа №38
RU,Россия,Набережные Челны,general,Средняя школа №39
RU,Россия,Набережные Челны,general,Средняя школа №4
RU,Россия,Набережные Челны,general,Средняя школа №40
RU,Россия,Набережные Челны,general,Средняя школа №42
RU,Россия,Набережные Челны,general,Средняя школа №43
RU,Россия,Набережные Челны,general,Средняя школа №44
RU,Россия,Набережные Челны,general,Средняя школа №45
RU,Россия,Набережные Челны,general,Средняя школа №46
RU,Россия,Набережные Челны,general,Средняя школа №48
RU,Россия,Набережные Челны,general,Средняя школа №5
RU,Россия,Набережные Челны,general,Средняя школа №50
RU,Россия,Набережные Челны,general,Средняя школа №51
RU,Россия,Набережные Челны,general,Средняя школа №53
RU,Россия,Набережные Челны,general,Средняя школа №55
RU,Россия,Набережные Челны,general,Средняя школа №56
RU,Россия,Набережные Челны,general,Средняя школа №58
RU,Россия,Набережные Челны,general,Средняя школа №6
RU,Россия,Набережные Челны,general,Средняя школа №60
RU,Россия,Набережные Челны,general,Средняя школа №7
RU,Россия,Набережные Челны,general,Средняя школа №9
RU,Россия,Набережные Челны,general,Строящаяся школа
RU,Россия,Набережные Челны,general,Танаевская средняя школа
RU,Россия,Набережные Челны,general,Тат. Челнинская основная школа
RU,Россия,Набережные Челны,general,Тихоновская средняя школа
RU,Россия,Набережные Челны,general,Шильнебашская средняя школа
RU,Россия,Набережные Челны,university,Камский институт искусств и дизайна
RU,Россия,Набережные Челны,university,Набережночелнинский государственный педагогический университет
RU,Россия,Набережные Челны,university,Набережночелнинский институт (филиал)
RU,Россия,Набережные Челны,university,Набережночелнинский филиал
RU,Россия,Набережные Челны,university,Набережночелнинский филиал — Казанский инновационный университет
RU,Россия,Набережные Челны,university,Набережночелнинский филиал — Университет управления «ТИСБИ»
RU,Россия,Надым,general,Гимназия г. Надыма
RU,Россия,Надым,general,Средняя общеобразовательная школа № 1 с углубленным изучением отдельных предметов
RU,Россия,Надым,general,Средняя общеобразовательная школа № 2 г. Надыма
RU,Россия,Надым,general,Средняя общеобразовательная школа № 3 г. Надыма\
RU,Россия,Надым,general,Средняя общеобразовательная школа № 4 г. Надыма
RU,Россия,Надым,general,Средняя общеобразовательная школа № 6 с углубленным изучением отдельных предметов
RU,Россия,Надым,general,Средняя общеобразовательная школа № 9 г. Надыма
RU,Россия,Назарово,college,НАТ им. А.Ф. Вепрева Назаровский аграрный техникум им. А.Ф. Вепрева
RU,Россия,Назарово,college,НЭТ Назаровский энергостроительный техникум
RU,Россия,Назарово,general,Лицей № 8
RU,Россия,Назарово,general,Назаровская школа
RU,Россия,Назарово,general,Основная школа №17
RU,Россия,Назарово,general,Основная школа №3
RU,Россия,Назарово,general,Средняя общеобразовательная школа № 1
RU,Россия,Назарово,general,Средняя общеобразовательная школа № 11
RU,Россия,Назарово,general,Средняя общеобразовательная школа № 14 г. Назарово Красноярского края
RU,Россия,Назарово,general,Средняя общеобразовательная школа № 2
RU,Россия,Назарово,general,Средняя общеобразовательная школа № 4
RU,Россия,Назарово,general,Средняя общеобразовательная школа № 7
RU,Россия,Назарово,general,Средняя общеобразовательная школа № 9 с углубленным изучением отдельных предметов
RU,Россия,Назарово,general,Средняя школа №14
RU,Россия,Назарово,general,Средняя школа №3
RU,Россия,Нальчик,boarding,Коррекционная школа-интернат №3
RU,Россия,Нальчик,college,КБАДК Кабардино-Балкарский автомобильно-дорожный колледж
RU,Россия,Нальчик,college,КБГТК Кабардино-Балкарский гуманитарно-технический колледж
RU,Россия,Нальчик,college,КБК Строитель Кабардино-Балкарский колледж «Строитель»
RU,Россия,Нальчик,college,КБТТК Кабардино-Балкарский торгово-технологический колледж
RU,Россия,Нальчик,college,КИТиЭ КБГУ им. Х.М. Бербекова Колледж информационных технологий и экономики Кабардино-Балкарского государственного униве
RU,Россия,Нальчик,college,Колледж дизайна КБГУ им. Х.М. Бербекова Колледж дизайна Кабардино-Балкарского государственного университета им. Х.М. Бербекова
RU,Россия,Нальчик,college,Колледж Кабардино-Балкарский ГАУ им. В.М. Кокова Колледж Кабардино-Балкарского государственного аграрного университета имени В.М. Кокова
RU,Россия,Нальчик,college,Медицинский колледж КБГУ им. Х.М. Бербекова Медицинский колледж Кабардино-Балкарского государственного университета им. Х.М. Бербекова
RU,Россия,Нальчик,college,ПК КБГУ им. Х.М. Бербекова Педагогический колледж Кабардино-Балкарского государственного университета им. Х.М. Бербек
RU,Россия,Нальчик,college,Терский филиал КБАДК Терский филиал Кабардино-Балкарского автомобильно-дорожного колледжа
RU,Россия,Нальчик,college,Частный Колледж Академия ТОП Нальчик Филиал колледжа «Академия ТОП Нальчик»
RU,Россия,Нальчик,general,Cредняя школа им. Чубакова А.Р
RU,Россия,Нальчик,general,Санитарно-лесная школа №1
RU,Россия,Нальчик,general,Средняя общеобразовательная школа им. А.М. Ахматова с.п. Былым
RU,Россия,Нальчик,general,Средняя общеобразовательная школа им. Батчаевой Р.А
RU,Россия,Нальчик,general,Средняя общеобразовательная школа им. З.И. Гижгиева с.п. Хушто-Сырт
RU,Россия,Нальчик,general,Средняя общеобразовательная школа им. С.П. Ерокко
RU,Россия,Нальчик,general,Средняя общеобразовательная школа с. Булунгу
RU,Россия,Нальчик,general,Средняя общеобразовательная школа с.п. Аушигер
RU,Россия,Нальчик,general,Средняя общеобразовательная школа с.п. Второй Лескен
RU,Россия,Нальчик,general,Средняя общеобразовательная школа с.п. Дженал
RU,Россия,Нальчик,general,Средняя общеобразовательная школа с.п. Кичмалка
RU,Россия,Нальчик,general,Средняя общеобразовательная школа с.п. Совхозное
RU,Россия,Нальчик,general,Средняя общеобразовательная школа с.п. Ташлы-Тала
RU,Россия,Нальчик,general,Средняя общеобразовательная школа №1 им. А.Ж. Доттуева
RU,Россия,Нальчик,general,Средняя общеобразовательная школа №1 им. М. Уммаева с.п. Верхняя Балкария
RU,Россия,Нальчик,general,Средняя общеобразовательная школа №1 с.п. В. Куркужин
RU,Россия,Нальчик,general,Средняя общеобразовательная школа №1 с.п. Старый Черек
RU,Россия,Нальчик,general,Средняя общеобразовательная школа №1 с.п. Чегем-Второй
RU,Россия,Нальчик,general,Средняя общеобразовательная школа №2 С.П. Аргудан
RU,Россия,Нальчик,general,Средняя общеобразовательная школа №2 с.п. Атажукино
RU,Россия,Нальчик,general,Средняя общеобразовательная школа №2 с.п. В. Куркужин
RU,Россия,Нальчик,general,Средняя общеобразовательная школа №2 с.п. Старый Черек
RU,Россия,Нальчик,general,Средняя общеобразовательная школа №2 с.п. Урух
RU,Россия,Нальчик,general,Средняя школа
RU,Россия,Нальчик,general,Средняя школа №1
RU,Россия,Нальчик,general,Средняя школа №10
RU,Россия,Нальчик,general,Средняя школа №11
RU,Россия,Нальчик,general,Средняя школа №12
RU,Россия,Нальчик,general,Средняя школа №15
RU,Россия,Нальчик,general,Средняя школа №16
RU,Россия,Нальчик,general,Средняя школа №17
RU,Россия,Нальчик,general,Средняя школа №18
RU,Россия,Нальчик,general,Средняя школа №19
RU,Россия,Нальчик,general,Средняя школа №2
RU,Россия,Нальчик,general,Средняя школа №20
RU,Россия,Нальчик,general,Средняя школа №21
RU,Россия,Нальчик,general,Средняя школа №23
RU,Россия,Нальчик,general,Средняя школа №24
RU,Россия,Нальчик,general,Средняя школа №25
RU,Россия,Нальчик,general,Средняя школа №26
RU,Россия,Нальчик,general,Средняя школа №27
RU,Россия,Нальчик,general,Средняя школа №28
RU,Россия,Нальчик,general,Средняя школа №3
RU,Россия,Нальчик,general,Средняя школа №30
RU,Россия,Нальчик,general,Средняя школа №31
RU,Россия,Нальчик,general,Средняя школа №32
RU,Россия,Нальчик,general,Средняя школа №33
RU,Россия,Нальчик,general,Средняя школа №4
RU,Россия,Нальчик,general,Средняя школа №5
RU,Россия,Нальчик,general,Средняя школа №6
RU,Россия,Нальчик,general,Средняя школа №7
RU,Россия,Нальчик,general,Средняя школа №8
RU,Россия,Нальчик,general,Средняя школа №9
RU,Россия,Нальчик,general,Школа
RU,Россия,Находка,college,ДМУ Дальневосточное мореходное училище
RU,Россия,Находка,college,НГГПК Находкинский государственный гуманитарно-политехнический колледж
RU,Россия,Находка,college,Филиал ВВГУ в г. Находке Филиал Владивостокский государственный университет в г. Находке
RU,Россия,Находка,college,"Частный Бизнес-колледж ""Лидер"" Бизнес-колледж ""Лидер"""
RU,Россия,Находка,college,Частный Колледж Академия ТОП Находка Филиал колледжа «Академия ТОП Находка»
RU,Россия,Находка,general,Находкинская коррекционная школа
RU,Россия,Находка,general,Находкинская специальная (коррекционная) общеобразовательная школа
RU,Россия,Находка,general,Основная школа
RU,Россия,Находка,general,Средняя общеобразовательная школа №2 Находкинского городского округа
RU,Россия,Находка,general,Средняя школа
RU,Россия,Находка,general,Средняя школа №10
RU,Россия,Находка,general,Средняя школа №11
RU,Россия,Находка,general,Средняя школа №12
RU,Россия,Находка,general,Средняя школа №14
RU,Россия,Находка,general,Средняя школа №18
RU,Россия,Находка,general,Средняя школа №20
RU,Россия,Находка,general,Средняя школа №22
RU,Россия,Находка,general,Средняя школа №23
RU,Россия,Находка,general,Средняя школа №24
RU,Россия,Находка,general,Средняя школа №26
RU,Россия,Находка,general,Средняя школа №27
RU,Россия,Находка,general,Средняя школа №3
RU,Россия,Находка,general,Средняя школа №4
RU,Россия,Находка,general,Средняя школа №5
RU,Россия,Находка,general,Средняя школа №8
RU,Россия,Находка,general,Средняя школа №9
RU,Россия,Невинномысск,boarding,Специальная (коррекционная) школа-интернат №23
RU,Россия,Невинномысск,college,КГТК - филиал НГГТИ Кочубеевский гуманитарно-технический колледж - филиал Невинномысский государственный гуман
RU,Россия,Невинномысск,college,Колледж НГГТИ Колледж Невинномысского государственного гуманитарно-технический института
RU,Россия,Невинномысск,college,НИК Невинномысский индустриальный колледж
RU,Россия,Невинномысск,college,НХТК Невинномысский химико-технологический колледж
RU,Россия,Невинномысск,college,НЭТ Невинномысский энергетический техникум
RU,Россия,Невинномысск,college,"Частный Колледж Академия ТОП Невинномысск Приемная комиссия АНО ПОО Московский международный колледж цифровых технологий ""Академия Т"
RU,Россия,Невинномысск,college,Частный НЭПТ Невинномысский экономико-правовой техникум
RU,Россия,Невинномысск,college,Частный Филиал Невинномысский СКМК Филиал Невинномысский Северо-Кавказский медицинский колледж
RU,Россия,Невинномысск,general,МБОУ Гимназия № 10 ЛИК Г. Невинномысска
RU,Россия,Невинномысск,general,МБОУ Гимназия № 9
RU,Россия,Невинномысск,general,МБОУ Лицей № 1 Г. Невинномысска
RU,Россия,Невинномысск,general,МБОУ Лицей № 6 Г.невинномысска
RU,Россия,Невинномысск,general,МБОУ СОШ № 1 ИМ. С.М. Кирова Г. Невинномысска
RU,Россия,Невинномысск,general,МБОУ СОШ № 11 Г. Невинномысска
RU,Россия,Невинномысск,general,МБОУ СОШ № 12 Г . Невинномысска
RU,Россия,Невинномысск,general,МБОУ СОШ № 14 Города Невинномысска
RU,Россия,Невинномысск,general,МБОУ СОШ № 15 Г. Невинномысска
RU,Россия,Невинномысск,general,МБОУ СОШ № 16 Имени М.С. Парыгина Г. Невинномысска
RU,Россия,Невинномысск,general,МБОУ СОШ № 18 Города Невинномысска
RU,Россия,Невинномысск,general,МБОУ СОШ № 2 Имени О.И. Скрипочки Г. Невинномысска
RU,Россия,Невинномысск,general,МБОУ СОШ № 20 Г. Невинномысска
RU,Россия,Невинномысск,general,МБОУ СОШ № 3 Г.невинномысска
RU,Россия,Невинномысск,general,МБОУ СОШ № 5 Имени Куликова В.Г
RU,Россия,Невинномысск,general,МБОУ СОШ № 7 Г. Невинномысска
RU,Россия,Невинномысск,general,МБОУ СОШ № 8 Г. Невинномысска
RU,Россия,Невинномысск,general,"Специальная (коррекционная) школа-интернат № 23 для детей-сирот и детей, оставшихся без попечения родителей, с ограниченными возможностями здоровья"
RU,Россия,Невинномысск,general,Средняя школа №1
RU,Россия,Невинномысск,general,Средняя школа №11
RU,Россия,Невинномысск,general,Средняя школа №12
RU,Россия,Невинномысск,general,Средняя школа №14
RU,Россия,Невинномысск,general,Средняя школа №15
RU,Россия,Невинномысск,general,Средняя школа №16
RU,Россия,Невинномысск,general,Средняя школа №18
RU,Россия,Невинномысск,general,Средняя школа №2
RU,Россия,Невинномысск,general,Средняя школа №20
RU,Россия,Невинномысск,general,Средняя школа №3
RU,Россия,Невинномысск,general,Средняя школа №5
RU,Россия,Невинномысск,general,Средняя школа №7
RU,Россия,Невинномысск,general,Средняя школа №8
RU,Россия,Невинномысск,university,Невинномысский государственный гуманитарно-технический институт
RU,Россия,Невинномысск,university,"Невинномысский институт экономики, управления и права"
RU,Россия,Невинномысск,university,Невинномысский медицинский институт
RU,Россия,Невинномысск,university,Невинномысский технологический институт (филиал)
RU,Россия,Нерюнгри,college,НМК Нерюнгринский медицинский колледж
RU,Россия,Нерюнгри,college,ЮЯТК Южно-Якутский технологический колледж
RU,Россия,Нефтекамск,boarding,Нефтекамская коррекционная школа-интернат
RU,Россия,Нефтекамск,college,НМК Нефтекамский машиностроительный колледж
RU,Россия,Нефтекамск,college,НМПК Нефтекамский многопрофильный колледж
RU,Россия,Нефтекамск,college,ННК Нефтекамский нефтяной колледж
RU,Россия,Нефтекамск,college,НПК Нефтекамский педагогический колледж
RU,Россия,Нефтекамск,college,Частный БЭК Башкирский экономико-юридический колледж — филиал в г. Нефтекамск
RU,Россия,Нефтекамск,college,Частный Колледж Академия ТОП Нефтекамск Филиал колледжа «Академия ТОП Нефтекамск»
RU,Россия,Нефтекамск,general,Начальная школа
RU,Россия,Нефтекамск,general,Средняя школа
RU,Россия,Нефтекамск,general,Средняя школа №11
RU,Россия,Нефтекамск,general,Средняя школа №12
RU,Россия,Нефтекамск,general,Средняя школа №13
RU,Россия,Нефтекамск,general,Средняя школа №14
RU,Россия,Нефтекамск,general,Средняя школа №15
RU,Россия,Нефтекамск,general,Средняя школа №16
RU,Россия,Нефтекамск,general,Средняя школа №17
RU,Россия,Нефтекамск,general,Средняя школа №2
RU,Россия,Нефтекамск,general,Средняя школа №3
RU,Россия,Нефтекамск,general,Средняя школа №4
RU,Россия,Нефтекамск,general,Средняя школа №6
RU,Россия,Нефтекамск,general,Средняя школа №7
RU,Россия,Нефтекамск,general,Средняя школа №9
RU,Россия,Нефтеюганск,boarding,Нефтеюганская школа-интернат для обучающихся с ограниченными возможностями здоровья
RU,Россия,Нефтеюганск,general,Начальная школа №15
RU,Россия,Нефтеюганск,general,Средняя кадетская школа №4
RU,Россия,Нефтеюганск,general,Средняя школа №1
RU,Россия,Нефтеюганск,general,Средняя школа №10
RU,Россия,Нефтеюганск,general,Средняя школа №13
RU,Россия,Нефтеюганск,general,Средняя школа №14
RU,Россия,Нефтеюганск,general,Средняя школа №2
RU,Россия,Нефтеюганск,general,Средняя школа №3
RU,Россия,Нефтеюганск,general,Средняя школа №5
RU,Россия,Нефтеюганск,general,Средняя школа №6
RU,Россия,Нефтеюганск,general,Средняя школа №7
RU,Россия,Нефтеюганск,general,Средняя школа №8
RU,Россия,Нефтеюганск,general,Средняя школа №9
RU,Россия,Нефтеюганск,general,Школа Дарьи Вершило
RU,Россия,Нижневартовск,boarding,Излучинская школа-интернат
RU,Россия,Нижневартовск,college,Нефтяной институт (филиал ЮГУ)
RU,Россия,Нижневартовск,college,НМК Нижневартовский медицинский колледж
RU,Россия,Нижневартовск,college,НПК Нижневартовский политехнический колледж
RU,Россия,Нижневартовск,college,НСГК Нижневартовский социально-гуманитарный колледж
RU,Россия,Нижневартовск,college,НСК Нижневартовский строительный колледж
RU,Россия,Нижневартовск,college,Частный Колледж Академия ТОП Нижневартовск Филиал колледжа «Академия ТОП Нижневартовск»
RU,Россия,Нижневартовск,general,Александровская средняя школа
RU,Россия,Нижневартовск,general,Ватинская средняя школа
RU,Россия,Нижневартовск,general,Гимназия № 1
RU,Россия,Нижневартовск,general,Излучинская начальная школа
RU,Россия,Нижневартовск,general,Излучинская средняя школа №1
RU,Россия,Нижневартовск,general,Излучинская средняя школа №2
RU,Россия,Нижневартовск,general,Лицей № 2
RU,Россия,Нижневартовск,general,Нижневартовская общеобразовательная санаторная школа
RU,Россия,Нижневартовск,general,Нижневартовская санаторная школа
RU,Россия,Нижневартовск,general,Нижневартовская школа для обучающихся с ограниченными возможностями здоровья № 1
RU,Россия,Нижневартовск,general,Нижневартовская школа для обучающихся с ограниченными возможностями здоровья № 2
RU,Россия,Нижневартовск,general,Новоганская очно-заочная школа
RU,Россия,Нижневартовск,general,Покурская средняя школа
RU,Россия,Нижневартовск,general,Средняя школа № 1
RU,Россия,Нижневартовск,general,Средняя школа № 11
RU,Россия,Нижневартовск,general,Средняя школа № 12
RU,Россия,Нижневартовск,general,Средняя школа № 14
RU,Россия,Нижневартовск,general,Средняя школа № 18
RU,Россия,Нижневартовск,general,Средняя школа № 2 – многопрофильная имени заслуженного строителя Российской Федерации Евгения Ивановича Куропаткина
RU,Россия,Нижневартовск,general,Средняя школа № 21
RU,Россия,Нижневартовск,general,Средняя школа № 25
RU,Россия,Нижневартовск,general,Средняя школа № 29
RU,Россия,Нижневартовск,general,Средняя школа № 3
RU,Россия,Нижневартовск,general,Средняя школа № 32
RU,Россия,Нижневартовск,general,Средняя школа № 40
RU,Россия,Нижневартовск,general,Средняя школа № 6
RU,Россия,Нижневартовск,general,Средняя школа № 8
RU,Россия,Нижневартовск,general,Средняя школа № 9 с углубленным изучением отдельных предметов
RU,Россия,Нижневартовск,general,Средняя школа №1 им. А.В. Войналовича
RU,Россия,Нижневартовск,general,Средняя школа №10
RU,Россия,Нижневартовск,general,Средняя школа №13
RU,Россия,Нижневартовск,general,Средняя школа №13 с углублённым изучением отдельных предметов
RU,Россия,Нижневартовск,general,Средняя школа №15
RU,Россия,Нижневартовск,general,Средняя школа №17
RU,Россия,Нижневартовск,general,Средняя школа №19
RU,Россия,Нижневартовск,general,Средняя школа №2
RU,Россия,Нижневартовск,general,Средняя школа №22
RU,Россия,Нижневартовск,general,Средняя школа №31
RU,Россия,Нижневартовск,general,Средняя школа №34
RU,Россия,Нижневартовск,general,Средняя школа №42
RU,Россия,Нижневартовск,general,Средняя школа №43
RU,Россия,Нижневартовск,general,Средняя школа №44
RU,Россия,Нижневартовск,general,Средняя школа №5
RU,Россия,Нижневартовск,general,Средняя школа №7
RU,Россия,Нижневартовск,general,Средняя школа №9
RU,Россия,Нижневартовск,university,Нижневартовский государственный университет
RU,Россия,Нижневартовск,university,Тюменский индустриальный университет — филиал в г. Нижневартовск
RU,Россия,Нижневартовск,university,Южно-Уральский государственный университет (национальный исследовательский университет) — филиал в г. Нижневартовск
RU,Россия,Нижнекамск,boarding,Нижнекамская школа-интернат
RU,Россия,Нижнекамск,college,КНН им. Н.В. Лемаева Колледж нефтехимии и нефтепереработки им. Н.В. Лемаева
RU,Россия,Нижнекамск,college,НИТ Нижнекамский индустриальный техникум
RU,Россия,Нижнекамск,college,НКТИ Нижнекамский колледж транспортной инфраструктуры
RU,Россия,Нижнекамск,college,НМК имени С. Сайдашева Нижнекамский музыкальный колледж им. С. Сайдашева
RU,Россия,Нижнекамск,college,НМК Нижнекамский медицинский колледж
RU,Россия,Нижнекамск,college,НМК Нижнекамский многопрофильный колледж
RU,Россия,Нижнекамск,college,НПК им. Е.Н. Королёва Нижнекамский политехнический колледж имени Е.Н. Королёва
RU,Россия,Нижнекамск,college,НПК Нижнекамский педагогический колледж
RU,Россия,Нижнекамск,college,Частный ККИУ Колледж Казанский инновационный университет им. В.Г. Тимирясова — в г. Нижнекамск
RU,Россия,Нижнекамск,college,Частный Колледж Академия ТОП Нижнекамск Филиал колледжа «Академия ТОП Нижнекамск»
RU,Россия,Нижнекамск,college,Частный Нижнекамский филиал КИУ им. В.Г. Тимирясова Нижнекамский филиал Казанского инновационного университета имени В.Г. Тимирясова
RU,Россия,Нижнекамск,college,Частный НХТИ филиал КНИТУ Нижнекамский химико-технологический институт (филиал) Казанского национального исследовате
RU,Россия,Нижнекамск,college,Частный ФК МГЭУ Колледж Московский гуманитарно-экономический университет — в г. Нижнекамск
RU,Россия,Нижнекамск,general,Лицей №3
RU,Россия,Нижнекамск,general,Лицей №31
RU,Россия,Нижнекамск,general,Нижнекамская школа №18
RU,Россия,Нижнекамск,general,Нижнекамская школа №23
RU,Россия,Нижнекамск,general,Средняя школа №1
RU,Россия,Нижнекамск,general,Средняя школа №10
RU,Россия,Нижнекамск,general,Средняя школа №11
RU,Россия,Нижнекамск,general,Средняя школа №12
RU,Россия,Нижнекамск,general,Средняя школа №15
RU,Россия,Нижнекамск,general,Средняя школа №16
RU,Россия,Нижнекамск,general,Средняя школа №19
RU,Россия,Нижнекамск,general,Средняя школа №2
RU,Россия,Нижнекамск,general,Средняя школа №20
RU,Россия,Нижнекамск,general,Средняя школа №21
RU,Россия,Нижнекамск,general,Средняя школа №26
RU,Россия,Нижнекамск,general,Средняя школа №27
RU,Россия,Нижнекамск,general,Средняя школа №28
RU,Россия,Нижнекамск,general,Средняя школа №29
RU,Россия,Нижнекамск,general,Средняя школа №33
RU,Россия,Нижнекамск,general,Средняя школа №36
RU,Россия,Нижнекамск,general,Средняя школа №6
RU,Россия,Нижнекамск,general,Средняя школа №7
RU,Россия,Нижнекамск,general,Средняя школа №8
RU,Россия,Нижнекамск,general,Средняя школа №9
RU,Россия,Нижний Новгород,boarding,Нижегородская коррекционная школа-интернат
RU,Россия,Нижний Новгород,boarding,Нижегородская областная специальная школа-интернат
RU,Россия,Нижний Новгород,boarding,"Специальная (коррекционная) школа-интернат №1 для детей-сирот и детей, оставшихся без попечения родителей"
RU,Россия,Нижний Новгород,boarding,Школа-интернат
RU,Россия,Нижний Новгород,boarding,Школа-интернат №65
RU,Россия,Нижний Новгород,general,Авторская академическая школа
RU,Россия,Нижний Новгород,general,Аксентисская основная школа
RU,Россия,Нижний Новгород,general,Алешковская школа
RU,Россия,Нижний Новгород,general,Анкудиновская средняя школа
RU,Россия,Нижний Новгород,general,Афонинская средняя школа
RU,Россия,Нижний Новгород,general,Безводнинская средняя школа
RU,Россия,Нижний Новгород,general,Березовская средняя школа
RU,Россия,Нижний Новгород,general,Березовская школа
RU,Россия,Нижний Новгород,general,Ближнеборисовская средняя школа
RU,Россия,Нижний Новгород,general,Богоявленская средняя школа
RU,Россия,Нижний Новгород,general,Большеельнинская средняя школа
RU,Россия,Нижний Новгород,general,Большемокринская средняя школа
RU,Россия,Нижний Новгород,general,Буревестниковская школа
RU,Россия,Нижний Новгород,general,Валковская средняя школа
RU,Россия,Нижний Новгород,general,Вечерняя школа №28
RU,Россия,Нижний Новгород,general,Выездновская средняя школа
RU,Россия,Нижний Новгород,general,Вязовская основная школа
RU,Россия,Нижний Новгород,general,Гимназия № 136
RU,Россия,Нижний Новгород,general,Доскинская школа
RU,Россия,Нижний Новгород,general,Дуденевская школа
RU,Россия,Нижний Новгород,general,Ждановская средняя школа
RU,Россия,Нижний Новгород,general,Запрудновская средняя школа
RU,Россия,Нижний Новгород,general,Зарубинская основная школа
RU,Россия,Нижний Новгород,general,Затонская средняя школа
RU,Россия,Нижний Новгород,general,Зиняковская школа
RU,Россия,Нижний Новгород,general,Ильинская школа
RU,Россия,Нижний Новгород,general,Истоминская основная школа
RU,Россия,Нижний Новгород,general,Каменская школа
RU,Россия,Нижний Новгород,general,Кантауровская средняя школа
RU,Россия,Нижний Новгород,general,Классная школа
RU,Россия,Нижний Новгород,general,Красносельская средняя школа
RU,Россия,Нижний Новгород,general,Краснослободская основная школа
RU,Россия,Нижний Новгород,general,Лакшинская школа
RU,Россия,Нижний Новгород,general,Летневская средняя школа
RU,Россия,Нижний Новгород,general,Либежевская средняя школа им. Р.Е. Алексеева
RU,Россия,Нижний Новгород,general,Липовская основная школа
RU,Россия,Нижний Новгород,general,Ломовская средняя школа
RU,Россия,Нижний Новгород,general,"МАОУ ""гимназия № 13"""
RU,Россия,Нижний Новгород,general,Мотовиловская основная школа
RU,Россия,Нижний Новгород,general,Муравьихинская средняя школа
RU,Россия,Нижний Новгород,general,Нижегородская авторская академическая школа
RU,Россия,Нижний Новгород,general,Нижегородская средняя школа
RU,Россия,Нижний Новгород,general,Нижегородская школа №10
RU,Россия,Нижний Новгород,general,Новоликеевская средняя школа
RU,Россия,Нижний Новгород,general,Основная школа №15
RU,Россия,Нижний Новгород,general,Основная школа №16
RU,Россия,Нижний Новгород,general,Основная школа №19
RU,Россия,Нижний Новгород,general,Основная школа №25
RU,Россия,Нижний Новгород,general,Основная школа №6
RU,Россия,Нижний Новгород,general,Первая школа
RU,Россия,Нижний Новгород,general,Прокошевская основная школа имени Героя Советского Союза Ф.А. Шкирева
RU,Россия,Нижний Новгород,general,Пуреховская средняя школа
RU,Россия,Нижний Новгород,general,Пустынская школа
RU,Россия,Нижний Новгород,general,Работкинская средняя школа
RU,Россия,Нижний Новгород,general,Редькинская основная школа
RU,Россия,Нижний Новгород,general,Серковская основная школа
RU,Россия,Нижний Новгород,general,Специальная школа №27 открытого типа
RU,Россия,Нижний Новгород,general,Средняя общеобразовательная школа им. С.В. Михалкова
RU,Россия,Нижний Новгород,general,Средняя школа
RU,Россия,Нижний Новгород,general,Средняя школа № 2 имени И.А.Сухана
RU,Россия,Нижний Новгород,general,Средняя школа №10
RU,Россия,Нижний Новгород,general,Средняя школа №102
RU,Россия,Нижний Новгород,general,Средняя школа №151
RU,Россия,Нижний Новгород,general,Средняя школа №16
RU,Россия,Нижний Новгород,general,Средняя школа №17
RU,Россия,Нижний Новгород,general,Средняя школа №18
RU,Россия,Нижний Новгород,general,Средняя школа №2
RU,Россия,Нижний Новгород,general,Средняя школа №20
RU,Россия,Нижний Новгород,general,Средняя школа №58
RU,Россия,Нижний Новгород,general,Строящаяся школа
RU,Россия,Нижний Новгород,general,Суроватихинская средняя школа
RU,Россия,Нижний Новгород,general,Теряевская школа
RU,Россия,Нижний Новгород,general,Тимирязевская средняя школа
RU,Россия,Нижний Новгород,general,Федуринская основная школа
RU,Россия,Нижний Новгород,general,Хватовская основная школа
RU,Россия,Нижний Новгород,general,Хвощевская школа
RU,Россия,Нижний Новгород,general,Чернухинская средняя школа
RU,Россия,Нижний Новгород,general,Шварихинская школа
RU,Россия,Нижний Новгород,general,Шелокшанская основная школа
RU,Россия,Нижний Новгород,general,Школа
RU,Россия,Нижний Новгород,general,Школа 800
RU,Россия,Нижний Новгород,general,Школа им. М.В. Ломоносова
RU,Россия,Нижний Новгород,general,Школа № 121
RU,Россия,Нижний Новгород,general,Школа № 128
RU,Россия,Нижний Новгород,general,Школа № 132
RU,Россия,Нижний Новгород,general,Школа № 134
RU,Россия,Нижний Новгород,general,Школа № 156 им. Б.И. Рябцева
RU,Россия,Нижний Новгород,general,Школа № 168 имени И.И.Лабузы
RU,Россия,Нижний Новгород,general,Школа № 170
RU,Россия,Нижний Новгород,general,Школа № 185
RU,Россия,Нижний Новгород,general,Школа № 29
RU,Россия,Нижний Новгород,general,Школа № 44 с углубленным изучением отдельных предметов
RU,Россия,Нижний Новгород,general,Школа № 96
RU,Россия,Нижний Новгород,general,Школа №100 с углубленным изучением отдельных предметов
RU,Россия,Нижний Новгород,general,Школа №101
RU,Россия,Нижний Новгород,general,Школа №103
RU,Россия,Нижний Новгород,general,Школа №105
RU,Россия,Нижний Новгород,general,Школа №106
RU,Россия,Нижний Новгород,general,Школа №107
RU,Россия,Нижний Новгород,general,Школа №109
RU,Россия,Нижний Новгород,general,Школа №11
RU,Россия,Нижний Новгород,general,Школа №110
RU,Россия,Нижний Новгород,general,Школа №111
RU,Россия,Нижний Новгород,general,Школа №114
RU,Россия,Нижний Новгород,general,Школа №115
RU,Россия,Нижний Новгород,general,Школа №117
RU,Россия,Нижний Новгород,general,Школа №118
RU,Россия,Нижний Новгород,general,Школа №119
RU,Россия,Нижний Новгород,general,Школа №12 с углубленным изучением отдельных предметов им. Шнитникова Е.П
RU,Россия,Нижний Новгород,general,Школа №120
RU,Россия,Нижний Новгород,general,Школа №122
RU,Россия,Нижний Новгород,general,Школа №123
RU,Россия,Нижний Новгород,general,Школа №124
RU,Россия,Нижний Новгород,general,Школа №125
RU,Россия,Нижний Новгород,general,Школа №126
RU,Россия,Нижний Новгород,general,Школа №127
RU,Россия,Нижний Новгород,general,Школа №129
RU,Россия,Нижний Новгород,general,Школа №130
RU,Россия,Нижний Новгород,general,Школа №131
RU,Россия,Нижний Новгород,general,Школа №133
RU,Россия,Нижний Новгород,general,Школа №135
RU,Россия,Нижний Новгород,general,Школа №137
RU,Россия,Нижний Новгород,general,Школа №138
RU,Россия,Нижний Новгород,general,Школа №139
RU,Россия,Нижний Новгород,general,Школа №14
RU,Россия,Нижний Новгород,general,Школа №140
RU,Россия,Нижний Новгород,general,Школа №141
RU,Россия,Нижний Новгород,general,Школа №142
RU,Россия,Нижний Новгород,general,Школа №144
RU,Россия,Нижний Новгород,general,Школа №145
RU,Россия,Нижний Новгород,general,Школа №146
RU,Россия,Нижний Новгород,general,Школа №149
RU,Россия,Нижний Новгород,general,Школа №15
RU,Россия,Нижний Новгород,general,Школа №152
RU,Россия,Нижний Новгород,general,Школа №154
RU,Россия,Нижний Новгород,general,Школа №156
RU,Россия,Нижний Новгород,general,Школа №160
RU,Россия,Нижний Новгород,general,Школа №161
RU,Россия,Нижний Новгород,general,Школа №162
RU,Россия,Нижний Новгород,general,Школа №167
RU,Россия,Нижний Новгород,general,Школа №168
RU,Россия,Нижний Новгород,general,Школа №169
RU,Россия,Нижний Новгород,general,Школа №171
RU,Россия,Нижний Новгород,general,Школа №172
RU,Россия,Нижний Новгород,general,Школа №173
RU,Россия,Нижний Новгород,general,Школа №174
RU,Россия,Нижний Новгород,general,Школа №175
RU,Россия,Нижний Новгород,general,Школа №176
RU,Россия,Нижний Новгород,general,Школа №177
RU,Россия,Нижний Новгород,general,Школа №178
RU,Россия,Нижний Новгород,general,Школа №179
RU,Россия,Нижний Новгород,general,Школа №181
RU,Россия,Нижний Новгород,general,Школа №182
RU,Россия,Нижний Новгород,general,Школа №183
RU,Россия,Нижний Новгород,general,Школа №187
RU,Россия,Нижний Новгород,general,Школа №188
RU,Россия,Нижний Новгород,general,Школа №19
RU,Россия,Нижний Новгород,general,Школа №190
RU,Россия,Нижний Новгород,general,Школа №21
RU,Россия,Нижний Новгород,general,Школа №22
RU,Россия,Нижний Новгород,general,Школа №24
RU,Россия,Нижний Новгород,general,Школа №26
RU,Россия,Нижний Новгород,general,Школа №27
RU,Россия,Нижний Новгород,general,Школа №3
RU,Россия,Нижний Новгород,general,Школа №30 им. Л.Л. Антоновой
RU,Россия,Нижний Новгород,general,Школа №32
RU,Россия,Нижний Новгород,general,Школа №33
RU,Россия,Нижний Новгород,general,Школа №34
RU,Россия,Нижний Новгород,general,Школа №35
RU,Россия,Нижний Новгород,general,Школа №37
RU,Россия,Нижний Новгород,general,Школа №39
RU,Россия,Нижний Новгород,general,Школа №41
RU,Россия,Нижний Новгород,general,Школа №42
RU,Россия,Нижний Новгород,general,Школа №43
RU,Россия,Нижний Новгород,general,Школа №44
RU,Россия,Нижний Новгород,general,Школа №45
RU,Россия,Нижний Новгород,general,Школа №46
RU,Россия,Нижний Новгород,general,Школа №47
RU,Россия,Нижний Новгород,general,Школа №48
RU,Россия,Нижний Новгород,general,Школа №49
RU,Россия,Нижний Новгород,general,Школа №5
RU,Россия,Нижний Новгород,general,Школа №51
RU,Россия,Нижний Новгород,general,Школа №52
RU,Россия,Нижний Новгород,general,Школа №54
RU,Россия,Нижний Новгород,general,Школа №55
RU,Россия,Нижний Новгород,general,Школа №56
RU,Россия,Нижний Новгород,general,Школа №59
RU,Россия,Нижний Новгород,general,Школа №6
RU,Россия,Нижний Новгород,general,Школа №60
RU,Россия,Нижний Новгород,general,Школа №62
RU,Россия,Нижний Новгород,general,Школа №63
RU,Россия,Нижний Новгород,general,Школа №64
RU,Россия,Нижний Новгород,general,Школа №66
RU,Россия,Нижний Новгород,general,Школа №69
RU,Россия,Нижний Новгород,general,Школа №7
RU,Россия,Нижний Новгород,general,Школа №70
RU,Россия,Нижний Новгород,general,Школа №71
RU,Россия,Нижний Новгород,general,Школа №72
RU,Россия,Нижний Новгород,general,Школа №73
RU,Россия,Нижний Новгород,general,Школа №74
RU,Россия,Нижний Новгород,general,Школа №75
RU,Россия,Нижний Новгород,general,Школа №76
RU,Россия,Нижний Новгород,general,Школа №77
RU,Россия,Нижний Новгород,general,Школа №78
RU,Россия,Нижний Новгород,general,Школа №79
RU,Россия,Нижний Новгород,general,Школа №81
RU,Россия,Нижний Новгород,general,Школа №84
RU,Россия,Нижний Новгород,general,Школа №85
RU,Россия,Нижний Новгород,general,Школа №86
RU,Россия,Нижний Новгород,general,Школа №89
RU,Россия,Нижний Новгород,general,Школа №9
RU,Россия,Нижний Новгород,general,Школа №91
RU,Россия,Нижний Новгород,general,Школа №92
RU,Россия,Нижний Новгород,general,Школа №93
RU,Россия,Нижний Новгород,general,Школа №94
RU,Россия,Нижний Новгород,general,Школа №95
RU,Россия,Нижний Новгород,general,Школа №97
RU,Россия,Нижний Новгород,university,Волго-Вятский филиал ордена Трудового Красного Знамени
RU,Россия,Нижний Новгород,university,Волжский государственный университет водного транспорта
RU,Россия,Нижний Новгород,university,Институт пищевых технологий и дизайна - филиал
RU,Россия,Нижний Новгород,university,Московский университет им.С.Ю.Витте — филиал в г. Нижний Новгород
RU,Россия,Нижний Новгород,university,Национальный исследовательский Нижегородский государственный университет им. Н.И. Лобачевского
RU,Россия,Нижний Новгород,university,Нижегородская государственная консерватория им. М.И. Глинки
RU,Россия,Нижний Новгород,university,Нижегородская духовная семинария Нижегородской Епархии Русской Православной Церкви (Московский Патриархат)
RU,Россия,Нижний Новгород,university,Нижегородский государственный агротехнологический университет имени Л.Я. Флорентьева
RU,Россия,Нижний Новгород,university,Нижегородский государственный архитектурно-строительный университет
RU,Россия,Нижний Новгород,university,Нижегородский государственный лингвистический университет им. Н.А. Добролюбова
RU,Россия,Нижний Новгород,university,Нижегородский государственный педагогический университет имени Козьмы Минина
RU,Россия,Нижний Новгород,university,Нижегородский государственный технический университет им. Р.Е. Алексеева
RU,Россия,Нижний Новгород,university,Нижегородский институт путей сообщения – филиал
RU,Россия,Нижний Новгород,university,Нижегородский институт управления – филиал
RU,Россия,Нижний Новгород,university,Нижегородский институт (филиал)
RU,Россия,Нижний Новгород,university,Нижегородский филиал — Национальный исследовательский университет
RU,Россия,Нижний Новгород,university,Приволжский исследовательский медицинский университет
RU,Россия,Нижний Новгород,university,Приволжский филиал — Российский государственный университет правосудия
RU,Россия,Нижний Тагил,boarding,Школа-интернат для слабослышащих и глухих детей
RU,Россия,Нижний Тагил,college,ВМТ Высокогорский многопрофильный техникум
RU,Россия,Нижний Тагил,college,ВМТ филиал с. Лая Высокогорский многопрофильный техникум филиал с. Лая
RU,Россия,Нижний Тагил,college,ВМТ филиал с. Петрокаменское Высокогорский многопрофильный техникум филиал с. Петрокаменское
RU,Россия,Нижний Тагил,college,Нижнетагильский филиал СОМК Нижнетагильский филиал Свердловский областной медицинский колледж
RU,Россия,Нижний Тагил,college,НПК № 2 Нижнетагильский педагогический колледж № 2
RU,Россия,Нижний Тагил,college,НтГМК им. Е.А. и М.Е. Черепановых Нижнетагильский горно-металлургический колледж имени Е.А. и М.Е. Черепановых
RU,Россия,Нижний Тагил,college,НТГПК им. Н.А. Демидова Нижнетагильский государственный профессиональный колледж имени Н. А. Демидова
RU,Россия,Нижний Тагил,college,НТЖТ Нижнетагильский железнодорожный техникум
RU,Россия,Нижний Тагил,college,НТИ (филиал) УрФУ Нижнетагильский технологический институт (филиал) Уральский федеральный университет имени
RU,Россия,Нижний Тагил,college,НТКИ Нижнетагильский колледж искусств
RU,Россия,Нижний Тагил,college,НТКТ Нижнетагильский колледж транспорта
RU,Россия,Нижний Тагил,college,НТПК № 1 Нижнетагильский педагогический колледж № 1
RU,Россия,Нижний Тагил,college,НТСК Нижнетагильский строительный колледж
RU,Россия,Нижний Тагил,college,НТТМПС Нижнетагильский техникум металлообрабатывающих производств и сервиса
RU,Россия,Нижний Тагил,college,НТТЭК Нижнетагильский торгово-экономический колледж
RU,Россия,Нижний Тагил,college,Частный Колледж Академия ТОП Нижний Тагил Филиал колледжа «Академия ТОП Нижний Тагил»
RU,Россия,Нижний Тагил,college,Частный НТЭК Нижнетагильский экономический колледж
RU,Россия,Нижний Тагил,college,"Частный УИПК ""21-й век"" Уральский институт подготовки кадров ""21-й век"""
RU,Россия,Нижний Тагил,general,Горно-металлургическая средняя школа
RU,Россия,Нижний Тагил,general,Кадетская школа
RU,Россия,Нижний Тагил,general,МАОУ Гимназия № 18
RU,Россия,Нижний Тагил,general,МАОУ Лицей № 39
RU,Россия,Нижний Тагил,general,МАОУ СОШ № 23 Имени Ю.И. Батухтина
RU,Россия,Нижний Тагил,general,МАОУ СОШ № 32 С Углубленным Изучением Отдельных Предметов
RU,Россия,Нижний Тагил,general,МБОУ НОШ № 34
RU,Россия,Нижний Тагил,general,Начальная школа №43
RU,Россия,Нижний Тагил,general,Начальная школа №64
RU,Россия,Нижний Тагил,general,"Нижнетагильская школа-интернат, реализующая адаптированные основные общеобразовательные программы"
RU,Россия,Нижний Тагил,general,"Нижнетагильская школа - интернат № 1, реализующая адаптированные основные общеобразовательные программы"
RU,Россия,Нижний Тагил,general,"Нижнетагильская школа-интернат № 2, реализующая адаптированные основные общеобразовательные программы"
RU,Россия,Нижний Тагил,general,Нижнетагильская школа №1
RU,Россия,Нижний Тагил,general,Никитинская средняя школа
RU,Россия,Нижний Тагил,general,Основная школа №12
RU,Россия,Нижний Тагил,general,Средняя школа №1
RU,Россия,Нижний Тагил,general,Средняя школа №10
RU,Россия,Нижний Тагил,general,Средняя школа №100
RU,Россия,Нижний Тагил,general,Средняя школа №11
RU,Россия,Нижний Тагил,general,Средняя школа №12
RU,Россия,Нижний Тагил,general,Средняя школа №13
RU,Россия,Нижний Тагил,general,Средняя школа №138
RU,Россия,Нижний Тагил,general,Средняя школа №144
RU,Россия,Нижний Тагил,general,Средняя школа №20
RU,Россия,Нижний Тагил,general,Средняя школа №23
RU,Россия,Нижний Тагил,general,Средняя школа №24
RU,Россия,Нижний Тагил,general,Средняя школа №25
RU,Россия,Нижний Тагил,general,Средняя школа №3
RU,Россия,Нижний Тагил,general,Средняя школа №30
RU,Россия,Нижний Тагил,general,Средняя школа №33
RU,Россия,Нижний Тагил,general,Средняя школа №35
RU,Россия,Нижний Тагил,general,Средняя школа №36
RU,Россия,Нижний Тагил,general,Средняя школа №38
RU,Россия,Нижний Тагил,general,Средняя школа №4
RU,Россия,Нижний Тагил,general,Средняя школа №40
RU,Россия,Нижний Тагил,general,Средняя школа №41
RU,Россия,Нижний Тагил,general,Средняя школа №44
RU,Россия,Нижний Тагил,general,Средняя школа №45
RU,Россия,Нижний Тагил,general,Средняя школа №48
RU,Россия,Нижний Тагил,general,Средняя школа №49
RU,Россия,Нижний Тагил,general,Средняя школа №5
RU,Россия,Нижний Тагил,general,Средняя школа №50
RU,Россия,Нижний Тагил,general,Средняя школа №55
RU,Россия,Нижний Тагил,general,Средняя школа №56
RU,Россия,Нижний Тагил,general,Средняя школа №58
RU,Россия,Нижний Тагил,general,Средняя школа №6
RU,Россия,Нижний Тагил,general,Средняя школа №61
RU,Россия,Нижний Тагил,general,Средняя школа №64
RU,Россия,Нижний Тагил,general,Средняя школа №65
RU,Россия,Нижний Тагил,general,Средняя школа №66
RU,Россия,Нижний Тагил,general,Средняя школа №69
RU,Россия,Нижний Тагил,general,Средняя школа №7
RU,Россия,Нижний Тагил,general,Средняя школа №70
RU,Россия,Нижний Тагил,general,Средняя школа №71
RU,Россия,Нижний Тагил,general,Средняя школа №75/42
RU,Россия,Нижний Тагил,general,Средняя школа №77
RU,Россия,Нижний Тагил,general,Средняя школа №8
RU,Россия,Нижний Тагил,general,Средняя школа №80
RU,Россия,Нижний Тагил,general,Средняя школа №81
RU,Россия,Нижний Тагил,general,Средняя школа №85
RU,Россия,Нижний Тагил,general,Средняя школа №87
RU,Россия,Нижний Тагил,general,Средняя школа №9
RU,Россия,Нижний Тагил,general,Средняя школа №90
RU,Россия,Нижний Тагил,general,Средняя школа №95
RU,Россия,Нижний Тагил,general,Школа №32
RU,Россия,Нижний Тагил,university,Нижнетагильский технологический институт (филиал)
RU,Россия,Нижний Тагил,university,Уральский государственный университет путей сообщения — филиал в г. Нижний Тагил
RU,Россия,Новоалтайск,boarding,Новоалтайская школа-интернат
RU,Россия,Новоалтайск,college,Колледж СГУПС филиал в г. Новоалтайске Колледж Сибирского государственного университета путей сообщения филиал в г. Новоалтайске
RU,Россия,Новоалтайск,college,НГХУ Новоалтайское государственное художественное училище (техникум)
RU,Россия,Новоалтайск,college,НЛПО Новоалтайский лицей профессионального образования
RU,Россия,Новоалтайск,general,Средняя общеобразовательная школNo 10 города Новоалтайска Алтайского края
RU,Россия,Новоалтайск,general,Средняя школа №1
RU,Россия,Новоалтайск,general,Средняя школа №10
RU,Россия,Новоалтайск,general,Средняя школа №12
RU,Россия,Новоалтайск,general,Средняя школа №15
RU,Россия,Новоалтайск,general,Средняя школа №17
RU,Россия,Новоалтайск,general,Средняя школа №19
RU,Россия,Новоалтайск,general,Средняя школа №3
RU,Россия,Новоалтайск,general,Средняя школа №30
RU,Россия,Новоалтайск,general,Средняя школа №9
RU,Россия,Новокузнецк,boarding,Специальная школа-интернат №38
RU,Россия,Новокузнецк,boarding,Специальная школа-интернат №88
RU,Россия,Новокузнецк,general,Атамановская средняя школа
RU,Россия,Новокузнецк,general,Безруковская основная школа
RU,Россия,Новокузнецк,general,Еланская средняя школа
RU,Россия,Новокузнецк,general,Загаднинская основная школа
RU,Россия,Новокузнецк,general,Загорская средняя школа
RU,Россия,Новокузнецк,general,Ильинская основная школа
RU,Россия,Новокузнецк,general,Казанковская средняя школа
RU,Россия,Новокузнецк,general,Калачёвская средняя школа
RU,Россия,Новокузнецк,general,Кольчегизская основная школа
RU,Россия,Новокузнецк,general,Костенковская средняя школа
RU,Россия,Новокузнецк,general,Красулинская основная школа
RU,Россия,Новокузнецк,general,Куйбышевская основная школа
RU,Россия,Новокузнецк,general,Куртуковская основная школа
RU,Россия,Новокузнецк,general,Лучшевская начальная школа
RU,Россия,Новокузнецк,general,Металлурговская средняя школа
RU,Россия,Новокузнецк,general,Новосафоновская средняя школа
RU,Россия,Новокузнецк,general,Осиноплесская средняя школа
RU,Россия,Новокузнецк,general,Основная школа
RU,Россия,Новокузнецк,general,Основная школа №1
RU,Россия,Новокузнецк,general,Основная школа №10
RU,Россия,Новокузнецк,general,Основная школа №100
RU,Россия,Новокузнецк,general,Основная школа №103
RU,Россия,Новокузнецк,general,Основная школа №14
RU,Россия,Новокузнецк,general,Основная школа №16
RU,Россия,Новокузнецк,general,Основная школа №19
RU,Россия,Новокузнецк,general,Основная школа №23
RU,Россия,Новокузнецк,general,Основная школа №24
RU,Россия,Новокузнецк,general,Основная школа №28
RU,Россия,Новокузнецк,general,Основная школа №33
RU,Россия,Новокузнецк,general,Основная школа №43
RU,Россия,Новокузнецк,general,Основная школа №83
RU,Россия,Новокузнецк,general,Основная школа №89
RU,Россия,Новокузнецк,general,Прокопьевская средняя школа
RU,Россия,Новокузнецк,general,Сидоровская средняя школа
RU,Россия,Новокузнецк,general,Сосновская средняя школа
RU,Россия,Новокузнецк,general,Специальная школа №106
RU,Россия,Новокузнецк,general,Специальная школа №20
RU,Россия,Новокузнецк,general,Специальная школа №30
RU,Россия,Новокузнецк,general,Специальная школа №53
RU,Россия,Новокузнецк,general,Специальная школа №78
RU,Россия,Новокузнецк,general,Специальная школа №80
RU,Россия,Новокузнецк,general,Средняя общеобразовательная школа №22
RU,Россия,Новокузнецк,general,Средняя общеобразовательная школа №26
RU,Россия,Новокузнецк,general,Средняя общеобразовательная школа №50
RU,Россия,Новокузнецк,general,Средняя школа №101
RU,Россия,Новокузнецк,general,Средняя школа №102
RU,Россия,Новокузнецк,general,Средняя школа №107
RU,Россия,Новокузнецк,general,Средняя школа №110
RU,Россия,Новокузнецк,general,Средняя школа №112
RU,Россия,Новокузнецк,general,Средняя школа №12
RU,Россия,Новокузнецк,general,Средняя школа №13
RU,Россия,Новокузнецк,general,Средняя школа №14
RU,Россия,Новокузнецк,general,Средняя школа №18
RU,Россия,Новокузнецк,general,Средняя школа №2
RU,Россия,Новокузнецк,general,Средняя школа №27
RU,Россия,Новокузнецк,general,Средняя школа №29
RU,Россия,Новокузнецк,general,Средняя школа №31
RU,Россия,Новокузнецк,general,Средняя школа №36
RU,Россия,Новокузнецк,general,Средняя школа №37
RU,Россия,Новокузнецк,general,Средняя школа №4
RU,Россия,Новокузнецк,general,Средняя школа №41
RU,Россия,Новокузнецк,general,Средняя школа №47
RU,Россия,Новокузнецк,general,Средняя школа №49
RU,Россия,Новокузнецк,general,Средняя школа №5
RU,Россия,Новокузнецк,general,Средняя школа №52
RU,Россия,Новокузнецк,general,Средняя школа №55
RU,Россия,Новокузнецк,general,Средняя школа №56
RU,Россия,Новокузнецк,general,Средняя школа №6
RU,Россия,Новокузнецк,general,Средняя школа №60
RU,Россия,Новокузнецк,general,Средняя школа №61
RU,Россия,Новокузнецк,general,Средняя школа №64
RU,Россия,Новокузнецк,general,Средняя школа №65
RU,Россия,Новокузнецк,general,Средняя школа №67
RU,Россия,Новокузнецк,general,Средняя школа №69
RU,Россия,Новокузнецк,general,Средняя школа №71
RU,Россия,Новокузнецк,general,Средняя школа №72
RU,Россия,Новокузнецк,general,Средняя школа №77
RU,Россия,Новокузнецк,general,Средняя школа №79
RU,Россия,Новокузнецк,general,Средняя школа №8
RU,Россия,Новокузнецк,general,Средняя школа №81
RU,Россия,Новокузнецк,general,Средняя школа №9
RU,Россия,Новокузнецк,general,Средняя школа №91
RU,Россия,Новокузнецк,general,Средняя школа №92
RU,Россия,Новокузнецк,general,Средняя школа №93
RU,Россия,Новокузнецк,general,Средняя школа №94
RU,Россия,Новокузнецк,general,Средняя школа №97
RU,Россия,Новокузнецк,general,Средняя школа №99
RU,Россия,Новокузнецк,general,Степновская средняя школа
RU,Россия,Новокузнецк,general,Тальжинская основная школа
RU,Россия,Новокузнецк,general,Терентьевская средняя школа
RU,Россия,Новокузнецк,general,Чистогорская средняя школа
RU,Россия,Новокузнецк,general,Шарапская средняя школа
RU,Россия,Новокузнецк,general,Школа №58
RU,Россия,Новокузнецк,general,Яснополянская средняя школа
RU,Россия,Новокуйбышевск,boarding,Школа-интернат им. И.Е. Егорова
RU,Россия,Новокуйбышевск,college,НГТК Новокуйбышевский гуманитарно-технологический колледж
RU,Россия,Новокуйбышевск,college,НМК филиал СМК им. Н. Ляпиной Филиал Новокуйбышевский медицинский колледж Самарский медицинский колледж им. Н. Ляпиной
RU,Россия,Новокуйбышевск,college,ННХТ Новокуйбышевский нефтехимический техникум
RU,Россия,Новокуйбышевск,college,"Частный Колледж Академия ТОП Новокуйбышевск Приемная комиссия АНО ПОО Московский международный колледж цифровых технологий ""Академия Т"
RU,Россия,Новокуйбышевск,general,Основная школа № 4
RU,Россия,Новокуйбышевск,general,Основная школа №11
RU,Россия,Новокуйбышевск,general,Основная школа №13
RU,Россия,Новокуйбышевск,general,Основная школа №15
RU,Россия,Новокуйбышевск,general,Основная школа №17
RU,Россия,Новокуйбышевск,general,Основная школа №18
RU,Россия,Новокуйбышевск,general,Основная школа №19
RU,Россия,Новокуйбышевск,general,Основная школа №20
RU,Россия,Новокуйбышевск,general,Основная школа №21
RU,Россия,Новокуйбышевск,general,Основная школа №6
RU,Россия,Новокуйбышевск,general,Основная школа №9
RU,Россия,Новокуйбышевск,general,Средняя школа №3
RU,Россия,Новокуйбышевск,general,Средняя школа №5
RU,Россия,Новокуйбышевск,general,Средняя школа №7
RU,Россия,Новокуйбышевск,general,Средняя школа №8
RU,Россия,Новомосковск,college,НМК им. М.И. Глинки Новомосковский музыкальный колледж имени М.И. Глинки
RU,Россия,Новомосковск,college,НМК Новомосковский многопрофильный колледж
RU,Россия,Новомосковск,college,НПК Новомосковский политехнический колледж
RU,Россия,Новомосковск,college,НСК Новомосковский строительный колледж
RU,Россия,Новомосковск,college,НТПБ Новомосковский техникум пищевых биотехнологий
RU,Россия,Новомосковск,college,ТОМК филиал г. Новомосковск Тульский областной медицинский колледж филиал г. Новомосковск
RU,Россия,Новомосковск,college,Частный Колледж Академия ТОП Новомосковск Филиал колледжа «Академия ТОП Новомосковск»
RU,Россия,Новомосковск,college,Частный НФ ЧУ ПО ЮПК Новомосковский филиал Юридический полицейский колледж
RU,Россия,Новомосковск,general,Новомосковская школа для обучающихся с ограниченными возможностями здоровья
RU,Россия,Новомосковск,general,Средняя школа №12
RU,Россия,Новомосковск,general,Средняя школа №15
RU,Россия,Новомосковск,general,Средняя школа №17
RU,Россия,Новомосковск,general,Средняя школа №18
RU,Россия,Новомосковск,general,Средняя школа №19
RU,Россия,Новомосковск,general,Средняя школа №2
RU,Россия,Новомосковск,general,Средняя школа №20
RU,Россия,Новомосковск,general,Средняя школа №25
RU,Россия,Новомосковск,general,Средняя школа №3
RU,Россия,Новомосковск,general,Средняя школа №5
RU,Россия,Новомосковск,general,Средняя школа №6
RU,Россия,Новомосковск,general,Средняя школа №8
RU,Россия,Новороссийск,boarding,Коррекционная школа-интернат №13
RU,Россия,Новороссийск,boarding,Специальная (коррекционная) школа-интернат пгт. Ильского
RU,Россия,Новороссийск,boarding,Специальная (коррекционная) школа-интернат №28
RU,Россия,Новороссийск,college,МК Морской колледж Государственного морского университета имени адмирала Ф.Ф. Ушакова
RU,Россия,Новороссийск,college,НКРП Новороссийский колледж радиоэлектронного приборостроения имени генерал-майора Суховецкого
RU,Россия,Новороссийск,college,НКСЭ Новороссийский колледж строительства и экономики
RU,Россия,Новороссийск,college,НМК Новороссийский медицинский колледж
RU,Россия,Новороссийск,college,НПИ филиал КубГТУ Новороссийский политехнический институт филиал Кубанского государственного технологическог
RU,Россия,Новороссийск,college,НСПК Новороссийский социально-педагогический колледж
RU,Россия,Новороссийск,college,ТК ГМУ им. Ф.Ф. Ушакова Транспортный колледж Государственного морского университета имени адмирала Ф.Ф. Ушакова
RU,Россия,Новороссийск,general,Коррекционная школа №9
RU,Россия,Новороссийск,general,Начальная школа №22
RU,Россия,Новороссийск,general,Начальная школа №26
RU,Россия,Новороссийск,general,Основная школа №10
RU,Россия,Новороссийск,general,Основная школа №11
RU,Россия,Новороссийск,general,Основная школа №12
RU,Россия,Новороссийск,general,Основная школа №14
RU,Россия,Новороссийск,general,Основная школа №15
RU,Россия,Новороссийск,general,Основная школа №17
RU,Россия,Новороссийск,general,Основная школа №19
RU,Россия,Новороссийск,general,Основная школа №20
RU,Россия,Новороссийск,general,Основная школа №21
RU,Россия,Новороссийск,general,Основная школа №22
RU,Россия,Новороссийск,general,Основная школа №23
RU,Россия,Новороссийск,general,Основная школа №24
RU,Россия,Новороссийск,general,Основная школа №25
RU,Россия,Новороссийск,general,Основная школа №28
RU,Россия,Новороссийск,general,Основная школа №31
RU,Россия,Новороссийск,general,Основная школа №34
RU,Россия,Новороссийск,general,Основная школа №37
RU,Россия,Новороссийск,general,Основная школа №38
RU,Россия,Новороссийск,general,Основная школа №39
RU,Россия,Новороссийск,general,Основная школа №5
RU,Россия,Новороссийск,general,Основная школа №60
RU,Россия,Новороссийск,general,Основная школа №66
RU,Россия,Новороссийск,general,Основная школа №7
RU,Россия,Новороссийск,general,Основная школа №9
RU,Россия,Новороссийск,general,Средняя общеобразовательная школа №18 им. героя Советского Союза А.П. Сороки
RU,Россия,Новороссийск,general,Средняя общеобразовательная школа №21
RU,Россия,Новороссийск,general,Средняя общеобразовательная школа №28
RU,Россия,Новороссийск,general,Средняя общеобразовательная школа №65
RU,Россия,Новороссийск,general,Средняя школа №1
RU,Россия,Новороссийск,general,Средняя школа №10
RU,Россия,Новороссийск,general,Средняя школа №11
RU,Россия,Новороссийск,general,Средняя школа №12
RU,Россия,Новороссийск,general,Средняя школа №14
RU,Россия,Новороссийск,general,Средняя школа №15
RU,Россия,Новороссийск,general,Средняя школа №16
RU,Россия,Новороссийск,general,Средняя школа №17
RU,Россия,Новороссийск,general,Средняя школа №18
RU,Россия,Новороссийск,general,Средняя школа №19
RU,Россия,Новороссийск,general,Средняя школа №20
RU,Россия,Новороссийск,general,Средняя школа №22
RU,Россия,Новороссийск,general,Средняя школа №23
RU,Россия,Новороссийск,general,Средняя школа №24
RU,Россия,Новороссийск,general,Средняя школа №25
RU,Россия,Новороссийск,general,Средняя школа №26
RU,Россия,Новороссийск,general,Средняя школа №27
RU,Россия,Новороссийск,general,Средняя школа №29
RU,Россия,Новороссийск,general,Средняя школа №3
RU,Россия,Новороссийск,general,Средняя школа №30
RU,Россия,Новороссийск,general,Средняя школа №31
RU,Россия,Новороссийск,general,Средняя школа №32
RU,Россия,Новороссийск,general,Средняя школа №33
RU,Россия,Новороссийск,general,Средняя школа №34
RU,Россия,Новороссийск,general,Средняя школа №36
RU,Россия,Новороссийск,general,Средняя школа №4
RU,Россия,Новороссийск,general,Средняя школа №40
RU,Россия,Новороссийск,general,Средняя школа №41
RU,Россия,Новороссийск,general,Средняя школа №42
RU,Россия,Новороссийск,general,Средняя школа №43
RU,Россия,Новороссийск,general,Средняя школа №44
RU,Россия,Новороссийск,general,Средняя школа №45
RU,Россия,Новороссийск,general,Средняя школа №46
RU,Россия,Новороссийск,general,Средняя школа №5
RU,Россия,Новороссийск,general,Средняя школа №51
RU,Россия,Новороссийск,general,Средняя школа №52
RU,Россия,Новороссийск,general,Средняя школа №56
RU,Россия,Новороссийск,general,Средняя школа №57
RU,Россия,Новороссийск,general,Средняя школа №58
RU,Россия,Новороссийск,general,Средняя школа №59
RU,Россия,Новороссийск,general,Средняя школа №6
RU,Россия,Новороссийск,general,Средняя школа №61
RU,Россия,Новороссийск,general,Средняя школа №62
RU,Россия,Новороссийск,general,Средняя школа №7
RU,Россия,Новороссийск,general,Средняя школа №8
RU,Россия,Новороссийск,general,Средняя школа №9
RU,Россия,Новосибирск,boarding,Верх-Ирменская школа-интернат для детей с ограниченными возможностями здоровья
RU,Россия,Новосибирск,boarding,Колыванская школа-интернат для детей с ограниченными возможностями здоровья
RU,Россия,Новосибирск,boarding,Коррекционная школа-интернат №116
RU,Россия,Новосибирск,boarding,Коррекционная школа-интернат №152
RU,Россия,Новосибирск,boarding,Коррекционная школа-интернат №37
RU,Россия,Новосибирск,boarding,Линевская школа-интернат для обучающихся с ограниченными возможностями здоровья
RU,Россия,Новосибирск,boarding,Мошковская общеобразовательная школа-интернат для детей с ограниченными возможностями здоровья
RU,Россия,Новосибирск,boarding,"Сузунская общеобразовательная школа-интернат для обучающихся, воспитанников с ограниченными возможностями здоровья"
RU,Россия,Новосибирск,boarding,Школа-интернат №39 для детей с нарушением зрения
RU,Россия,Новосибирск,general,Александровская основная школа
RU,Россия,Новосибирск,general,Алексеевская основная школа №4
RU,Россия,Новосибирск,general,Амбинская основная школа
RU,Россия,Новосибирск,general,Ачинская средняя школа
RU,Россия,Новосибирск,general,Бажинская основная школа
RU,Россия,Новосибирск,general,Байкальская средняя школа
RU,Россия,Новосибирск,general,Балтинская средняя школа
RU,Россия,Новосибирск,general,Баратаевская средняя школа
RU,Россия,Новосибирск,general,Барлакская основная школа
RU,Россия,Новосибирск,general,Барышевская средняя школа №9
RU,Россия,Новосибирск,general,Безменовская средняя школа
RU,Россия,Новосибирск,general,Белобородовская основная школа
RU,Россия,Новосибирск,general,Белоярская средняя школа
RU,Россия,Новосибирск,general,Березиковская средняя школа
RU,Россия,Новосибирск,general,Березовская средняя школа
RU,Россия,Новосибирск,general,Березовская средняя школа №12
RU,Россия,Новосибирск,general,Битковская средняя школа
RU,Россия,Новосибирск,general,Бобровская средняя школа
RU,Россия,Новосибирск,general,Болтовская средняя школа
RU,Россия,Новосибирск,general,Больше-Изыракская средняя школа
RU,Россия,Новосибирск,general,Больше-Черновская основная школа
RU,Россия,Новосибирск,general,Большевистская средняя школа
RU,Россия,Новосибирск,general,Большереченская средняя школа
RU,Россия,Новосибирск,general,Борковская средняя школа
RU,Россия,Новосибирск,general,Боровская средняя школа
RU,Россия,Новосибирск,general,Боровская средняя школа №84
RU,Россия,Новосибирск,general,Борцовская средняя школа
RU,Россия,Новосибирск,general,Бочкаревская основная школа
RU,Россия,Новосибирск,general,Боярская средняя школа
RU,Россия,Новосибирск,general,Буготакская средняя школа
RU,Россия,Новосибирск,general,Бурановская основная школа
RU,Россия,Новосибирск,general,Вагайцевская средняя школа
RU,Россия,Новосибирск,general,Варламовская средняя школа
RU,Россия,Новосибирск,general,Вахрушевская основная школа
RU,Россия,Новосибирск,general,Верх-Алеусская средняя школа
RU,Россия,Новосибирск,general,Верх-Ирменская средняя школа
RU,Россия,Новосибирск,general,Верх-Мильтюшинская средняя школа
RU,Россия,Новосибирск,general,Верх-Сузунская средняя школа
RU,Россия,Новосибирск,general,Верх-Тулинская средняя школа № 14
RU,Россия,Новосибирск,general,Верх-Чикская средняя школа
RU,Россия,Новосибирск,general,Вечерняя (сменная) школа № 1
RU,Россия,Новосибирск,general,Вечерняя (сменная) школа №27
RU,Россия,Новосибирск,general,Вечерняя школа №1
RU,Россия,Новосибирск,general,Вечерняя школа №15
RU,Россия,Новосибирск,general,Владимировская средняя школа
RU,Россия,Новосибирск,general,Вороновская основная школа
RU,Россия,Новосибирск,general,Вьюнская средняя школа
RU,Россия,Новосибирск,general,Гимназия № 12
RU,Россия,Новосибирск,general,Гимназия № 3 в Академгородке
RU,Россия,Новосибирск,general,Гимназия № 7 «Сибирская»
RU,Россия,Новосибирск,general,Горновская средняя школа
RU,Россия,Новосибирск,general,Гусинобродская основная школа №18
RU,Россия,Новосибирск,general,Дергоусовская основная школа
RU,Россия,Новосибирск,general,Дивинская средняя школа
RU,Россия,Новосибирск,general,Дорогино-Заимковская основная школа
RU,Россия,Новосибирск,general,Дорогинская средняя школа
RU,Россия,Новосибирск,general,Дошкольное отделение
RU,Россия,Новосибирск,general,Дресвянская основная школа
RU,Россия,Новосибирск,general,Дубровинская средняя школа
RU,Россия,Новосибирск,general,Дубровская средняя школа
RU,Россия,Новосибирск,general,Дупленская средняя школа
RU,Россия,Новосибирск,general,Егоровская средняя школа
RU,Россия,Новосибирск,general,Егорьевская средняя школа
RU,Россия,Новосибирск,general,Елбанская средняя школа
RU,Россия,Новосибирск,general,Емельяновская основная школа
RU,Россия,Новосибирск,general,Железнодорожная средняя школа №121
RU,Россия,Новосибирск,general,Жеребцовская основная школа №39
RU,Россия,Новосибирск,general,Завьяловская средняя школа
RU,Россия,Новосибирск,general,Заковряжинская средняя школа
RU,Россия,Новосибирск,general,Зареченская средняя школа
RU,Россия,Новосибирск,general,Зимовская основная школа
RU,Россия,Новосибирск,general,Златоустовская основная школа
RU,Россия,Новосибирск,general,Зудовская средняя школа
RU,Россия,Новосибирск,general,Издревинская средняя школа №58
RU,Россия,Новосибирск,general,Искровская средняя школа
RU,Россия,Новосибирск,general,Кайлинская средняя школа
RU,Россия,Новосибирск,general,Кандауровская средняя школа
RU,Россия,Новосибирск,general,Карасёвская средняя школа
RU,Россия,Новосибирск,general,Каргаполовская средняя общеобразовательная школа
RU,Россия,Новосибирск,general,Катковская средняя школа
RU,Россия,Новосибирск,general,Католическая начальная школа
RU,Россия,Новосибирск,general,Киикская средняя школа
RU,Россия,Новосибирск,general,Кирзинская средняя школа
RU,Россия,Новосибирск,general,Классная умная твоя школа
RU,Россия,Новосибирск,general,Ключевская средняя школа
RU,Россия,Новосибирск,general,Ключиковская средняя школа
RU,Россия,Новосибирск,general,Козихинская средняя школа
RU,Россия,Новосибирск,general,Козловская средняя школа
RU,Россия,Новосибирск,general,Колыванская вечерняя школа
RU,Россия,Новосибирск,general,Колыванская средняя школа №1
RU,Россия,Новосибирск,general,Колыванская средняя школа №2
RU,Россия,Новосибирск,general,Колыванская средняя школа №3
RU,Россия,Новосибирск,general,Кольцовская школа №5
RU,Россия,Новосибирск,general,Корниловская средняя школа
RU,Россия,Новосибирск,general,Королёвская средняя школа
RU,Россия,Новосибирск,general,Коррекционная школа №1
RU,Россия,Новосибирск,general,Коррекционная школа №107
RU,Россия,Новосибирск,general,Коррекционная школа №14
RU,Россия,Новосибирск,general,Коррекционная школа №148
RU,Россия,Новосибирск,general,Коррекционная школа №209
RU,Россия,Новосибирск,general,Коррекционная школа №31
RU,Россия,Новосибирск,general,Коррекционная школа №53
RU,Россия,Новосибирск,general,Коррекционная школа №60
RU,Россия,Новосибирск,general,Коуракская средняя школа
RU,Россия,Новосибирск,general,Коченевская средняя школа №1
RU,Россия,Новосибирск,general,Коченевская средняя школа №13
RU,Россия,Новосибирск,general,Коченёвская средняя школа №2
RU,Россия,Новосибирск,general,Красноглинная основная школа №7
RU,Россия,Новосибирск,general,Красногорская основная школа
RU,Россия,Новосибирск,general,Красномайская основная школа №49
RU,Россия,Новосибирск,general,Краснообская средняя школа №1
RU,Россия,Новосибирск,general,Краснообская школа №2
RU,Россия,Новосибирск,general,Краснояровская средняя школа
RU,Россия,Новосибирск,general,Красноярская средняя школа
RU,Россия,Новосибирск,general,Кремлевская средняя школа
RU,Россия,Новосибирск,general,Криводановская средняя школа №22
RU,Россия,Новосибирск,general,Кривояшинская средняя школа
RU,Россия,Новосибирск,general,Кругликовская основная школа
RU,Россия,Новосибирск,general,Крутишинская средняя школа
RU,Россия,Новосибирск,general,Крутологовская средняя школа
RU,Россия,Новосибирск,general,Кубовинская основная школа №31
RU,Россия,Новосибирск,general,Кудринская средняя школа
RU,Россия,Новосибирск,general,Кудряшовская средняя школа №25
RU,Россия,Новосибирск,general,Кунчурукская средняя школа
RU,Россия,Новосибирск,general,Куриловская средняя школа
RU,Россия,Новосибирск,general,Курундусская начальная школа
RU,Россия,Новосибирск,general,Кучанихинская начальная школа
RU,Россия,Новосибирск,general,Лебедевская средняя школа
RU,Россия,Новосибирск,general,Лекарственновская средняя школа
RU,Россия,Новосибирск,general,Ленинская средняя школа №47
RU,Россия,Новосибирск,general,Ленинская средняя школа №6
RU,Россия,Новосибирск,general,Леснополянская средняя школа
RU,Россия,Новосибирск,general,Листвянская средняя школа
RU,Россия,Новосибирск,general,Лицей № 185
RU,Россия,Новосибирск,general,Майская средняя школа
RU,Россия,Новосибирск,general,Мало-Томская средняя школа
RU,Россия,Новосибирск,general,Малышевская средняя школа
RU,Россия,Новосибирск,general,Мамоновская средняя школа
RU,Россия,Новосибирск,general,Марусинская средняя школа №24
RU,Россия,Новосибирск,general,Маслянинская основная школа №2
RU,Россия,Новосибирск,general,Маслянинская основная школа №4
RU,Россия,Новосибирск,general,Маслянинская средняя школа №1
RU,Россия,Новосибирск,general,Маслянинская средняя школа №3
RU,Россия,Новосибирск,general,Маслянинская средняя школа №5
RU,Россия,Новосибирск,general,Маюровская средняя школа
RU,Россия,Новосибирск,general,Медведская средняя школа
RU,Россия,Новосибирск,general,Меретская средняя школа
RU,Россия,Новосибирск,general,Мира Школа
RU,Россия,Новосибирск,general,Мирновская основная школа
RU,Россия,Новосибирск,general,Мичуринская средняя школа №123
RU,Россия,Новосибирск,general,Мочищенская средняя школа №45
RU,Россия,Новосибирск,general,Мошковская средняя школа №1
RU,Россия,Новосибирск,general,Мошковская средняя школа №2
RU,Россия,Новосибирск,general,Мошнинская основная школа
RU,Россия,Новосибирск,general,Мышланская средняя школа
RU,Россия,Новосибирск,general,Начальная школа №18
RU,Россия,Новосибирск,general,Нижнекаменская средняя школа
RU,Россия,Новосибирск,general,Никоновская средняя школа
RU,Россия,Новосибирск,general,Ново-Воскресенская средняя школа
RU,Россия,Новосибирск,general,Ново-Шиловская средняя школа №82
RU,Россия,Новосибирск,general,Новобибеевская средняя школа
RU,Россия,Новосибирск,general,Новокузьминская общеобразовательная школа
RU,Россия,Новосибирск,general,Новолуговская средняя школа №57
RU,Россия,Новосибирск,general,Новомихайловская средняя школа
RU,Россия,Новосибирск,general,Новомошковская средняя школа
RU,Россия,Новосибирск,general,Новопичуговская средняя школа
RU,Россия,Новосибирск,general,Новотроицкая средняя школа
RU,Россия,Новосибирск,general,Новотырышкинская средняя школа
RU,Россия,Новосибирск,general,Новошарапская средняя школа
RU,Россия,Новосибирск,general,Обская основная школа
RU,Россия,Новосибирск,general,Овчинниковская средняя школа
RU,Россия,Новосибирск,general,Огнево-Заимковская средняя школа
RU,Россия,Новосибирск,general,Октябрьская средняя школа
RU,Россия,Новосибирск,general,Октябрьская средняя школа №2
RU,Россия,Новосибирск,general,Ордынская санаторная школа
RU,Россия,Новосибирск,general,Ордынская средняя школа №1
RU,Россия,Новосибирск,general,Ордынская средняя школа №2
RU,Россия,Новосибирск,general,Ордынская средняя школа №3
RU,Россия,Новосибирск,general,Основная общеобразовательная школа п. Александровский
RU,Россия,Новосибирск,general,Основная школа
RU,Россия,Новосибирск,general,Основная школа №115
RU,Россия,Новосибирск,general,Основная школа №161
RU,Россия,Новосибирск,general,Основная школа №29
RU,Россия,Новосибирск,general,Ояшская средняя школа
RU,Россия,Новосибирск,general,Пайвинская основная школа
RU,Россия,Новосибирск,general,Пашинская средняя школа №70
RU,Россия,Новосибирск,general,Пеньковская средняя школа
RU,Россия,Новосибирск,general,Первая Школа
RU,Россия,Новосибирск,general,Петровская средняя школа
RU,Россия,Новосибирск,general,Пихтовская средняя школа
RU,Россия,Новосибирск,general,Плотниковская средняя школа №111
RU,Россия,Новосибирск,general,Поваренская средняя школа
RU,Россия,Новосибирск,general,Пойменная средняя школа
RU,Россия,Новосибирск,general,Пономаревская средняя школа
RU,Россия,Новосибирск,general,Посевнинская средняя школа
RU,Россия,Новосибирск,general,Приобская основная школа №53
RU,Россия,Новосибирск,general,Пролетарская средняя школа
RU,Россия,Новосибирск,general,Пушнинская средняя школа
RU,Россия,Новосибирск,general,Пятилетская средняя школа
RU,Россия,Новосибирск,general,Радужская основная школа
RU,Россия,Новосибирск,general,Раздольненская средняя школа №19
RU,Россия,Новосибирск,general,Репьевская средняя школа
RU,Россия,Новосибирск,general,Речниковская средняя школа
RU,Россия,Новосибирск,general,Рогалевская средняя школа
RU,Россия,Новосибирск,general,Светлополянская средняя школа
RU,Россия,Новосибирск,general,Сенчанская основная школа №76
RU,Россия,Новосибирск,general,Сидоровская средняя школа
RU,Россия,Новосибирск,general,Скалинская средняя школа
RU,Россия,Новосибирск,general,Смоленская средняя школа
RU,Россия,Новосибирск,general,Соколовская средняя школа
RU,Россия,Новосибирск,general,Сокурская средняя школа
RU,Россия,Новосибирск,general,Сокурская средняя школа №19
RU,Россия,Новосибирск,general,Сосновская средняя школа №32
RU,Россия,Новосибирск,general,Специальная (коррекционная) школа – интернат № 152
RU,Россия,Новосибирск,general,Специальная (коррекционная) школа-интернат № 39
RU,Россия,Новосибирск,general,Специальная (коррекционная) школа № 107
RU,Россия,Новосибирск,general,Специальная (коррекционная) школа № 14
RU,Россия,Новосибирск,general,Специальная (коррекционная) школа № 209
RU,Россия,Новосибирск,general,Специальная (коррекционная) школа № 5 «Новые надежды»
RU,Россия,Новосибирск,general,Спиринская основная общеобразовательная школа
RU,Россия,Новосибирск,general,Средняя общеобразовательная школа «Перспектива»
RU,Россия,Новосибирск,general,Средняя общеобразовательная школа № 135
RU,Россия,Новосибирск,general,Средняя общеобразовательная школа № 143
RU,Россия,Новосибирск,general,Средняя общеобразовательная школа № 155
RU,Россия,Новосибирск,general,Средняя общеобразовательная школа № 160
RU,Россия,Новосибирск,general,Средняя общеобразовательная школа № 175
RU,Россия,Новосибирск,general,Средняя общеобразовательная школа № 211 имени Леонида Ивановича Сидоренко
RU,Россия,Новосибирск,general,Средняя общеобразовательная школа № 213 «Открытие»
RU,Россия,Новосибирск,general,Средняя общеобразовательная школа № 54 с углубленным изучением предметов социально-гуманитарного цикла
RU,Россия,Новосибирск,general,Средняя общеобразовательная школа №57
RU,Россия,Новосибирск,general,Средняя общеобразовательная школа №73
RU,Россия,Новосибирск,general,Средняя школа
RU,Россия,Новосибирск,general,Средняя школа им. В.С. Чумака
RU,Россия,Новосибирск,general,Средняя школа им. Никифорова В.С
RU,Россия,Новосибирск,general,Средняя школа им. П.П. Лановенчика
RU,Россия,Новосибирск,general,Средняя школа № 112
RU,Россия,Новосибирск,general,Средняя школа №1
RU,Россия,Новосибирск,general,Средняя школа №100
RU,Россия,Новосибирск,general,Средняя школа №102
RU,Россия,Новосибирск,general,Средняя школа №103
RU,Россия,Новосибирск,general,Средняя школа №105
RU,Россия,Новосибирск,general,Средняя школа №108
RU,Россия,Новосибирск,general,Средняя школа №109
RU,Россия,Новосибирск,general,Средняя школа №11
RU,Россия,Новосибирск,general,Средняя школа №111
RU,Россия,Новосибирск,general,Средняя школа №117
RU,Россия,Новосибирск,general,Средняя школа №119
RU,Россия,Новосибирск,general,Средняя школа №120
RU,Россия,Новосибирск,general,Средняя школа №122
RU,Россия,Новосибирск,general,Средняя школа №128
RU,Россия,Новосибирск,general,Средняя школа №129
RU,Россия,Новосибирск,general,Средняя школа №13
RU,Россия,Новосибирск,general,Средняя школа №131
RU,Россия,Новосибирск,general,Средняя школа №134
RU,Россия,Новосибирск,general,Средняя школа №137
RU,Россия,Новосибирск,general,Средняя школа №138
RU,Россия,Новосибирск,general,Средняя школа №140
RU,Россия,Новосибирск,general,Средняя школа №141
RU,Россия,Новосибирск,general,Средняя школа №142
RU,Россия,Новосибирск,general,Средняя школа №144
RU,Россия,Новосибирск,general,Средняя школа №145
RU,Россия,Новосибирск,general,Средняя школа №146
RU,Россия,Новосибирск,general,Средняя школа №147
RU,Россия,Новосибирск,general,Средняя школа №15
RU,Россия,Новосибирск,general,Средняя школа №151
RU,Россия,Новосибирск,general,Средняя школа №153
RU,Россия,Новосибирск,general,Средняя школа №156
RU,Россия,Новосибирск,general,Средняя школа №158
RU,Россия,Новосибирск,general,Средняя школа №16
RU,Россия,Новосибирск,general,Средняя школа №167
RU,Россия,Новосибирск,general,Средняя школа №168
RU,Россия,Новосибирск,general,Средняя школа №169
RU,Россия,Новосибирск,general,Средняя школа №17
RU,Россия,Новосибирск,general,Средняя школа №170
RU,Россия,Новосибирск,general,Средняя школа №172
RU,Россия,Новосибирск,general,Средняя школа №173
RU,Россия,Новосибирск,general,Средняя школа №177
RU,Россия,Новосибирск,general,Средняя школа №178
RU,Россия,Новосибирск,general,Средняя школа №179
RU,Россия,Новосибирск,general,Средняя школа №18
RU,Россия,Новосибирск,general,Средняя школа №182
RU,Россия,Новосибирск,general,Средняя школа №183
RU,Россия,Новосибирск,general,Средняя школа №184
RU,Россия,Новосибирск,general,Средняя школа №186
RU,Россия,Новосибирск,general,Средняя школа №187
RU,Россия,Новосибирск,general,Средняя школа №188
RU,Россия,Новосибирск,general,Средняя школа №189
RU,Россия,Новосибирск,general,Средняя школа №19
RU,Россия,Новосибирск,general,Средняя школа №190
RU,Россия,Новосибирск,general,Средняя школа №191
RU,Россия,Новосибирск,general,Средняя школа №192
RU,Россия,Новосибирск,general,Средняя школа №194
RU,Россия,Новосибирск,general,Средняя школа №195
RU,Россия,Новосибирск,general,Средняя школа №196
RU,Россия,Новосибирск,general,Средняя школа №197
RU,Россия,Новосибирск,general,Средняя школа №198
RU,Россия,Новосибирск,general,Средняя школа №199
RU,Россия,Новосибирск,general,Средняя школа №2
RU,Россия,Новосибирск,general,Средняя школа №20
RU,Россия,Новосибирск,general,Средняя школа №202
RU,Россия,Новосибирск,general,Средняя школа №203
RU,Россия,Новосибирск,general,Средняя школа №206
RU,Россия,Новосибирск,general,Средняя школа №207
RU,Россия,Новосибирск,general,Средняя школа №210
RU,Россия,Новосибирск,general,Средняя школа №211
RU,Россия,Новосибирск,general,Средняя школа №212
RU,Россия,Новосибирск,general,Средняя школа №214
RU,Россия,Новосибирск,general,Средняя школа №215
RU,Россия,Новосибирск,general,Средняя школа №216
RU,Россия,Новосибирск,general,Средняя школа №217
RU,Россия,Новосибирск,general,Средняя школа №218
RU,Россия,Новосибирск,general,Средняя школа №220
RU,Россия,Новосибирск,general,Средняя школа №221
RU,Россия,Новосибирск,general,Средняя школа №23
RU,Россия,Новосибирск,general,Средняя школа №24
RU,Россия,Новосибирск,general,Средняя школа №26
RU,Россия,Новосибирск,general,Средняя школа №27
RU,Россия,Новосибирск,general,Средняя школа №29
RU,Россия,Новосибирск,general,Средняя школа №3
RU,Россия,Новосибирск,general,Средняя школа №32
RU,Россия,Новосибирск,general,Средняя школа №34
RU,Россия,Новосибирск,general,Средняя школа №36
RU,Россия,Новосибирск,general,Средняя школа №4
RU,Россия,Новосибирск,general,Средняя школа №40
RU,Россия,Новосибирск,general,Средняя школа №41
RU,Россия,Новосибирск,general,Средняя школа №43
RU,Россия,Новосибирск,general,Средняя школа №45
RU,Россия,Новосибирск,general,Средняя школа №46
RU,Россия,Новосибирск,general,Средняя школа №47
RU,Россия,Новосибирск,general,Средняя школа №48
RU,Россия,Новосибирск,general,Средняя школа №49
RU,Россия,Новосибирск,general,Средняя школа №50
RU,Россия,Новосибирск,general,Средняя школа №51
RU,Россия,Новосибирск,general,Средняя школа №52
RU,Россия,Новосибирск,general,Средняя школа №54
RU,Россия,Новосибирск,general,Средняя школа №56
RU,Россия,Новосибирск,general,Средняя школа №58
RU,Россия,Новосибирск,general,Средняя школа №59
RU,Россия,Новосибирск,general,Средняя школа №61
RU,Россия,Новосибирск,general,Средняя школа №63
RU,Россия,Новосибирск,general,Средняя школа №64
RU,Россия,Новосибирск,general,Средняя школа №65
RU,Россия,Новосибирск,general,Средняя школа №66
RU,Россия,Новосибирск,general,Средняя школа №67
RU,Россия,Новосибирск,general,Средняя школа №69
RU,Россия,Новосибирск,general,Средняя школа №7
RU,Россия,Новосибирск,general,Средняя школа №71
RU,Россия,Новосибирск,general,Средняя школа №72
RU,Россия,Новосибирск,general,Средняя школа №74
RU,Россия,Новосибирск,general,Средняя школа №75
RU,Россия,Новосибирск,general,Средняя школа №76
RU,Россия,Новосибирск,general,Средняя школа №77
RU,Россия,Новосибирск,general,Средняя школа №78
RU,Россия,Новосибирск,general,Средняя школа №8
RU,Россия,Новосибирск,general,Средняя школа №80
RU,Россия,Новосибирск,general,Средняя школа №84
RU,Россия,Новосибирск,general,Средняя школа №86
RU,Россия,Новосибирск,general,Средняя школа №87
RU,Россия,Новосибирск,general,Средняя школа №90
RU,Россия,Новосибирск,general,Средняя школа №91
RU,Россия,Новосибирск,general,Средняя школа №92
RU,Россия,Новосибирск,general,Средняя школа №94
RU,Россия,Новосибирск,general,Средняя школа №96
RU,Россия,Новосибирск,general,Средняя школа №97
RU,Россия,Новосибирск,general,Станционно-Ояшинская средняя школа
RU,Россия,Новосибирск,general,Степногутовская средняя школа
RU,Россия,Новосибирск,general,Суенгинская средняя школа
RU,Россия,Новосибирск,general,Сузунская средняя школа №1
RU,Россия,Новосибирск,general,Сузунская средняя школа №2
RU,Россия,Новосибирск,general,Сузунская средняя школа №301
RU,Россия,Новосибирск,general,Сурковская средняя школа
RU,Россия,Новосибирск,general,Таганаевская средняя школа
RU,Россия,Новосибирск,general,Ташаринская средняя школа
RU,Россия,Новосибирск,general,Тогучинская школа
RU,Россия,Новосибирск,general,Толмачевская средняя школа №61
RU,Россия,Новосибирск,general,Томиловская основная школа
RU,Россия,Новосибирск,general,Троицкая начальная школа
RU,Россия,Новосибирск,general,Турнаевская основная школа
RU,Россия,Новосибирск,general,Усть-Каменская средняя школа
RU,Россия,Новосибирск,general,Усть-Луковская средняя школа
RU,Россия,Новосибирск,general,Устюжанинская средняя школа
RU,Россия,Новосибирск,general,Уч-Балтинская основная школа
RU,Россия,Новосибирск,general,Федосихинская средняя школа
RU,Россия,Новосибирск,general,Филипповская средняя школа
RU,Россия,Новосибирск,general,Холодновская основная школа
RU,Россия,Новосибирск,general,Целинная средняя школа
RU,Россия,Новосибирск,general,Чемская средняя школа
RU,Россия,Новосибирск,general,Чернаковская начальная школа
RU,Россия,Новосибирск,general,Чикская средняя школа №6
RU,Россия,Новосибирск,general,Чикская средняя школа №7
RU,Россия,Новосибирск,general,Чингисская средняя школа
RU,Россия,Новосибирск,general,Чистопольская средняя школа
RU,Россия,Новосибирск,general,Чудиновская основная школа
RU,Россия,Новосибирск,general,Чупинская средняя школа
RU,Россия,Новосибирск,general,Шагаловская средняя школа
RU,Россия,Новосибирск,general,Шайдуровская начальная школа
RU,Россия,Новосибирск,general,Шайдуровская средняя школа
RU,Россия,Новосибирск,general,Шарчинская средняя школа
RU,Россия,Новосибирск,general,Шахтинская средняя школа
RU,Россия,Новосибирск,general,Шипуновская средняя школа
RU,Россия,Новосибирск,general,Широкоярская средняя школа
RU,Россия,Новосибирск,general,Шурыгинская средняя школа
RU,Россия,Новосибирск,general,Южинская основная школа
RU,Россия,Новосибирск,general,Южненская начальная школа
RU,Россия,Новосибирск,general,Юрт-Акбалыкская основная школа
RU,Россия,Новосибирск,general,Юртовская средняя школа
RU,Россия,Новосибирск,general,Янченковская средняя школа
RU,Россия,Новосибирск,general,Ярковская средняя школа
RU,Россия,Новосибирск,general,Ярковская средняя школа №3
RU,Россия,Новосибирск,general,Яшкола
RU,Россия,Новосибирск,university,Новосибирская государственная консерватория имени М.И. Глинки
RU,Россия,Новосибирск,university,Новосибирский государственный аграрный университет
RU,Россия,Новосибирск,university,Новосибирский государственный архитектурно-строительный университет (Сибстрин)
RU,Россия,Новосибирск,university,Новосибирский государственный медицинский университет
RU,Россия,Новосибирск,university,Новосибирский государственный театральный институт
RU,Россия,Новосибирск,university,"Новосибирский государственный университет архитектуры, дизайна и искусств имени А.Д. Крячкова"
RU,Россия,Новосибирск,university,Новосибирский национальный исследовательский государственный университет
RU,Россия,Новосибирск,university,Новосибирский технологический институт (филиал)
RU,Россия,Новосибирск,university,Сибирский государственный университет водного транспорта
RU,Россия,Новосибирск,university,Сибирский государственный университет геосистем и технологий
RU,Россия,Новосибирск,university,Сибирский государственный университет путей сообщения
RU,Россия,Новосибирск,university,Сибирский государственный университет телекоммуникаций и информатики
RU,Россия,Новосибирск,university,Сибирский институт управления - филиал
RU,Россия,Новосибирск,university,Сибирский университет потребительской кооперации
RU,Россия,Новоуральск,college,Новоуральский филиал СОМК Новоуральский филиал Свердловский областной медицинский колледж
RU,Россия,Новоуральск,college,НТК Новоуральский технологический колледж
RU,Россия,Новоуральск,general,Приуральская средняя общеобразовательная школа Кувандыкского городского округа Оренбургской области
RU,Россия,Новочебоксарск,college,НХМТ Новочебоксарский химико-механический техникум
RU,Россия,Новочебоксарск,college,Частный АТиУ Академия технологии и управления
RU,Россия,Новочебоксарск,general,Вечерняя (сменная) общеобразовательная школа № 1
RU,Россия,Новочебоксарск,general,Вечерняя школа №1
RU,Россия,Новочебоксарск,general,Гимназия № 6
RU,Россия,Новочебоксарск,general,Лицей № 18
RU,Россия,Новочебоксарск,general,Новочебоксарская общеобразовательная школа для обучающихся с ограниченными возможностями здоровья
RU,Россия,Новочебоксарск,general,Новочебоксарская школа
RU,Россия,Новочебоксарск,general,Новочебоксарский кадетский лицей имени Героя Советского Союза Кузнецова М.М
RU,Россия,Новочебоксарск,general,Средняя общеобразовательная школа № 11 с углубленным изучением отдельных предметов
RU,Россия,Новочебоксарск,general,Средняя общеобразовательная школа № 13
RU,Россия,Новочебоксарск,general,Средняя общеобразовательная школа № 14 с углубленным изучением предметов естественно-математического цикла
RU,Россия,Новочебоксарск,general,Средняя общеобразовательная школа № 16
RU,Россия,Новочебоксарск,general,Средняя общеобразовательная школа № 17
RU,Россия,Новочебоксарск,general,Средняя общеобразовательная школа № 19
RU,Россия,Новочебоксарск,general,Средняя общеобразовательная школа № 2
RU,Россия,Новочебоксарск,general,Средняя общеобразовательная школа № 20 им.Васьлея Митты с углубленным изучением отдельных предметов
RU,Россия,Новочебоксарск,general,Средняя общеобразовательная школа № 3
RU,Россия,Новочебоксарск,general,Средняя общеобразовательная школа № 5 с углубленным изучением иностранных языков
RU,Россия,Новочебоксарск,general,Средняя общеобразовательная школа № 8
RU,Россия,Новочебоксарск,general,Средняя общеобразовательная школа № 9
RU,Россия,Новочебоксарск,general,Средняя общеобразовательная школаNo4
RU,Россия,Новочебоксарск,general,Средняя школа №11
RU,Россия,Новочебоксарск,general,Средняя школа №12
RU,Россия,Новочебоксарск,general,Средняя школа №20
RU,Россия,Новочебоксарск,general,Средняя школа №4
RU,Россия,Новочебоксарск,general,Средняя школа №5
RU,Россия,Новочеркасск,boarding,Новочеркасская специальная школа-интернат №1
RU,Россия,Новочеркасск,boarding,Новочеркасская специальная школа-интернат №33
RU,Россия,Новочеркасск,college,НГК Новочеркасский геологоразведочный колледж
RU,Россия,Новочеркасск,college,НИМИ им. А. К. Кортунова - филиал ДонГАУ Новочеркасский инженерно-мелиоративный институт им. А. К. Кортунова - филиал Донской госуд
RU,Россия,Новочеркасск,college,НМК Новочеркасский машиностроительный колледж
RU,Россия,Новочеркасск,college,НМК Новочеркасский медицинский колледж
RU,Россия,Новочеркасск,college,НПГК Новочеркасский промышленно-гуманитарный колледж
RU,Россия,Новочеркасск,college,НПК ЮРГПУ им. М.И. Платова Новочеркасский политехнический колледж Южно-Российского государственного политехнического
RU,Россия,Новочеркасск,college,НТТИ Новочеркасский технологический техникум-интернат
RU,Россия,Новочеркасск,college,Частный Колледж Академия ТОП Новочеркасск Филиал колледжа «Академия ТОП Новочеркасск»
RU,Россия,Новочеркасск,general,МБОУ СОШ № 11 ИМ.А.М. Позынича
RU,Россия,Новочеркасск,general,МБОУ СОШ № 31 Имени Г.А. Бердичевского
RU,Россия,Новочеркасск,general,Мишкинская средняя школа
RU,Россия,Новочеркасск,general,Средняя школа №1
RU,Россия,Новочеркасск,general,Средняя школа №10
RU,Россия,Новочеркасск,general,Средняя школа №11
RU,Россия,Новочеркасск,general,Средняя школа №12
RU,Россия,Новочеркасск,general,Средняя школа №14
RU,Россия,Новочеркасск,general,Средняя школа №15
RU,Россия,Новочеркасск,general,Средняя школа №17
RU,Россия,Новочеркасск,general,Средняя школа №19
RU,Россия,Новочеркасск,general,Средняя школа №2
RU,Россия,Новочеркасск,general,Средняя школа №20
RU,Россия,Новочеркасск,general,Средняя школа №22
RU,Россия,Новочеркасск,general,Средняя школа №23
RU,Россия,Новочеркасск,general,Средняя школа №24
RU,Россия,Новочеркасск,general,Средняя школа №25
RU,Россия,Новочеркасск,general,Средняя школа №3
RU,Россия,Новочеркасск,general,Средняя школа №31
RU,Россия,Новочеркасск,general,Средняя школа №32
RU,Россия,Новочеркасск,general,Средняя школа №5
RU,Россия,Новочеркасск,general,Средняя школа №6
RU,Россия,Новочеркасск,general,Средняя школа №61
RU,Россия,Новочеркасск,general,Средняя школа №62
RU,Россия,Новочеркасск,general,Средняя школа №63
RU,Россия,Новочеркасск,general,Средняя школа №72
RU,Россия,Новочеркасск,general,Средняя школа №73
RU,Россия,Новочеркасск,general,Средняя школа №77
RU,Россия,Новочеркасск,general,Средняя школа №8
RU,Россия,Новочеркасск,university,Донской государственный аграрный университет
RU,Россия,Новочеркасск,university,Южно-Российский государственный политехнический университет (НПИ) имени М.И. Платова
RU,Россия,Новый Уренгой,college,НПК Надымский профессиональный колледж
RU,Россия,Новый Уренгой,college,НУРМК Новоуренгойский многопрофильный колледж
RU,Россия,Новый Уренгой,college,Частный ГТНУ Газпром техникум Новый Уренгой
RU,Россия,Новый Уренгой,college,Частный Новоуренгойский филиал ПОУ УРК Новоуренгойский филиал Уральский региональный колледж
RU,Россия,Новый Уренгой,general,Арктический Лицей
RU,Россия,Новый Уренгой,general,Гимназия
RU,Россия,Новый Уренгой,general,Кадетская средняя общеобразовательная школа имени Героя Российской Федерации В.И. Шарпатова\
RU,Россия,Новый Уренгой,general,Коррекционная школа №18
RU,Россия,Новый Уренгой,general,Специальная (коррекционная) школа № 18
RU,Россия,Новый Уренгой,general,Средняя общеобразовательная школа № 3
RU,Россия,Новый Уренгой,general,Средняя общеобразовательная школа № 4 с углубленным изучением английского языка
RU,Россия,Новый Уренгой,general,Средняя школа
RU,Россия,Новый Уренгой,general,Средняя школа «Земля родная»
RU,Россия,Новый Уренгой,general,Средняя школа имени Д.И. Коротчаева
RU,Россия,Новый Уренгой,general,Средняя школа № 1\\\
RU,Россия,Новый Уренгой,general,Средняя школа № 11\
RU,Россия,Новый Уренгой,general,Средняя школа № 12
RU,Россия,Новый Уренгой,general,Средняя школа № 15
RU,Россия,Новый Уренгой,general,Средняя школа № 16\
RU,Россия,Новый Уренгой,general,Средняя школа № 17
RU,Россия,Новый Уренгой,general,Средняя школа № 5
RU,Россия,Новый Уренгой,general,Средняя школа № 7
RU,Россия,Новый Уренгой,general,Средняя школа № 8
RU,Россия,Новый Уренгой,general,Средняя школа № 9
RU,Россия,Новый Уренгой,general,Средняя школа №2
RU,Россия,Новый Уренгой,general,Средняя школа №4
RU,Россия,Ногинск,boarding,Глуховская школа-интернат №2
RU,Россия,Ногинск,boarding,Ногинская специальная (коррекционная) школа-интернат для обучающихся с ограниченными возможностями здоровья
RU,Россия,Ногинск,college,Ногинский колледж Ногинский колледж
RU,Россия,Ногинск,college,Ногинский филиал ГУП Ногинский филиал Государственного университета просвещения
RU,Россия,Ногинск,college,Ногинский филиал МосОМК Ногинский филиал «Московский областной медицинский колледж»
RU,Россия,Ногинск,college,Частный Колледж Академия ТОП Ногинск Филиал колледжа «Академия ТОП Ногинск»
RU,Россия,Ногинск,general,Средняя школа №14
RU,Россия,Ногинск,general,Средняя школа №19
RU,Россия,Норильск,boarding,Норильская школа-интернат
RU,Россия,Норильск,college,Колледж ЗГУ им. Федоровского Колледж при Заполярном Государственном университете им. Н. М. Федоровского
RU,Россия,Норильск,college,НКИ Норильский колледж искусств
RU,Россия,Норильск,college,НПК Норильский педагогический колледж
RU,Россия,Норильск,college,НТПТиС Норильский техникум промышленных технологий и сервиса
RU,Россия,Норильск,general,Гимназия №1
RU,Россия,Норильск,general,Гимназия №4
RU,Россия,Норильск,general,Гимназия №5
RU,Россия,Норильск,general,Гимназия №7
RU,Россия,Норильск,general,Потаповская средняя школа №12
RU,Россия,Норильск,general,Средняя школа №1
RU,Россия,Норильск,general,Средняя школа №13
RU,Россия,Норильск,general,Средняя школа №14
RU,Россия,Норильск,general,Средняя школа №16
RU,Россия,Норильск,general,Средняя школа №17
RU,Россия,Норильск,general,Средняя школа №20
RU,Россия,Норильск,general,Средняя школа №21
RU,Россия,Норильск,general,Средняя школа №23
RU,Россия,Норильск,general,Средняя школа №24
RU,Россия,Норильск,general,Средняя школа №27
RU,Россия,Норильск,general,Средняя школа №28
RU,Россия,Норильск,general,Средняя школа №29
RU,Россия,Норильск,general,Средняя школа №3
RU,Россия,Норильск,general,Средняя школа №30
RU,Россия,Норильск,general,Средняя школа №31
RU,Россия,Норильск,general,Средняя школа №32
RU,Россия,Норильск,general,Средняя школа №33
RU,Россия,Норильск,general,Средняя школа №36
RU,Россия,Норильск,general,Средняя школа №37
RU,Россия,Норильск,general,Средняя школа №38
RU,Россия,Норильск,general,Средняя школа №39
RU,Россия,Норильск,general,Средняя школа №40
RU,Россия,Норильск,general,Средняя школа №41
RU,Россия,Норильск,general,Средняя школа №42
RU,Россия,Норильск,general,Средняя школа №43
RU,Россия,Норильск,general,Средняя школа №45
RU,Россия,Норильск,general,Средняя школа №6
RU,Россия,Норильск,general,Средняя школа №8
RU,Россия,Норильск,general,Средняя школа №9
RU,Россия,Ноябрьск,general,Гимназия № 1
RU,Россия,Ноябрьск,general,Коррекционная школа
RU,Россия,Ноябрьск,general,Специальная (коррекционная) общеобразовательная школа для обучающихся с ограниченными возможностями здоровья\
RU,Россия,Ноябрьск,general,Средняя общеобразовательная школа микрорайона Вынгапуровский
RU,Россия,Ноябрьск,general,Средняя общеобразовательная школа № 10 с углубленным изучением физики и технических дисциплин
RU,Россия,Ноябрьск,general,Средняя общеобразовательная школа № 12
RU,Россия,Ноябрьск,general,Средняя общеобразовательная школа № 13 с углубленным изучением предметов эстетического цикла
RU,Россия,Ноябрьск,general,Средняя общеобразовательная школа № 14 муниципального образования город Ноябрьск
RU,Россия,Ноябрьск,general,Средняя общеобразовательная школа № 2 с углубленным изучением иностранных языков
RU,Россия,Ноябрьск,general,Средняя общеобразовательная школа № 3
RU,Россия,Ноябрьск,general,Средняя общеобразовательная школа № 5
RU,Россия,Ноябрьск,general,Средняя общеобразовательная школа № 6
RU,Россия,Ноябрьск,general,Средняя общеобразовательная школа № 7
RU,Россия,Ноябрьск,general,Средняя общеобразовательная школа № 8\
RU,Россия,Ноябрьск,general,Средняя общеобразовательная школа № 9
RU,Россия,Ноябрьск,general,Средняя школа
RU,Россия,Ноябрьск,general,Средняя школа №1
RU,Россия,Ноябрьск,general,Средняя школа №10
RU,Россия,Ноябрьск,general,Средняя школа №13
RU,Россия,Ноябрьск,general,Средняя школа №14
RU,Россия,Ноябрьск,general,Средняя школа №2
RU,Россия,Обнинск,college,ИАТЭ НИЯУ МИФИ Техникум Обнинский институт атомной энергетики - филиал Национальный исследовательский яде
RU,Россия,Обнинск,college,ОКТУ Обнинский колледж технологий и услуг
RU,Россия,Обнинск,college,Частный Колледж Академия ТОП Обнинск Филиал колледжа «Академия ТОП Обнинск»
RU,Россия,Обнинск,college,Частный ОГК Обнинский гуманитарный колледж
RU,Россия,Обнинск,general,Обнинская свободная школа
RU,Россия,Обнинск,general,Средняя общеобразовательная школа Чаша
RU,Россия,Обнинск,general,Средняя школа №1
RU,Россия,Обнинск,general,Средняя школа №10
RU,Россия,Обнинск,general,Средняя школа №11
RU,Россия,Обнинск,general,Средняя школа №12
RU,Россия,Обнинск,general,Средняя школа №13
RU,Россия,Обнинск,general,Средняя школа №16
RU,Россия,Обнинск,general,Средняя школа №17
RU,Россия,Обнинск,general,Средняя школа №18
RU,Россия,Обнинск,general,Средняя школа №18/2
RU,Россия,Обнинск,general,Средняя школа №3
RU,Россия,Обнинск,general,Средняя школа №4
RU,Россия,Обнинск,general,Средняя школа №5
RU,Россия,Обнинск,general,Средняя школа №6
RU,Россия,Обнинск,general,Средняя школа №7
RU,Россия,Обнинск,general,Средняя школа №9
RU,Россия,Обнинск,general,Технический лицей
RU,Россия,Одинцово,general,Одинцовская средняя школа №12
RU,Россия,Одинцово,general,Одинцовская средняя школа №3
RU,Россия,Одинцово,general,Одинцовская средняя школа №8
RU,Россия,Одинцово,general,Одинцовская средняя школа №9
RU,Россия,Одинцово,general,Русская классическая школа
RU,Россия,Одинцово,general,Средняя школа №1
RU,Россия,Одинцово,general,Средняя школа №5
RU,Россия,Озерск,college,ОГКИ Озерский государственный колледж искусств
RU,Россия,Озерск,college,ОзТК Озерский технический колледж
RU,Россия,Озерск,college,ОТИ НИЯУ МИФИ Озерский технологический институт - филиал «Национальный исследовательский ядерный универс
RU,Россия,Озерск,general,Озерская средняя общеобразовательная школа
RU,Россия,Октябрьский,college,Буздяк СХК Буздякский сельскохозяйственный колледж
RU,Россия,Октябрьский,college,ОКСК Октябрьский коммунально-строительный колледж
RU,Россия,Октябрьский,college,ОМК Октябрьский музыкальный колледж
RU,Россия,Октябрьский,college,ОМПК Октябрьский многопрофильный профессиональный колледж
RU,Россия,Октябрьский,college,ОНК им. С.И. Кувыкина Октябрьский нефтяной колледж имени С.И. Кувыкина
RU,Россия,Октябрьский,college,Частный ОЭТ Октябрьский экономический техникум
RU,Россия,Октябрьский,general,Лицей №1
RU,Россия,Октябрьский,general,Октябрьская коррекционная школа №19
RU,Россия,Октябрьский,general,Октябрьская средняя общеобразовательная школа
RU,Россия,Октябрьский,general,Октябрьская средняя общеобразовательная школа имени А. Дурнева
RU,Россия,Октябрьский,general,Средняя школa №9
RU,Россия,Октябрьский,general,Средняя школа №10
RU,Россия,Октябрьский,general,Средняя школа №12
RU,Россия,Октябрьский,general,Средняя школа №13
RU,Россия,Октябрьский,general,Средняя школа №17
RU,Россия,Октябрьский,general,Средняя школа №18
RU,Россия,Октябрьский,general,Средняя школа №20
RU,Россия,Октябрьский,general,Средняя школа №22
RU,Россия,Октябрьский,general,Средняя школа №8
RU,Россия,Омск,boarding,Адаптивная общеобразовательная школа-интернат №19
RU,Россия,Омск,boarding,Адаптивная школа-интернат №14
RU,Россия,Омск,boarding,Адаптивная школа-интернат №15
RU,Россия,Омск,boarding,Адаптивная школа-интернат №17
RU,Россия,Омск,boarding,Красноярская адаптивная школа-интернат
RU,Россия,Омск,boarding,Нововаршавская адаптивная школа-интернат
RU,Россия,Омск,boarding,Полтавская адаптивная школа-интернат
RU,Россия,Омск,boarding,Шербакульская адаптивная школа-интернат
RU,Россия,Омск,college,БСХТ Большереченский сельскохозяйственный техникум
RU,Россия,Омск,college,ИППК Исилькульский Профессионально-педагогический колледж
RU,Россия,Омск,college,КАТТ филиал в р.п. Горьковское Калачинский аграрно-технический техникум филиал в р.п. Горьковское
RU,Россия,Омск,college,"КИТЭК Колледж инновационных технологий, экономики и коммерции"
RU,Россия,Омск,college,Колледж ОмГМУ Колледж Омского государственного медицинского университета
RU,Россия,Омск,college,Колледж ОмГУ им. Ф.М. Достоевского Колледж Омского государственного университета им. Ф.М. Достоевского
RU,Россия,Омск,college,Медицинский колледж (Омск)
RU,Россия,Омск,college,МТМСХ Муромцевский техникум механизации сельского хозяйства
RU,Россия,Омск,college,ОАТК Омский автотранспортный колледж
RU,Россия,Омск,college,ОАТК Омский аграрно-технологический колледж
RU,Россия,Омск,college,ОГКУиПТ Омский государственный колледж управления и профессиональных технологий
RU,Россия,Омск,college,ОКОТСиТ НГП Омский колледж отраслевых технологий строительства и транспорта Нововаршавское городское п
RU,Россия,Омск,college,ОКОТСиТ Омский колледж отраслевых технологий строительства и транспорта
RU,Россия,Омск,college,ОКПТ Омский колледж профессиональных технологий
RU,Россия,Омск,college,ОКТС Омский колледж транспортного строительства
RU,Россия,Омск,college,ОЛТК ГА - филиал УИ ГА Омский летно-технический колледж гражданской авиации имени А.В. Ляпидевского филиал Ульяно
RU,Россия,Омск,college,Омавиат Омский авиационный колледж имени Н.Е. Жуковского
RU,Россия,Омск,college,Омский филиал РАНХиГС Омский филиал Российской академии народного хозяйства и государственной службы при президе
RU,Россия,Омск,college,ОМТ Омский монтажный техникум
RU,Россия,Омск,college,ОПКNo1 Омский педагогический колледж № 1
RU,Россия,Омск,college,ОПЭК Омский промышленно-экономический колледж
RU,Россия,Омск,college,ОСК Омский строительный колледж
RU,Россия,Омск,college,ОТММП Омский техникум мясной и молочной промышленности
RU,Россия,Омск,college,ОТСЛХ Омский техникум строительства и лесного хозяйства
RU,Россия,Омск,college,ПТСиПТ Павлоградский техникум сельскохозяйственных и перерабатывающих технологий
RU,Россия,Омск,college,Сибирское ГУОР Сибирское государственное училище (колледж) олимпийского резерва
RU,Россия,Омск,college,СИПК Саргатский индустриально-педагогический колледж
RU,Россия,Омск,college,"СИТПИ РУТХП Сибирский институт традиционного прикладного искусства филиал ""Высшая школа народных искус"
RU,Россия,Омск,college,СКИТУ (филиал) МГУТУ им. К.Г. Разумовского Сибирский казачий институт технологий и управления (филиал) Московского государственного у
RU,Россия,Омск,college,СПК в р.п. Таврическое Сибирский профессиональный колледж филиал в р.п. Таврическое
RU,Россия,Омск,college,СПК Сибирский профессиональный колледж
RU,Россия,Омск,college,ТТ Тевризский техникум
RU,Россия,Омск,college,УКАБ Омский ГАУ им. П.А. Столыпина Университетский колледж агробизнеса Омского государственного аграрного университета имени
RU,Россия,Омск,college,Филиал КАТТ в с. Нижняя Омка Филиал Калачинского аграрно-технического техникума в с. Нижняя Омка
RU,Россия,Омск,college,Филиал МПТ с. Элита Филиал Москаленского профессионального техникума в с. Элита
RU,Россия,Омск,college,Частный МАНО Колледж Многопрофильная академия непрерывного образования
RU,Россия,Омск,college,Частный МПТ Москаленский профессиональный техникум
RU,Россия,Омск,college,Частный ОКСТ Одесский казачий сельскохозяйственный техникум
RU,Россия,Омск,college,Частный ОмАЭиП Омская академия экономики и предпринимательства
RU,Россия,Омск,college,Частный ОМПК Омский музыкально-педагогический колледж
RU,Россия,Омск,college,Частный ОмЮК Омский юридический колледж
RU,Россия,Омск,college,Частный ООККиИ Омский областной колледж культуры и искусства
RU,Россия,Омск,college,Частный СМК Перспектива Сибирский многопрофильный колледж «Перспектива»
RU,Россия,Омск,college,Частный СРШ (колледж) Анны Муратовой Сибирская региональная школа (колледж) Анны Муратовой
RU,Россия,Омск,college,Частный СРШБ Сибирская региональная школа бизнеса (колледж)
RU,Россия,Омск,college,Частный Усть-Заостровский СТ Усть-Заостровский сельскохозяйственный техникум
RU,Россия,Омск,general,Авторская экспериментальная школа
RU,Россия,Омск,general,Адаптивная школа №12
RU,Россия,Омск,general,Адаптивная школа №18
RU,Россия,Омск,general,Аёвская средняя школа
RU,Россия,Омск,general,Азовская средняя школа №2
RU,Россия,Омск,general,Аксеновская средняя школа
RU,Россия,Омск,general,Алаботинская средняя школа
RU,Россия,Омск,general,Александровская основная школа
RU,Россия,Омск,general,Александровская средняя школа
RU,Россия,Омск,general,Алексеевская средняя школа
RU,Россия,Омск,general,Андреевская средняя школа
RU,Россия,Омск,general,Антоновская средняя школа
RU,Россия,Омск,general,Аполлоновская средняя школа
RU,Россия,Омск,general,Артынская cредняя школа
RU,Россия,Омск,general,Астыровская средняя школа
RU,Россия,Омск,general,Атирская средняя школа
RU,Россия,Омск,general,Атрачинская средняя школа
RU,Россия,Омск,general,Ачаирская средняя школа
RU,Россия,Омск,general,Ашеванская основная школа
RU,Россия,Омск,general,Бабежская средняя школа
RU,Россия,Омск,general,Баженовская средняя школа
RU,Россия,Омск,general,Байбинская основная школа
RU,Россия,Омск,general,Бакшеевская средняя школа
RU,Россия,Омск,general,Баррикадская средняя школа
RU,Россия,Омск,general,Бас-Агашская основная школа
RU,Россия,Омск,general,Белостокская средняя школа
RU,Россия,Омск,general,Белоусовская основная школа
RU,Россия,Омск,general,Белоярская средняя школа
RU,Россия,Омск,general,Бельсенды-казахская основная школа
RU,Россия,Омск,general,Бергамакская средняя школа
RU,Россия,Омск,general,Береговская средняя школа
RU,Россия,Омск,general,Берёзовская средняя школа
RU,Россия,Омск,general,Берёзовская школа
RU,Россия,Омск,general,Благодаровская средняя школа
RU,Россия,Омск,general,Бобринская средняя школа
RU,Россия,Омск,general,Богдановская основная школа
RU,Россия,Омск,general,Богдановская средняя школа
RU,Россия,Омск,general,Богодуховская средняя школа
RU,Россия,Омск,general,Боголюбовская средняя школа
RU,Россия,Омск,general,Богословская средняя школа
RU,Россия,Омск,general,Боевая средняя школа
RU,Россия,Омск,general,Божедаровская основная школа
RU,Россия,Омск,general,Большаковская средняя школа
RU,Россия,Омск,general,Больше-Туралинская средняя школа
RU,Россия,Омск,general,Большеатмасская средняя школа
RU,Россия,Омск,general,Большевистская основная школа
RU,Россия,Омск,general,Большегривская средняя школа
RU,Россия,Омск,general,Большепесчанская средняя школа
RU,Россия,Омск,general,Большереченская основная школа
RU,Россия,Омск,general,Большереченская средняя школа
RU,Россия,Омск,general,Большетавинская основная школа
RU,Россия,Омск,general,Большеуковская средняя школа
RU,Россия,Омск,general,Борисовская средняя школа
RU,Россия,Омск,general,Боровская основная школа
RU,Россия,Омск,general,Борчанская средняя школа
RU,Россия,Омск,general,Бражниковская средняя школа
RU,Россия,Омск,general,Буняковская средняя школа
RU,Россия,Омск,general,Бутаковская средняя школа
RU,Россия,Омск,general,Валуевская средняя школа
RU,Россия,Омск,general,Васильевская основная школа
RU,Россия,Омск,general,Великорусская основная школа
RU,Россия,Омск,general,Верблюженская средняя школа
RU,Россия,Омск,general,Верхнекарбушская основная школа
RU,Россия,Омск,general,Весёлорощинская школа
RU,Россия,Омск,general,Вечерняя школа №33
RU,Россия,Омск,general,Владимировская основная школа
RU,Россия,Омск,general,Водянинская основная школа
RU,Россия,Омск,general,Вольновская средняя школа
RU,Россия,Омск,general,Воронцовская средняя школа
RU,Россия,Омск,general,Ворошиловская основная школа
RU,Россия,Омск,general,Воскресенская средняя школа
RU,Россия,Омск,general,Вставская средняя школа
RU,Россия,Омск,general,Ганновская средняя школа
RU,Россия,Омск,general,Гауфская средняя школа
RU,Россия,Омск,general,Гвоздевская средняя школа
RU,Россия,Омск,general,Генераловская основная школа
RU,Россия,Омск,general,Георгиевская средняя школа
RU,Россия,Омск,general,Гимназия № 115
RU,Россия,Омск,general,Гимназия № 140
RU,Россия,Омск,general,Гимназия № 147
RU,Россия,Омск,general,Гимназия № 19
RU,Россия,Омск,general,Гимназия № 26
RU,Россия,Омск,general,Гимназия № 75
RU,Россия,Омск,general,Гимназия № 85
RU,Россия,Омск,general,Глинкинская основная школа
RU,Россия,Омск,general,Глуховская средняя школа
RU,Россия,Омск,general,Глухониколаевская средняя школа
RU,Россия,Омск,general,Голубовская средняя школа
RU,Россия,Омск,general,Горьковская средняя школа
RU,Россия,Омск,general,Горячеключевская средняя школа
RU,Россия,Омск,general,Гофнунгстальская основная школа
RU,Россия,Омск,general,Гуровская средняя школа
RU,Россия,Омск,general,Демьяновская основная школа
RU,Россия,Омск,general,Десподзиновская средняя школа
RU,Россия,Омск,general,Добровольская средняя школа
RU,Россия,Омск,general,Добропольская начальная школа
RU,Россия,Омск,general,Дробышевская основная школа
RU,Россия,Омск,general,Дружинская средняя школа
RU,Россия,Омск,general,Дурновская средняя школа
RU,Россия,Омск,general,Евгащинская средняя школа
RU,Россия,Омск,general,Евлантьевская основная школа
RU,Россия,Омск,general,Екатерининская школа
RU,Россия,Омск,general,Екатериновская средняя школа
RU,Россия,Омск,general,Екатеринославская средняя школа
RU,Россия,Омск,general,Елизаветинская средняя школа
RU,Россия,Омск,general,Ельничная основная школа
RU,Россия,Омск,general,Еремеевская средняя школа
RU,Россия,Омск,general,Ермаковская средняя школа
RU,Россия,Омск,general,Ермиловская основная школа
RU,Россия,Омск,general,Жанаульская основная школа
RU,Россия,Омск,general,Желанновская средняя школа
RU,Россия,Омск,general,Жирновская средняя школа
RU,Россия,Омск,general,Журавлёвская средняя школа
RU,Россия,Омск,general,Завьяловская средняя школа
RU,Россия,Омск,general,Загваздинская средняя школа
RU,Россия,Омск,general,Заливинская средняя школа
RU,Россия,Омск,general,Замелетеновская средняя школа
RU,Россия,Омск,general,Зареченская средняя школа
RU,Россия,Омск,general,Заринская средняя школа
RU,Россия,Омск,general,Звездинская средняя школа
RU,Россия,Омск,general,Звонаревокутская средняя школа
RU,Россия,Омск,general,Зиминская средняя школа
RU,Россия,Омск,general,Знаменская средняя школа
RU,Россия,Омск,general,Золотонивская средняя школа
RU,Россия,Омск,general,Золотухинская основная школа
RU,Россия,Омск,general,Ивановская средняя школа
RU,Россия,Омск,general,Изумруднинская основная школа
RU,Россия,Омск,general,Изюмовская средняя школа
RU,Россия,Омск,general,Ильичевская средняя школа
RU,Россия,Омск,general,Ингалинская средняя школа
RU,Россия,Омск,general,Иртышская средняя школа
RU,Россия,Омск,general,Искровская средняя школа
RU,Россия,Омск,general,Кабаньевская основная школа
RU,Россия,Омск,general,Казанская средняя школа
RU,Россия,Омск,general,Кайлинская основная школа
RU,Россия,Омск,general,Калининская средняя школа
RU,Россия,Омск,general,Калиновская основная школа
RU,Россия,Омск,general,Камышино-Курская средняя школа
RU,Россия,Омск,general,Камышловская средняя школа
RU,Россия,Омск,general,Кара-Терекская основная школа
RU,Россия,Омск,general,Каразюкская основная школа
RU,Россия,Омск,general,Карбызинская средняя школа
RU,Россия,Омск,general,Карповская средняя школа
RU,Россия,Омск,general,Каскатская средняя школа
RU,Россия,Омск,general,Качуковская средняя школа
RU,Россия,Омск,general,Кейзесская средняя школа
RU,Россия,Омск,general,Кзыл-Агашская основная школа
RU,Россия,Омск,general,Кипская средняя школа
RU,Россия,Омск,general,Киселёвская основная школа
RU,Россия,Омск,general,Кисляковская средняя школа
RU,Россия,Омск,general,Китерминская средняя школа
RU,Россия,Омск,general,Ключевская средняя школа
RU,Россия,Омск,general,Князевская средняя школа
RU,Россия,Омск,general,Ковалевская основная школа
RU,Россия,Омск,general,Колосовская средняя школа
RU,Россия,Омск,general,Комиссаровская основная школа
RU,Россия,Омск,general,Комсомольская основная школа
RU,Россия,Омск,general,Комсомольская средняя школа
RU,Россия,Омск,general,Кондратьевская средняя школа
RU,Россия,Омск,general,Конезаводская средняя школа
RU,Россия,Омск,general,Копейкинская школа
RU,Россия,Омск,general,Корсинская начальная школа
RU,Россия,Омск,general,Коршуновская средняя школа
RU,Россия,Омск,general,Костинская средняя школа
RU,Россия,Омск,general,Коянбайская школа
RU,Россия,Омск,general,Крайчиковская средняя школа
RU,Россия,Омск,general,Красногорская средняя школа
RU,Россия,Омск,general,Краснодарская основная школа
RU,Россия,Омск,general,Краснознаменская средняя школа
RU,Россия,Омск,general,Краснооктябрьская средняя школа
RU,Россия,Омск,general,Краснополянская средняя школа
RU,Россия,Омск,general,Краснопутиловская основная школа
RU,Россия,Омск,general,Красноярская лесная школа
RU,Россия,Омск,general,Красноярская средняя школа
RU,Россия,Омск,general,Красовская средняя школа
RU,Россия,Омск,general,Крестинская средняя школа
RU,Россия,Омск,general,Кромская основная школа
RU,Россия,Омск,general,Крутинская средняя школа №2
RU,Россия,Омск,general,Кудряевская основная школа
RU,Россия,Омск,general,Кудук-Чиликская основная школа
RU,Россия,Омск,general,Кузнецовская основная школа
RU,Россия,Омск,general,Кукарская основная школа
RU,Россия,Омск,general,Куликовская средняя школа
RU,Россия,Омск,general,Куломзинская средняя школа
RU,Россия,Омск,general,Курносовская средняя школа
RU,Россия,Омск,general,Кутузовская средняя школа
RU,Россия,Омск,general,Кутырлинская средняя школа
RU,Россия,Омск,general,Лагушинская основная школа
RU,Россия,Омск,general,Ламановская средняя школа
RU,Россия,Омск,general,Лебединская основная школа
RU,Россия,Омск,general,Лежанская средняя школа
RU,Россия,Омск,general,Ленинская основная школа
RU,Россия,Омск,general,Лесная средняя школа
RU,Россия,Омск,general,Липовкутская основная школа
RU,Россия,Омск,general,Лисинская средняя школа
RU,Россия,Омск,general,Лицей № 29
RU,Россия,Омск,general,Лицей № 92
RU,Россия,Омск,general,Логиновская средняя школа
RU,Россия,Омск,general,Ложниковская средняя школа
RU,Россия,Омск,general,Луговская школа
RU,Россия,Омск,general,Лузинская средняя школа №1
RU,Россия,Омск,general,Лузинская средняя школа №2
RU,Россия,Омск,general,Любимовская средняя школа
RU,Россия,Омск,general,Любино-Малоросская средняя школа
RU,Россия,Омск,general,Любинская средняя школа №1
RU,Россия,Омск,general,Любинская средняя школа №2
RU,Россия,Омск,general,Любинская средняя школа №3
RU,Россия,Омск,general,Любовская основная школа
RU,Россия,Омск,general,Любомировская школа
RU,Россия,Омск,general,Магистральная средняя школа
RU,Россия,Омск,general,Майская основная школа
RU,Россия,Омск,general,Макаркинская начальная школа
RU,Россия,Омск,general,Максимовская средняя школа
RU,Россия,Омск,general,Малиновская средняя школа
RU,Россия,Омск,general,Малоатмасская основная школа
RU,Россия,Омск,general,Малобичинская средняя школа
RU,Россия,Омск,general,Мангутская средняя школа
RU,Россия,Омск,general,Маргенауская средняя школа
RU,Россия,Омск,general,Марьяновская средняя школа №1
RU,Россия,Омск,general,Марьяновская средняя школа №2
RU,Россия,Омск,general,Марьяновская средняя школа №3
RU,Россия,Омск,general,Маяковская средняя школа
RU,Россия,Омск,general,Медвежинская средняя школа
RU,Россия,Омск,general,Мельничная основная школа
RU,Россия,Омск,general,Милоградовская основная школа
RU,Россия,Омск,general,Милютинская средняя школа
RU,Россия,Омск,general,Миролюбовская основная школа
RU,Россия,Омск,general,Михайловская средняя школа
RU,Россия,Омск,general,Мокшинская средняя школа
RU,Россия,Омск,general,Морозовская средняя школа
RU,Россия,Омск,general,Москаленская очно-заочная средняя школа
RU,Россия,Омск,general,Москаленская средняя школа
RU,Россия,Омск,general,Москаленская средняя школа №3
RU,Россия,Омск,general,Мохово-Привальская средняя школа
RU,Россия,Омск,general,Муравьевская средняя школа
RU,Россия,Омск,general,Муромцевская средняя школа
RU,Россия,Омск,general,Мысовская средняя школа
RU,Россия,Омск,general,Нагибинская средняя школа
RU,Россия,Омск,general,Надеждинская средняя школа
RU,Россия,Омск,general,Назаровская основная школа
RU,Россия,Омск,general,Налимовская средняя школа
RU,Россия,Омск,general,Начальная школа №35
RU,Россия,Омск,general,Неверовская школа
RU,Россия,Омск,general,Некрасовская средняя школа
RU,Россия,Омск,general,Немировская средняя школа
RU,Россия,Омск,general,Нижнеиртышская средняя школа
RU,Россия,Омск,general,Нижнеомская средняя школа №1
RU,Россия,Омск,general,Нижнеомская средняя школа №2
RU,Россия,Омск,general,Низовская средняя школа
RU,Россия,Омск,general,Николаевская средняя школа
RU,Россия,Омск,general,Николайпольская основная школа
RU,Россия,Омск,general,Никольская основная школа
RU,Россия,Омск,general,Новоархангельская средняя школа
RU,Россия,Омск,general,Новобелозеровская школа
RU,Россия,Омск,general,Нововаршавская гимназия
RU,Россия,Омск,general,Новоильиновская средняя школа
RU,Россия,Омск,general,Новокарасукская средняя школа
RU,Россия,Омск,general,Новокиевская средняя школа
RU,Россия,Омск,general,Новологиновская средняя школа
RU,Россия,Омск,general,Новоомская средняя школа
RU,Россия,Омск,general,Новопокровская средняя школа
RU,Россия,Омск,general,Новорождественская средняя школа
RU,Россия,Омск,general,Новороссийская основная школа
RU,Россия,Омск,general,Новосанжаровская средняя школа
RU,Россия,Омск,general,Новосветская средняя школа
RU,Россия,Омск,general,Новоселецкая школа
RU,Россия,Омск,general,Новосельская средняя школа
RU,Россия,Омск,general,Новотроицкая средняя школа
RU,Россия,Омск,general,Новоуйская средняя школа
RU,Россия,Омск,general,Новоуральская средняя школа
RU,Россия,Омск,general,Новоуральская школа №1
RU,Россия,Омск,general,Новоцарицынская средняя школа
RU,Россия,Омск,general,Новоягодинская средняя школа
RU,Россия,Омск,general,Областная спортивно-адаптивная школа
RU,Россия,Омск,general,Оглухинская средняя школа
RU,Россия,Омск,general,Одесская средняя школа №1
RU,Россия,Омск,general,Одесская средняя школа №2
RU,Россия,Омск,general,Оконешниковская средняя школа
RU,Россия,Омск,general,Октябрьская средняя школа
RU,Россия,Омск,general,Ольгинская средняя школа
RU,Россия,Омск,general,Омская средняя школа
RU,Россия,Омск,general,Ореховская средняя школа
RU,Россия,Омск,general,Орловская основная школа
RU,Россия,Омск,general,Орловская средняя школа
RU,Россия,Омск,general,Осокинская средняя школа
RU,Россия,Омск,general,Открытая школа №13
RU,Россия,Омск,general,Павлодаровская средняя школа
RU,Россия,Омск,general,Пановская средняя школа
RU,Россия,Омск,general,Пахомовская основная школа
RU,Россия,Омск,general,Пашенно-рощинская основная школа
RU,Россия,Омск,general,Первомайская средняя школа
RU,Россия,Омск,general,Первотаровская средняя школа
RU,Россия,Омск,general,Петровская средняя школа
RU,Россия,Омск,general,Петровская средняя школа № 1
RU,Россия,Омск,general,Петровская средняя школа №2
RU,Россия,Омск,general,Петропавловская средняя школа
RU,Россия,Омск,general,Пикетинская средняя школа
RU,Россия,Омск,general,Победительская средняя школа
RU,Россия,Омск,general,Победовская средняя школа
RU,Россия,Омск,general,Побочинская средняя школа
RU,Россия,Омск,general,Подбельская основная школа
RU,Россия,Омск,general,Покрово-Иртышская основная школа
RU,Россия,Омск,general,Покровская средняя школа
RU,Россия,Омск,general,Пологрудовская средняя школа
RU,Россия,Омск,general,Полтавская средняя школа №2
RU,Россия,Омск,general,Поповкинская основная школа
RU,Россия,Омск,general,Почекуевская средняя школа
RU,Россия,Омск,general,Преображеновская средняя школа
RU,Россия,Омск,general,Приваленская средняя школа
RU,Россия,Омск,general,Прииртышская школа
RU,Россия,Омск,general,Пристанская школа
RU,Россия,Омск,general,Пришибская средняя школа
RU,Россия,Омск,general,Путиловская средняя школа
RU,Россия,Омск,general,Путинцевская основная школа
RU,Россия,Омск,general,Пушкинская средняя школа
RU,Россия,Омск,general,Рагозинская средняя школа
RU,Россия,Омск,general,Репинская средняя школа
RU,Россия,Омск,general,Речная средняя школа
RU,Россия,Омск,general,Роднодолинская средняя школа
RU,Россия,Омск,general,Роза-Долинская основная школа
RU,Россия,Омск,general,Розентальская основная школа
RU,Россия,Омск,general,Розовская средняя школа
RU,Россия,Омск,general,Рощинская средняя школа
RU,Россия,Омск,general,Русановская основная школа
RU,Россия,Омск,general,Русская классическая школа
RU,Россия,Омск,general,Русскополянская средняя школа №2
RU,Россия,Омск,general,Русскополянская средняя школа №3
RU,Россия,Омск,general,Рыжковская средняя школа
RU,Россия,Омск,general,Саргатская основная школа
RU,Россия,Омск,general,Северная основная школа
RU,Россия,Омск,general,Северо-Любинская средняя школа
RU,Россия,Омск,general,Сегизбайская основная школа
RU,Россия,Омск,general,Седельниковская средняя школа №1
RU,Россия,Омск,general,Седельниковская средняя школа №2
RU,Россия,Омск,general,Селивановская основная школа
RU,Россия,Омск,general,Семёновская средняя школа
RU,Россия,Омск,general,Сергеевская средняя школа
RU,Россия,Омск,general,Серебропольская средняя школа
RU,Россия,Омск,general,Серебрянская средняя школа
RU,Россия,Омск,general,Сибирская средняя школа
RU,Россия,Омск,general,Сибирская средняя школа №1
RU,Россия,Омск,general,Сибирская средняя школа №2
RU,Россия,Омск,general,Ситниковская средняя школа
RU,Россия,Омск,general,Скородумская средняя школа
RU,Россия,Омск,general,Славянская средняя школа
RU,Россия,Омск,general,Славянская школа в честь святых равноапостольных Кирилла и Мефодия
RU,Россия,Омск,general,Слободская основная школа
RU,Россия,Омск,general,Слободчиковская основная школа
RU,Россия,Омск,general,Смирновская средняя школа
RU,Россия,Омск,general,Солдатская средняя школа
RU,Россия,Омск,general,Солнцевская средняя школа
RU,Россия,Омск,general,Соловецкая средняя школа
RU,Россия,Омск,general,Соловьевская средняя школа
RU,Россия,Омск,general,Солянская средняя школа
RU,Россия,Омск,general,Сорочинская средняя школа
RU,Россия,Омск,general,Сосновская средняя школа
RU,Россия,Омск,general,Сосновская школа
RU,Россия,Омск,general,Средняя общеобразовательная школа № 11
RU,Россия,Омск,general,Средняя общеобразовательная школа № 129
RU,Россия,Омск,general,Средняя общеобразовательная школа № 133
RU,Россия,Омск,general,Средняя общеобразовательная школа № 160
RU,Россия,Омск,general,Средняя общеобразовательная школа № 17
RU,Россия,Омск,general,Средняя общеобразовательная школа № 21
RU,Россия,Омск,general,Средняя общеобразовательная школа № 24
RU,Россия,Омск,general,Средняя общеобразовательная школа № 53
RU,Россия,Омск,general,Средняя общеобразовательная школа № 82
RU,Россия,Омск,general,Средняя общеобразовательная школа № 96
RU,Россия,Омск,general,Средняя общеобразовательная школа № 97 имени Л.Г. Полищук
RU,Россия,Омск,general,Средняя общеобразовательная школа №116
RU,Россия,Омск,general,Средняя школа №1
RU,Россия,Омск,general,Средняя школа №10
RU,Россия,Омск,general,Средняя школа №100
RU,Россия,Омск,general,Средняя школа №101
RU,Россия,Омск,general,Средняя школа №103
RU,Россия,Омск,general,Средняя школа №104
RU,Россия,Омск,general,Средняя школа №105
RU,Россия,Омск,general,Средняя школа №106
RU,Россия,Омск,general,Средняя школа №107
RU,Россия,Омск,general,Средняя школа №108
RU,Россия,Омск,general,Средняя школа №109
RU,Россия,Омск,general,Средняя школа №110
RU,Россия,Омск,general,Средняя школа №111
RU,Россия,Омск,general,Средняя школа №112
RU,Россия,Омск,general,Средняя школа №113
RU,Россия,Омск,general,Средняя школа №114
RU,Россия,Омск,general,Средняя школа №119
RU,Россия,Омск,general,Средняя школа №120
RU,Россия,Омск,general,Средняя школа №122
RU,Россия,Омск,general,Средняя школа №124
RU,Россия,Омск,general,Средняя школа №126
RU,Россия,Омск,general,Средняя школа №127
RU,Россия,Омск,general,Средняя школа №13
RU,Россия,Омск,general,Средняя школа №130
RU,Россия,Омск,general,Средняя школа №131
RU,Россия,Омск,general,Средняя школа №132
RU,Россия,Омск,general,Средняя школа №134
RU,Россия,Омск,general,Средняя школа №135
RU,Россия,Омск,general,Средняя школа №138
RU,Россия,Омск,general,Средняя школа №14
RU,Россия,Омск,general,Средняя школа №141
RU,Россия,Омск,general,Средняя школа №142
RU,Россия,Омск,general,Средняя школа №144
RU,Россия,Омск,general,Средняя школа №148
RU,Россия,Омск,general,Средняя школа №15
RU,Россия,Омск,general,Средняя школа №151
RU,Россия,Омск,general,Средняя школа №152
RU,Россия,Омск,general,Средняя школа №16
RU,Россия,Омск,general,Средняя школа №161
RU,Россия,Омск,general,Средняя школа №162
RU,Россия,Омск,general,Средняя школа №18
RU,Россия,Омск,general,Средняя школа №2
RU,Россия,Омск,general,Средняя школа №23
RU,Россия,Омск,general,Средняя школа №27
RU,Россия,Омск,general,Средняя школа №28
RU,Россия,Омск,general,Средняя школа №3
RU,Россия,Омск,general,Средняя школа №30
RU,Россия,Омск,general,Средняя школа №31
RU,Россия,Омск,general,Средняя школа №32
RU,Россия,Омск,general,Средняя школа №33
RU,Россия,Омск,general,Средняя школа №34
RU,Россия,Омск,general,Средняя школа №36
RU,Россия,Омск,general,Средняя школа №37
RU,Россия,Омск,general,Средняя школа №38
RU,Россия,Омск,general,Средняя школа №39
RU,Россия,Омск,general,Средняя школа №4
RU,Россия,Омск,general,Средняя школа №40
RU,Россия,Омск,general,Средняя школа №41
RU,Россия,Омск,general,Средняя школа №42
RU,Россия,Омск,general,Средняя школа №44
RU,Россия,Омск,general,Средняя школа №45
RU,Россия,Омск,general,Средняя школа №46
RU,Россия,Омск,general,Средняя школа №47
RU,Россия,Омск,general,Средняя школа №48
RU,Россия,Омск,general,Средняя школа №49
RU,Россия,Омск,general,Средняя школа №5
RU,Россия,Омск,general,Средняя школа №50
RU,Россия,Омск,general,Средняя школа №51
RU,Россия,Омск,general,Средняя школа №55
RU,Россия,Омск,general,Средняя школа №56
RU,Россия,Омск,general,Средняя школа №58
RU,Россия,Омск,general,Средняя школа №59
RU,Россия,Омск,general,Средняя школа №6
RU,Россия,Омск,general,Средняя школа №60
RU,Россия,Омск,general,Средняя школа №61
RU,Россия,Омск,general,Средняя школа №63
RU,Россия,Омск,general,Средняя школа №65
RU,Россия,Омск,general,Средняя школа №67
RU,Россия,Омск,general,Средняя школа №68
RU,Россия,Омск,general,Средняя школа №7
RU,Россия,Омск,general,Средняя школа №70
RU,Россия,Омск,general,Средняя школа №71
RU,Россия,Омск,general,Средняя школа №72
RU,Россия,Омск,general,Средняя школа №73
RU,Россия,Омск,general,Средняя школа №77
RU,Россия,Омск,general,Средняя школа №78
RU,Россия,Омск,general,Средняя школа №79
RU,Россия,Омск,general,Средняя школа №8
RU,Россия,Омск,general,Средняя школа №80
RU,Россия,Омск,general,Средняя школа №81
RU,Россия,Омск,general,Средняя школа №83
RU,Россия,Омск,general,Средняя школа №86
RU,Россия,Омск,general,Средняя школа №87
RU,Россия,Омск,general,Средняя школа №89
RU,Россия,Омск,general,Средняя школа №90
RU,Россия,Омск,general,Средняя школа №91
RU,Россия,Омск,general,Средняя школа №93
RU,Россия,Омск,general,Средняя школа №94
RU,Россия,Омск,general,Средняя школа №95
RU,Россия,Омск,general,Средняя школа №97
RU,Россия,Омск,general,Средняя школа №98
RU,Россия,Омск,general,Средняя школа №99
RU,Россия,Омск,general,Старинская средняя школа
RU,Россия,Омск,general,Стародубская основная школа
RU,Россия,Омск,general,Старокарасукская средняя школа
RU,Россия,Омск,general,Степнинская средняя школа
RU,Россия,Омск,general,Стрелинская школа
RU,Россия,Омск,general,Строкинская средняя школа
RU,Россия,Омск,general,Суховская средняя школа
RU,Россия,Омск,general,Сыропятская средняя школа
RU,Россия,Омск,general,Тавинская основная школа
RU,Россия,Омск,general,Тавричанская средняя школа
RU,Россия,Омск,general,Таврическая школа
RU,Россия,Омск,general,Тайчинская средняя школа
RU,Россия,Омск,general,Такмыкская средняя школа
RU,Россия,Омск,general,Талбакульская средняя школа
RU,Россия,Омск,general,Таскатлинская основная школа
RU,Россия,Омск,general,Татарская средняя школа
RU,Россия,Омск,general,Татьяновская школа
RU,Россия,Омск,general,Ташетканская основная общеобразовательная школа
RU,Россия,Омск,general,Тевризская вечерняя школа
RU,Россия,Омск,general,Тевризская средняя школа №1
RU,Россия,Омск,general,Тевризская средняя школа №2
RU,Россия,Омск,general,Тихвинская средняя школа
RU,Россия,Омск,general,Толоконцевская средняя школа
RU,Россия,Омск,general,Томарская средняя школа
RU,Россия,Омск,general,Троицкая средняя школа
RU,Россия,Омск,general,Трубецкая средняя школа
RU,Россия,Омск,general,Тумановская средняя школа
RU,Россия,Омск,general,Увало-Ядринская средняя школа
RU,Россия,Омск,general,Увалобитиинская средняя школа
RU,Россия,Омск,general,Ударновская средняя школа
RU,Россия,Омск,general,Украинская средняя школа
RU,Россия,Омск,general,Уленкульская средняя школа
RU,Россия,Омск,general,Ульяновская средняя школа
RU,Россия,Омск,general,Унарская основная школа
RU,Россия,Омск,general,Уралинская основная школа
RU,Россия,Омск,general,Усовская основная школа
RU,Россия,Омск,general,Усть-Заостровская средняя школа
RU,Россия,Омск,general,Усть-Тарская основная школа
RU,Россия,Омск,general,Усть-Шишевская средняя школа
RU,Россия,Омск,general,Утинская средняя школа
RU,Россия,Омск,general,Утузская основная школа
RU,Россия,Омск,general,Утьминская средняя школа
RU,Россия,Омск,general,Уютнинская основная школа
RU,Россия,Омск,general,Фоминская средняя школа
RU,Россия,Омск,general,Харинская основная школа
RU,Россия,Омск,general,Харламовская школа
RU,Россия,Омск,general,Хлебодаровская средняя школа
RU,Россия,Омск,general,Хомутинская средняя школа
RU,Россия,Омск,general,Хорошковская средняя школа
RU,Россия,Омск,general,Хортицкая средняя школа
RU,Россия,Омск,general,Хохловская средняя школа
RU,Россия,Омск,general,Царицынская основная школа
RU,Россия,Омск,general,Цветнопольская средняя школа
RU,Россия,Омск,general,Цветочинская средняя школа
RU,Россия,Омск,general,Целинная средняя школа
RU,Россия,Омск,general,Центрально-Любинская средняя школа
RU,Россия,Омск,general,Чапаевская средняя школа
RU,Россия,Омск,general,Чебаклинская средняя школа
RU,Россия,Омск,general,Чекрушанская средняя школа
RU,Россия,Омск,general,Чередовская средняя школа
RU,Россия,Омск,general,Черемновская средняя школа
RU,Россия,Омск,general,Черлакская средняя школа
RU,Россия,Омск,general,Черлакская средняя школа №1
RU,Россия,Омск,general,Черлакская средняя школа №2
RU,Россия,Омск,general,Чернолученская средняя школа
RU,Россия,Омск,general,Черняевская основная школа
RU,Россия,Омск,general,Чистовская средняя школа
RU,Россия,Омск,general,Чучкинская основная школа
RU,Россия,Омск,general,Шараповская средняя школа
RU,Россия,Омск,general,Шевченковская средняя школа
RU,Россия,Омск,general,Шербакульская средняя школа №1
RU,Россия,Омск,general,Шипицынская средняя школа
RU,Россия,Омск,general,Шипуновская средняя школа
RU,Россия,Омск,general,Шуховская средняя школа
RU,Россия,Омск,general,Элитовская средняя школа
RU,Россия,Омск,general,Южная средняя школа
RU,Россия,Омск,general,Южно-подольская средняя школа
RU,Россия,Омск,general,Юрьевская средняя школа
RU,Россия,Омск,general,Явлено-Покровская основная школа
RU,Россия,Омск,general,Яготовская начальная школа
RU,Россия,Омск,general,Яманская средняя школа
RU,Россия,Омск,general,Ярковская основная школа
RU,Россия,Омск,private,Созвездие частная школа
RU,Россия,Омск,university,Омская гуманитарная академия
RU,Россия,Омск,university,Омский государственный аграрный университет имени П.А.Столыпина
RU,Россия,Омск,university,Омский государственный медицинский университет
RU,Россия,Омск,university,Омский государственный педагогический университет
RU,Россия,Омск,university,Омский государственный технический университет
RU,Россия,Омск,university,Омский государственный университет им. Ф.М. Достоевского
RU,Россия,Омск,university,Омский государственный университет путей сообщения
RU,Россия,Омск,university,Омский институт водного транспорта - филиал
RU,Россия,Омск,university,Омский филиал
RU,Россия,Омск,university,Омский филиал — Московский финансово-промышленный университет
RU,Россия,Омск,university,Сибирский государственный автомобильно-дорожный университет (СибАДИ)
RU,Россия,Омск,university,Сибирский государственный университет физической культуры и спорта
RU,Россия,Омск,university,Сибирский институт бизнеса и информационных технологий
RU,Россия,Омск,university,Сибирский казачий институт технологий и управления (филиал) Московского государственного университета технологий и управления имени К.Г. Разумовского
RU,Россия,Омск,university,Сибирский юридический университет
RU,Россия,Оренбург,boarding,Специальная (коррекционная) общеобразовательная школа-интернат №3
RU,Россия,Оренбург,boarding,Специальная (коррекционная) школа-интернат №1
RU,Россия,Оренбург,boarding,Специальная (коррекционная) школа-интернат №5 г. Оренбурга
RU,Россия,Оренбург,boarding,Специальная общеобразовательная школа-интернат №2
RU,Россия,Оренбург,college,АПТ Акбулакский политехнический техникум
RU,Россия,Оренбург,college,АСХТ ОГАУ Адамовский сельскохозяйственный техникум филиал Оренбургский государственный аграрный унив
RU,Россия,Оренбург,college,АТ филиал в с. Плешаново Аграрный техникум филиал в с. Плешаново
RU,Россия,Оренбург,college,ГТТ Гуманитарно-технический техникум
RU,Россия,Оренбург,college,ИЗТ филиал Оренбургский ГАУ Илекский зоотехнический техникум филиал Оренбургский государственный аграрный университет
RU,Россия,Оренбург,college,Колледж ОГИИ им. Л. и М. Ростроповичей Музыкальный колледж Оренбургского государственного института искусств им. Л. и М. Ростропо
RU,Россия,Оренбург,college,НГРТ пос. Саракташ Нефтегазоразведочный техникум пос. Саракташ
RU,Россия,Оренбург,college,Нефтегазоразведочный техникум Нефтегазоразведочный техникум г. Оренбурга
RU,Россия,Оренбург,college,ОАК Оренбургский аграрный колледж
RU,Россия,Оренбург,college,ОАК филиал в с. Кичкасс Оренбургский аграрный колледж с. Кичкасс
RU,Россия,Оренбург,college,ОАК филиал с. Покровка Оренбургский аграрный колледж с. Покровка Новосергиевского района
RU,Россия,Оренбург,college,ОАТК им. В.Н. Бевзюка Оренбургский автотранспортный колледж имени заслуженного учителя Российской Федерации В.Н
RU,Россия,Оренбург,college,ОГК Оренбургский государственный колледж
RU,Россия,Оренбург,college,ОГЭКИ Оренбургский государственный экономический колледж-интернат
RU,Россия,Оренбург,college,ОКЭИ Оренбургский колледж экономики и информатики
RU,Россия,Оренбург,college,ООМК Оренбургский областной медицинский колледж
RU,Россия,Оренбург,college,ООХК Оренбургский областной художественный колледж
RU,Россия,Оренбург,college,"Оренбургский институт (филиал) Университета имени О.Е. Кутафина (МГЮА) Оренбургский институт (филиал) ""Московский государственный юридический университет имени О"
RU,Россия,Оренбург,college,ОУФТ Оренбургский учетно-финансовый техникум
RU,Россия,Оренбург,college,ПК им Н.К. Калугина Педагогический колледж имени Н.К. Калугина
RU,Россия,Оренбург,college,ТПТ Ташлинский политехнический техникум
RU,Россия,Оренбург,college,УК ОГУ Университетский колледж Оренбургского государственного университета
RU,Россия,Оренбург,college,УКОГУ Колледж Оренбургского государственного университета
RU,Россия,Оренбург,college,Частный БЭК филиал г. Оренбург Башкирский экономико-юридический колледж филиал г. Оренбург
RU,Россия,Оренбург,college,"Частный КДАЭиФ Колледж делового администрирования, экономики и финансов"
RU,Россия,Оренбург,college,Частный ОКСиТ Оренбургский колледж сервиса и технологий
RU,Россия,Оренбург,college,ШТТ с. Октябрьское Шарлыкский технический техникум с. Октябрьское
RU,Россия,Оренбург,college,ШТТ филиал в п. Тюльпан Шарлыкский технический техникум п. Тюльган
RU,Россия,Оренбург,college,ШТТ Шарлыкский технический техникум
RU,Россия,Оренбург,general,Бердянская средняя школа
RU,Россия,Оренбург,general,Благословенская средняя школа
RU,Россия,Оренбург,general,Боевогорская средняя школа
RU,Россия,Оренбург,general,Гимназия № 1
RU,Россия,Оренбург,general,Гимназия № 2
RU,Россия,Оренбург,general,Гимназия №7
RU,Россия,Оренбург,general,Губернаторский многопрофильный лицей-интернат для одаренных детей Оренбуржья
RU,Россия,Оренбург,general,Дошкольное отделение
RU,Россия,Оренбург,general,Дружбинская средняя школа
RU,Россия,Оренбург,general,Зауральная средняя школа
RU,Россия,Оренбург,general,Ивановская средняя школа
RU,Россия,Оренбург,general,Коррекционная школа №13
RU,Россия,Оренбург,general,Коррекционная школа №20
RU,Россия,Оренбург,general,Красномаякская средняя школа
RU,Россия,Оренбург,general,Красноуральская средняя школа
RU,Россия,Оренбург,general,Ленинская средняя школа
RU,Россия,Оренбург,general,Лицей № 7
RU,Россия,Оренбург,general,Михайловская средняя школа
RU,Россия,Оренбург,general,Начальная школа №33
RU,Россия,Оренбург,general,Основная школа №14
RU,Россия,Оренбург,general,Основная школа №3
RU,Россия,Оренбург,general,Основная школа №55
RU,Россия,Оренбург,general,Основная школа №58
RU,Россия,Оренбург,general,Первомайская средняя школа
RU,Россия,Оренбург,general,Перовская средняя школа
RU,Россия,Оренбург,general,Подгороднепокровская средняя школа
RU,Россия,Оренбург,general,Пригородная средняя школа №1
RU,Россия,Оренбург,general,Санаторная школа-интернат № 4
RU,Россия,Оренбург,general,Соловьёвская средняя школа
RU,Россия,Оренбург,general,Специальная (коррекционная) школа-интернат № 2
RU,Россия,Оренбург,general,Специальная (коррекционная) школа – интернат № 5
RU,Россия,Оренбург,general,Специальная (коррекционная) школа № 13
RU,Россия,Оренбург,general,Специальная (коррекционная) школа № 20
RU,Россия,Оренбург,general,Средняя общеобразовательная школа № 24
RU,Россия,Оренбург,general,Средняя общеобразовательная школа № 31
RU,Россия,Оренбург,general,Средняя общеобразовательная школа № 32 имени Героя Советского Союза С.Т. Вагина
RU,Россия,Оренбург,general,Средняя общеобразовательная школа № 41
RU,Россия,Оренбург,general,Средняя общеобразовательная школа № 46
RU,Россия,Оренбург,general,Средняя общеобразовательная школа № 47
RU,Россия,Оренбург,general,Средняя общеобразовательная школа № 54
RU,Россия,Оренбург,general,Средняя общеобразовательная школа № 67
RU,Россия,Оренбург,general,Средняя общеобразовательная школа № 69
RU,Россия,Оренбург,general,Средняя общеобразовательная школа № 86
RU,Россия,Оренбург,general,Средняя общеобразовательная школа №57
RU,Россия,Оренбург,general,Средняя школа №1
RU,Россия,Оренбург,general,Средняя школа №10
RU,Россия,Оренбург,general,Средняя школа №11
RU,Россия,Оренбург,general,Средняя школа №15
RU,Россия,Оренбург,general,Средняя школа №16
RU,Россия,Оренбург,general,Средняя школа №17
RU,Россия,Оренбург,general,Средняя школа №18
RU,Россия,Оренбург,general,Средняя школа №19
RU,Россия,Оренбург,general,Средняя школа №2
RU,Россия,Оренбург,general,Средняя школа №21
RU,Россия,Оренбург,general,Средняя школа №23
RU,Россия,Оренбург,general,Средняя школа №3
RU,Россия,Оренбург,general,Средняя школа №32
RU,Россия,Оренбург,general,Средняя школа №34
RU,Россия,Оренбург,general,Средняя школа №35
RU,Россия,Оренбург,general,Средняя школа №37
RU,Россия,Оренбург,general,Средняя школа №38
RU,Россия,Оренбург,general,Средняя школа №39
RU,Россия,Оренбург,general,Средняя школа №4
RU,Россия,Оренбург,general,Средняя школа №40
RU,Россия,Оренбург,general,Средняя школа №48
RU,Россия,Оренбург,general,Средняя школа №49
RU,Россия,Оренбург,general,Средняя школа №5
RU,Россия,Оренбург,general,Средняя школа №51
RU,Россия,Оренбург,general,Средняя школа №52
RU,Россия,Оренбург,general,Средняя школа №53
RU,Россия,Оренбург,general,Средняя школа №56
RU,Россия,Оренбург,general,Средняя школа №6
RU,Россия,Оренбург,general,Средняя школа №60
RU,Россия,Оренбург,general,Средняя школа №61
RU,Россия,Оренбург,general,Средняя школа №62
RU,Россия,Оренбург,general,Средняя школа №63
RU,Россия,Оренбург,general,Средняя школа №64
RU,Россия,Оренбург,general,Средняя школа №65
RU,Россия,Оренбург,general,Средняя школа №68
RU,Россия,Оренбург,general,Средняя школа №70
RU,Россия,Оренбург,general,Средняя школа №71
RU,Россия,Оренбург,general,Средняя школа №72
RU,Россия,Оренбург,general,Средняя школа №76
RU,Россия,Оренбург,general,Средняя школа №78
RU,Россия,Оренбург,general,Средняя школа №79
RU,Россия,Оренбург,general,Средняя школа №8
RU,Россия,Оренбург,general,Средняя школа №80
RU,Россия,Оренбург,general,Средняя школа №85
RU,Россия,Оренбург,general,Средняя школа №87
RU,Россия,Оренбург,general,Средняя школа №88
RU,Россия,Оренбург,general,Средняя школа №89
RU,Россия,Оренбург,general,Средняя школа №91
RU,Россия,Оренбург,general,Средняя школа №93
RU,Россия,Оренбург,general,Степановская средняя школа
RU,Россия,Оренбург,general,Чкаловская средняя школа
RU,Россия,Оренбург,general,Шахтная средняя школа
RU,Россия,Оренбург,general,Южноуральская средняя школа
RU,Россия,Оренбург,university,Оренбургский государственный аграрный университет
RU,Россия,Оренбург,university,Оренбургский государственный институт искусств им. Л. и М. Ростроповичей
RU,Россия,Оренбург,university,Оренбургский государственный медицинский университет
RU,Россия,Оренбург,university,Оренбургский государственный университет
RU,Россия,Оренбург,university,Оренбургский институт путей сообщения - филиал
RU,Россия,Оренбург,university,Оренбургский институт (филиал)
RU,Россия,Оренбург,university,Оренбургский филиал
RU,Россия,Оренбург,university,Оренбургский филиал — Академия труда и социальных отношений
RU,Россия,Оренбург,university,Оренбургский филиал — Российский экономический университет
RU,Россия,Оренбург,university,Российский государственный университет нефти и газа (национальный исследовательский университет) имени И.М. Губкина — филиал в г. Оренбург
RU,Россия,Орехово-Зуево,college,МОМК № 3 им. З. Самсоновой Московский областной медицинский колледж № 3 имени Героя Советского Союза З. Самсоновой
RU,Россия,Орехово-Зуево,college,ОЗЖТ им. В.И.Бондаренко Орехово-Зуевский железнодорожный техникум имени В.И. Бондаренко
RU,Россия,Орехово-Зуево,college,Частный Колледж Академия ТОП Орехово-Зуево Филиал колледжа «Академия ТОП Орехово-Зуево»
RU,Россия,Орехово-Зуево,general,Средняя школа №1
RU,Россия,Орехово-Зуево,general,Средняя школа №10
RU,Россия,Орехово-Зуево,general,Средняя школа №11
RU,Россия,Орехово-Зуево,general,Средняя школа №16
RU,Россия,Орехово-Зуево,general,Средняя школа №17
RU,Россия,Орехово-Зуево,general,Средняя школа №20
RU,Россия,Орехово-Зуево,general,Средняя школа №22
RU,Россия,Орехово-Зуево,general,Средняя школа №26
RU,Россия,Орехово-Зуево,general,Средняя школа №4
RU,Россия,Орехово-Зуево,general,Средняя школа №6
RU,Россия,Орехово-Зуево,general,Школа №5
RU,Россия,Орск,boarding,Специальная коррекционная общеобразовательная школа-интернат №68
RU,Россия,Орск,college,Гайский филиал «ООМК» Гайский филиал «Оренбургский областной медицинский колледж»
RU,Россия,Орск,college,ГТТ г. Ясный Горно-технологический техникум г. Ясный
RU,Россия,Орск,college,ОИК Орский индустриальный колледж
RU,Россия,Орск,college,ОНТ им. В.А. Сорокина Орский нефтяной техникум им. Героя Советского Союза В.А. Сорокина
RU,Россия,Орск,college,Орский филиал ГАПОУ «ООМК» Орский филиал «Оренбургский областной медицинский колледж»
RU,Россия,Орск,college,ОТТ им. А.И. Стеценко Орский технический техникум имени А.И. Стеценко
RU,Россия,Орск,college,ОТТ им. А.И. Стеценко п. Новоорск Орский технический техникум имени А.И. Стеценко п. Новоорск
RU,Россия,Орск,college,ОТТ им. А.И. Стеценко филиал в п. Энергетик Орский технический техникум имени А.И. Стеценко филиал п.Энергетик
RU,Россия,Орск,college,ТТ им. С. А. Солнечникова Техникум транспорта г. Орска имени Героя России С.А. Солнечникова
RU,Россия,Орск,college,ТТТ г. Орска Торгово-технологический техникум г. Орска
RU,Россия,Орск,general,Вечерняя школа №18
RU,Россия,Орск,general,Коррекционная школа №10
RU,Россия,Орск,general,Основная школа №22
RU,Россия,Орск,general,Основная школа №26
RU,Россия,Орск,general,Основная школа №40
RU,Россия,Орск,general,Основная школа №41
RU,Россия,Орск,general,Основная школа №63
RU,Россия,Орск,general,Средняя общеобразовательная школа №39 г. Орска им. Дербисалы Беркимбаева
RU,Россия,Орск,general,Средняя школа №1
RU,Россия,Орск,general,Средняя школа №11
RU,Россия,Орск,general,Средняя школа №13
RU,Россия,Орск,general,Средняя школа №15
RU,Россия,Орск,general,Средняя школа №17
RU,Россия,Орск,general,Средняя школа №2
RU,Россия,Орск,general,Средняя школа №20
RU,Россия,Орск,general,Средняя школа №23
RU,Россия,Орск,general,Средняя школа №24
RU,Россия,Орск,general,Средняя школа №25
RU,Россия,Орск,general,Средняя школа №27
RU,Россия,Орск,general,Средняя школа №28
RU,Россия,Орск,general,Средняя школа №29
RU,Россия,Орск,general,Средняя школа №31
RU,Россия,Орск,general,Средняя школа №32
RU,Россия,Орск,general,Средняя школа №35
RU,Россия,Орск,general,Средняя школа №37
RU,Россия,Орск,general,Средняя школа №38
RU,Россия,Орск,general,Средняя школа №4
RU,Россия,Орск,general,Средняя школа №43
RU,Россия,Орск,general,Средняя школа №49
RU,Россия,Орск,general,Средняя школа №5
RU,Россия,Орск,general,Средняя школа №50
RU,Россия,Орск,general,Средняя школа №51
RU,Россия,Орск,general,Средняя школа №52
RU,Россия,Орск,general,Средняя школа №53
RU,Россия,Орск,general,Средняя школа №54
RU,Россия,Орск,general,Средняя школа №6
RU,Россия,Орск,general,Средняя школа №8
RU,Россия,Орск,general,Средняя школа №88
RU,Россия,Орёл,college,Орел ГСХТ Глазуновский сельскохозяйственный техникум
RU,Россия,Орёл,college,Орел КОГУ Колледж Орловский государственный университет им. И.С. Тургенева
RU,Россия,Орёл,college,Орел Колледж Среднерусского института управления - филиал РАНХиГС Колледж Среднерусского института управления - филиал Российской академии народного хозяйст
RU,Россия,Орёл,college,Орел МК Орловский ГАУ им. Н.В. Парахина Многопрофильный колледж Орловский государственный аграрный университет им. Н.В. Парахина
RU,Россия,Орёл,college,Орел МПК Мезенский педагогический колледж
RU,Россия,Орёл,college,Орел ОАТ Орловский автодорожный техникум
RU,Россия,Орёл,college,Орел ОБМК Орловский базовый медицинский колледж
RU,Россия,Орёл,college,Орел ОМК Орловский музыкальный колледж
RU,Россия,Орёл,college,Орел ОРСТ Орловский реставрационно-строительный техникум
RU,Россия,Орёл,college,Орел ОТАиТ Орловский техникум агротехнологий и транспорта
RU,Россия,Орёл,college,Орел ОТАиТ филиал в пгт. Кромы Орловский техникум агротехнологий и транспорта филиал в пгт. Кромы
RU,Россия,Орёл,college,Орел ОТПС им. В.А. Лапочкина Орловский техникум путей сообщения имени В.А. Лапочкина
RU,Россия,Орёл,college,Орел ОТТ Орловский технологический техникум
RU,Россия,Орёл,college,Орел ОТТиП им. В.А. Русанова Орловский техникум технологии и предпринимательства им. В.А. Русанова
RU,Россия,Орёл,college,Орел ОХУ им. Г.Г. Мясоедова Орловское художественное училище им. Г.Г. Мясоедова
RU,Россия,Орёл,college,Орел ПТ Покровский техникум
RU,Россия,Орёл,college,Орел УОР Училище олимпийского резерва г. Орел
RU,Россия,Орёл,college,Орел Частный Колледж Академия ТОП Орел Филиал колледжа «Академия ТОП Орел»
RU,Россия,Орёл,college,Орловский филиал ПГУПС Орловский филиал ПГУПС
RU,Россия,Орёл,general,Ермолаевская основная общеобразовательная школа
RU,Россия,Орёл,general,Жилинская средняя общеобразовательная школа
RU,Россия,Орёл,general,Звягинская средняя общеобразовательная школа
RU,Россия,Орёл,general,Знаменская средняя общеобразовательная школа
RU,Россия,Орёл,general,МБОУ - Лицей № 22 Г. ОРЛА
RU,Россия,Орёл,general,МБОУ - Лицей № 4 Г. ОРЛА
RU,Россия,Орёл,general,МБОУ - СОШ № 29 Г. ОРЛА
RU,Россия,Орёл,general,МБОУ -СОШ № 6 Г.орла
RU,Россия,Орёл,general,МБОУ - Школа № 36 Города ОРЛА
RU,Россия,Орёл,general,МБОУ - Школа № 5 Г. ОРЛА
RU,Россия,Орёл,general,МБОУ - Школа № 52 Г.орла
RU,Россия,Орёл,general,Михайловская средняя общеобразовательная школа
RU,Россия,Орёл,general,Моховицкая средняя общеобразовательная школа
RU,Россия,Орёл,general,Муниципальная Бюджетная Гимназия № 39 Г. ОРЛА
RU,Россия,Орёл,general,Муниципальная Бюджетная Средняя Общеобразовательная Школа № 10 Г. ОРЛА
RU,Россия,Орёл,general,Муниципальная Бюджетная Средняя Общеобразовательная Школа № 12 Г.орла
RU,Россия,Орёл,general,Муниципальная Бюджетная Средняя Общеобразовательная Школа № 15 Г. ОРЛА
RU,Россия,Орёл,general,Муниципальная Бюджетная Средняя Общеобразовательная Школа № 17 Г. ОРЛА
RU,Россия,Орёл,general,Муниципальная Бюджетная Средняя Общеобразовательная Школа № 25 Г. ОРЛА
RU,Россия,Орёл,general,Муниципальная Бюджетная Средняя Общеобразовательная Школа № 27 Г. ОРЛА
RU,Россия,Орёл,general,Муниципальная Бюджетная Средняя Общеобразовательная Школа № 50
RU,Россия,Орёл,general,Муниципальная бюджетная средняя общеобразовательная школа №10
RU,Россия,Орёл,general,Муниципальная Средняя Общеобразовательная Школа № 7
RU,Россия,Орёл,general,Муниципальный Бюджетный Лицей № 32 Г. ОРЛА
RU,Россия,Орёл,general,Муниципальный Бюджетный Общеобразовательный Лицей № 18 Г. ОРЛА
RU,Россия,Орёл,general,Образцовская средняя общеобразовательная школа
RU,Россия,Орёл,general,Овсянниковская средняя общеобразовательная школа
RU,Россия,Орёл,general,Оптушанская средняя общеобразовательная школа
RU,Россия,Орёл,general,Орловская общеобразовательная школа для обучающихся с ограниченными возможностями здоровья
RU,Россия,Орёл,general,Орловский лицей-интернат
RU,Россия,Орёл,general,Паньковская основная общеобразовательная школа с дошкольным отделением
RU,Россия,Орёл,general,Средняя общеобразовательная школа им. П.В.Киреевского
RU,Россия,Орёл,general,Средняя общеобразовательная школа №11 им. Г.М. Пясецкого
RU,Россия,Орёл,general,Средняя общеобразовательная школа №12 им. Героя Советского Союза И.Н. Машкарина
RU,Россия,Орёл,general,Средняя общеобразовательная школа №13 им. Героя Советского Союза А.П. Маресьева
RU,Россия,Орёл,general,Средняя общеобразовательная школа №15 им. М.В. Гордеева
RU,Россия,Орёл,general,Средняя общеобразовательная школа №17 с углубленным изучением французского языка им. 6-ой Орловско-Хинганской стрелковой дивизии
RU,Россия,Орёл,general,Средняя общеобразовательная школа №2
RU,Россия,Орёл,general,Средняя общеобразовательная школа №20 им. Героя Советского Союза Л.Н. Гуртьева
RU,Россия,Орёл,general,Средняя общеобразовательная школа №24 с углубленным изучением отдельных предметов гуманитарного профиля им. И.С. Тургенева
RU,Россия,Орёл,general,Средняя общеобразовательная школа №25
RU,Россия,Орёл,general,Средняя общеобразовательная школа №26
RU,Россия,Орёл,general,Средняя общеобразовательная школа №27 им. Н.С. Лескова с углубленным изучением английского языка
RU,Россия,Орёл,general,Средняя общеобразовательная школа №29 им. Д.Н. Мельникова
RU,Россия,Орёл,general,Средняя общеобразовательная школа №3 им. А.С. Пушкина
RU,Россия,Орёл,general,Средняя общеобразовательная школа №30
RU,Россия,Орёл,general,Средняя общеобразовательная школа №31
RU,Россия,Орёл,general,Средняя общеобразовательная школа №33
RU,Россия,Орёл,general,Средняя общеобразовательная школа №36
RU,Россия,Орёл,general,Средняя общеобразовательная школа №37 им. дважды Героя Советского Союза маршала М.Е. Катукова
RU,Россия,Орёл,general,Средняя общеобразовательная школа №38 с углубленным изучением предметов эстетического профиля
RU,Россия,Орёл,general,Средняя общеобразовательная школа №45 им. Д.И. Блынского
RU,Россия,Орёл,general,Средняя общеобразовательная школа №46
RU,Россия,Орёл,general,Средняя общеобразовательная школа №49
RU,Россия,Орёл,general,Средняя общеобразовательная школа №5
RU,Россия,Орёл,general,Средняя общеобразовательная школа №6
RU,Россия,Орёл,general,Стрелецкая средняя общеобразовательная школа
RU,Россия,Орёл,general,Школа № 35 им А.Г. Перелыгина
RU,Россия,Орёл,general,Школа № 53
RU,Россия,Орёл,general,Школа №51
RU,Россия,Орёл,general,Школа №52
RU,Россия,Орёл,university,Воронежский экономико-правовой институт — филиал в г. Орел
RU,Россия,Орёл,university,Орловский государственный аграрный университет имени Н.В. Парахина
RU,Россия,Орёл,university,Орловский государственный институт культуры
RU,Россия,Орёл,university,Орловский государственный университет имени И.С. Тургенева
RU,Россия,Орёл,university,Орловский филиал
RU,Россия,Орёл,university,Среднерусский институт управления - филиал
RU,Россия,Павловский Посад,boarding,Школа-интернат
RU,Россия,Павловский Посад,college,ППТ Павлово-Посадский техникум
RU,Россия,Павловский Посад,college,Частный Колледж Академия ТОП Павловский Посад Филиал колледжа «Академия ТОП Павловский Посад»
RU,Россия,Павловский Посад,general,Дошкольное отделение
RU,Россия,Павловский Посад,general,Лицей №1
RU,Россия,Павловский Посад,general,Средняя школа №10
RU,Россия,Павловский Посад,general,Средняя школа №18
RU,Россия,Пенза,boarding,"Пензенская школа-интернат для глухих и слабослышащих детей, обучающихся по адаптированным образовательным программам"
RU,Россия,Пенза,boarding,Пензенская школа-интернат для обучающихся по адаптированным образовательным программам
RU,Россия,Пенза,college,Бековский филиал СМТ Бековский филиал Сердобского многопрофильного техникума
RU,Россия,Пенза,college,Камешкирский филиал КМК Камешкирский филиал Кузнецкий многопрофильный колледж
RU,Россия,Пенза,college,КТ ПензГТУ Колледж технологический Пензенского государственного технологического университета
RU,Россия,Пенза,college,КТПТП Каменский техникум промышленных технологий и предпринимательства
RU,Россия,Пенза,college,МАТК Мокшанский агротехнологический колледж
RU,Россия,Пенза,college,МИ Мокшанский интернат
RU,Россия,Пенза,college,ПАК Пензенский агропромышленный колледж
RU,Россия,Пенза,college,Пензенский областной медицинский колледж
RU,Россия,Пенза,college,Пензенский техникум железнодорожного транспорта - филиал ПривГУПС
RU,Россия,Пенза,college,ПКАС Пензенский колледж архитектуры и строительства
RU,Россия,Пенза,college,ПКИ Пензенский колледж искусств
RU,Россия,Пенза,college,ПКИПТ Пензенский колледж информационных и промышленных технологий
RU,Россия,Пенза,college,ПКИТ (филиал) МГУТУ им. К.Г. Разумовского (ПКУ) Пензенский казачий институт технологий (филиал) Московского государственного университета
RU,Россия,Пенза,college,ПКППиК Пензенский колледж пищевой промышленности и коммерции
RU,Россия,Пенза,college,ПКППиК филиал р.п. Шемышейка Пензенский колледж пищевой промышленности и коммерции филиал р.п. Шемышейка
RU,Россия,Пенза,college,ПКСТПиБ Пензенский колледж современных технологий переработки и бизнеса
RU,Россия,Пенза,college,ПКТТ Пензенский колледж транспортных технологий
RU,Россия,Пенза,college,ПЛК Пензенский лесной колледж
RU,Россия,Пенза,college,ПМК Минздрава России Пензенский базовый медицинский колледж Министерства здравоохранения Российской Федерации
RU,Россия,Пенза,college,ПСПК Пензенский социально-педагогический колледж
RU,Россия,Пенза,college,ПХУ им. К.А. Савицкого Пензенское художественное училище им. К.А. Савицкого
RU,Россия,Пенза,college,Частный Колледж Академия ТОП Пенза Филиал колледжа «Академия ТОП Пенза»
RU,Россия,Пенза,general,Бессоновская средняя школа
RU,Россия,Пенза,general,"ГАОУ ПО ""многопрофильная Гимназия № 13"""
RU,Россия,Пенза,general,"ГБОУ ПО ""ИСЛ № 52"""
RU,Россия,Пенза,general,"ГБОУ ПО ""классическая Гимназия № 1 ИМ. В.Г. Белинского"""
RU,Россия,Пенза,general,Гимназия № 53
RU,Россия,Пенза,general,Губернский лицей
RU,Россия,Пенза,general,МБОУ ОШИ № 1 Г. Пензы
RU,Россия,Пенза,general,МБОУ СОШ С Углубленным Изучением Информатики № 68
RU,Россия,Пенза,general,МБОУ СОШ № 19 Г. Пензы
RU,Россия,Пенза,general,МБОУ СОШ № 27 Г. Пензы
RU,Россия,Пенза,general,МБОУ СОШ № 30 Г. Пензы
RU,Россия,Пенза,general,МБОУ СОШ № 35 Г.пензы
RU,Россия,Пенза,general,МБОУ СОШ № 36 Г. Пензы
RU,Россия,Пенза,general,МБОУ СОШ № 37 Г. Пензы
RU,Россия,Пенза,general,МБОУ СОШ № 66 Г.пензы Имени Виктора Александровича Стукалова
RU,Россия,Пенза,general,МБОУ СОШ № 8 Г. Пензы ИМ. Н. С. Павлушкина
RU,Россия,Пенза,general,Основная школа
RU,Россия,Пенза,general,"Пензенская школа-интернат для глухих и слабослышаших детей, обучающихся по адаптированным образовательным программам"
RU,Россия,Пенза,general,Средняя общеобразовательная школа с. Воскресеновка
RU,Россия,Пенза,general,Средняя общеобразовательная школа № 76
RU,Россия,Пенза,general,Средняя общеобразовательная школы № 47 г. Пензы
RU,Россия,Пенза,general,Средняя школа
RU,Россия,Пенза,general,Средняя школа им. Героя Советского Союза А.М. Кижеватова
RU,Россия,Пенза,general,Средняя школа им. М.П. Волкова
RU,Россия,Пенза,general,Средняя школа им. М. Ю. Лермонтова
RU,Россия,Пенза,general,Средняя школа им. С.А. Суркова
RU,Россия,Пенза,general,Средняя школа №1
RU,Россия,Пенза,general,Средняя школа №11
RU,Россия,Пенза,general,Средняя школа №12
RU,Россия,Пенза,general,Средняя школа №18
RU,Россия,Пенза,general,Средняя школа №19
RU,Россия,Пенза,general,Средняя школа №2
RU,Россия,Пенза,general,Средняя школа №20
RU,Россия,Пенза,general,Средняя школа №26
RU,Россия,Пенза,general,Средняя школа №27
RU,Россия,Пенза,general,Средняя школа №28
RU,Россия,Пенза,general,Средняя школа №30
RU,Россия,Пенза,general,Средняя школа №32
RU,Россия,Пенза,general,Средняя школа №35
RU,Россия,Пенза,general,Средняя школа №36
RU,Россия,Пенза,general,Средняя школа №37
RU,Россия,Пенза,general,Средняя школа №38
RU,Россия,Пенза,general,Средняя школа №40
RU,Россия,Пенза,general,Средняя школа №41
RU,Россия,Пенза,general,Средняя школа №43
RU,Россия,Пенза,general,Средняя школа №47
RU,Россия,Пенза,general,Средняя школа №49
RU,Россия,Пенза,general,Средняя школа №50
RU,Россия,Пенза,general,Средняя школа №51
RU,Россия,Пенза,general,Средняя школа №56
RU,Россия,Пенза,general,Средняя школа №57
RU,Россия,Пенза,general,Средняя школа №58
RU,Россия,Пенза,general,Средняя школа №59
RU,Россия,Пенза,general,Средняя школа №60
RU,Россия,Пенза,general,Средняя школа №63
RU,Россия,Пенза,general,Средняя школа №64
RU,Россия,Пенза,general,Средняя школа №65/23
RU,Россия,Пенза,general,Средняя школа №66
RU,Россия,Пенза,general,Средняя школа №67
RU,Россия,Пенза,general,Средняя школа №68
RU,Россия,Пенза,general,Средняя школа №69
RU,Россия,Пенза,general,Средняя школа №7
RU,Россия,Пенза,general,Средняя школа №71
RU,Россия,Пенза,general,Средняя школа №74
RU,Россия,Пенза,general,Средняя школа №75/62
RU,Россия,Пенза,general,Средняя школа №77
RU,Россия,Пенза,general,Средняя школа №78
RU,Россия,Пенза,general,Средняя школа №79
RU,Россия,Пенза,general,Средняя школа №8
RU,Россия,Пенза,general,Средняя школа №80
RU,Россия,Пенза,general,Средняя школа №9
RU,Россия,Пенза,university,Московский университет им.С.Ю.Витте — филиал в г. Пенза
RU,Россия,Пенза,university,Пензенский государственный аграрный университет
RU,Россия,Пенза,university,Пензенский государственный университет
RU,Россия,Пенза,university,Пензенский государственный университет архитектуры и строительства
RU,Россия,Пенза,university,Пензенский казачий институт технологий (филиал) Московского государственного университета технологий и управления имени К.Г. Разумовского
RU,Россия,Пенза,university,Пензенский филиал
RU,Россия,Пенза,university,Поволжская высшая школа интеллектуальной собственности — филиал в г. Пенза
RU,Россия,Первоуральск,college,БФ УрГЗК Бисерсткий филиал Уральского горнозаводского колледжа имени Демидовых
RU,Россия,Первоуральск,college,ПМК Первоуральский металлургический колледж
RU,Россия,Первоуральск,college,ППТ Первоуральский политехникум
RU,Россия,Первоуральск,general,Лицей № 21
RU,Россия,Первоуральск,general,Первоуральская школа
RU,Россия,Первоуральск,general,"Первоуральская школа, реализующая адаптированные основные общеобразовательные программы"
RU,Россия,Первоуральск,general,Средняя общеобразовательная школа № 1
RU,Россия,Первоуральск,general,Средняя общеобразовательная школа № 10 с углубленным изучением отдельных предметов
RU,Россия,Первоуральск,general,Средняя общеобразовательная школа № 11
RU,Россия,Первоуральск,general,Средняя общеобразовательная школа № 12
RU,Россия,Первоуральск,general,Средняя общеобразовательная школа № 15
RU,Россия,Первоуральск,general,Средняя общеобразовательная школа № 2
RU,Россия,Первоуральск,general,Средняя общеобразовательная школа № 20
RU,Россия,Первоуральск,general,Средняя общеобразовательная школа № 28
RU,Россия,Первоуральск,general,Средняя общеобразовательная школа № 3
RU,Россия,Первоуральск,general,Средняя общеобразовательная школа № 32 с углубленным изучением отдельных предметов
RU,Россия,Первоуральск,general,Средняя общеобразовательная школа № 4
RU,Россия,Первоуральск,general,Средняя общеобразовательная школа № 5 с углубленным изучением предметов
RU,Россия,Первоуральск,general,Средняя общеобразовательная школа № 6
RU,Россия,Первоуральск,general,Средняя общеобразовательная школа № 7 с углубленным изучением отдельных предметов
RU,Россия,Первоуральск,general,Средняя общеобразовательная школа № 9
RU,Россия,Первоуральск,general,Средняя школа №10
RU,Россия,Первоуральск,general,Средняя школа №5
RU,Россия,Первоуральск,general,Средняя школа №7
RU,Россия,Первоуральск,general,Школа №32
RU,Россия,Пермь,boarding,Школа-интернат
RU,Россия,Пермь,boarding,Яйвинская специальная школа-интернат
RU,Россия,Пермь,college,Агротехнический филиал ВМТ в п. Зюкайка Агротехнический филиал Верещагинского многопрофильного техникума в п. Зюкайка
RU,Россия,Пермь,college,Большесосновский филиал СК Большесосновский филиал Строгановского колледжа
RU,Россия,Пермь,college,ГПТ Горнозаводский политехнический техникум
RU,Россия,Пермь,college,КИТ Краевой индустриальный техникум
RU,Россия,Пермь,college,Колледж ПГНИУ Колледж профессионального образования Пермского государственного национального исследовате
RU,Россия,Пермь,college,КОРПК Колледж олимпийского резерва Пермского края
RU,Россия,Пермь,college,МФУ ПГМУ им. Е.А. Вагнера Медико-фармацевтическое училище Пермского государственного медицинского университета имени
RU,Россия,Пермь,college,НМТ Нытвенский многопрофильный техникум
RU,Россия,Пермь,college,Отделение СПО ПГФА Отделение среднего профессионального образования Пермской государственной фармацевтической
RU,Россия,Пермь,college,ПАПТ Пермский агропромышленный техникум
RU,Россия,Пермь,college,ПАТ им. А.Д. Швецова Пермский авиационный техникум имени А.Д. Швецова
RU,Россия,Пермь,college,Пермский филиал ВГУВТ Пермский филиал Волжского государственного университета водного транспорта
RU,Россия,Пермь,college,Пермский филиал РЭУ им. Г.В. Плеханова Пермский филиал Российского экономического университета имени Г.В. Плеханова
RU,Россия,Пермь,college,ПИЖТ Колледж Пермский институт железнодорожного транспорта
RU,Россия,Пермь,college,"ПКК ОНИКС Пермский краевой колледж ""ОНИКС"""
RU,Россия,Пермь,college,ПККИиК Пермский краевой колледж искусств и культуры
RU,Россия,Пермь,college,ПКПС Пермский колледж предпринимательства и сервиса
RU,Россия,Пермь,college,ПКТС Пермский колледж транспорта и сервиса
RU,Россия,Пермь,college,ПМК Пермский машиностроительный колледж
RU,Россия,Пермь,college,ПМК Пермский музыкальный колледж
RU,Россия,Пермь,college,ПНК Пермский нефтяной колледж
RU,Россия,Пермь,college,ППК им. Н.Г. Славянова Пермский политехнический колледж имени Н.Г. Славянова
RU,Россия,Пермь,college,ПППК Пермский профессионально-педагогический колледж
RU,Россия,Пермь,college,ПРК Пермский радиотехнический колледж им. А.С. Попова
RU,Россия,Пермь,college,ПТПИТ Пермский техникум промышленных и информационных технологий
RU,Россия,Пермь,college,ПТТК Пермский торгово-технологический колледж
RU,Россия,Пермь,college,ПФЭК Пермский финансово-экономический колледж
RU,Россия,Пермь,college,ПХТТ Пермский химико-технологический техникум
RU,Россия,Пермь,college,Филиал ПАПТ в п. Ильинский Филиал Пермского агропромышленного техникума в п. Ильинский
RU,Россия,Пермь,college,Филиал ПАПТ в с. Бершеть Филиал Пермского агропромышленного техникум в с. Бершеть
RU,Россия,Пермь,college,Художественное училище Художественное училище (техникум) г. Перми
RU,Россия,Пермь,college,Частинский филиал СК Частинский филиал Строгановского колледжа
RU,Россия,Пермь,college,Частный Академическая школа ИТ Академическая школа информационных технологий при Пермском государственном университете
RU,Россия,Пермь,college,Частный ЗУГТ Западно-Уральский горный техникум
RU,Россия,Пермь,college,Частный НСПК Национальный социально-педагогический колледж
RU,Россия,Пермь,college,Частный ПКЭУ Пермский колледж экономики и управления
RU,Россия,Пермь,college,Частный СЦК Современный цифровой колледж
RU,Россия,Пермь,college,Частный ФЭК Финансово-экономический колледж
RU,Россия,Пермь,general,IT-школа с углубленным изучением информатики
RU,Россия,Пермь,general,Аитковская средняя общеобразовательная школа
RU,Россия,Пермь,general,Бабкинская средняя школа
RU,Россия,Пермь,general,Баш-Култаевская средняя школа
RU,Россия,Пермь,general,Берёзовская средняя школа №2
RU,Россия,Пермь,general,Бершетская средняя школа
RU,Россия,Пермь,general,Верхнегородовская средняя школа
RU,Россия,Пермь,general,Верхнекалинская средняя общеобразовательная школа
RU,Россия,Пермь,general,Висимская средняя школа
RU,Россия,Пермь,general,Гамовская средняя школа
RU,Россия,Пермь,general,Гимназия № 17
RU,Россия,Пермь,general,Гимназия № 3
RU,Россия,Пермь,general,Гимназия № 31
RU,Россия,Пермь,general,Гимназия № 4 имени братьев Каменских
RU,Россия,Пермь,general,Дивьинская средняя школа
RU,Россия,Пермь,general,Другая школа
RU,Россия,Пермь,general,Дубовская основная общеобразовательная школа
RU,Россия,Пермь,general,Европейская школа
RU,Россия,Пермь,general,Ергачинская средняя общеобразовательная школа
RU,Россия,Пермь,general,Инженерная школа
RU,Россия,Пермь,general,Калининская средняя общеобразовательная школа им. героя Советского Союза Ф.П. Хохрякова
RU,Россия,Пермь,general,Комсомольская средняя общеобразовательная школа
RU,Россия,Пермь,general,Кондратовская средняя школа
RU,Россия,Пермь,general,Конзаводская средняя школа
RU,Россия,Пермь,general,Култаевская средняя школа
RU,Россия,Пермь,general,Кыласовская средняя общеобразовательная школа
RU,Россия,Пермь,general,Ленская средняя школа
RU,Россия,Пермь,general,Лицей им. М.В. Ломоносова
RU,Россия,Пермь,general,Лицей №10
RU,Россия,Пермь,general,Лобановская средняя школа
RU,Россия,Пермь,general,Лядовская основная школа
RU,Россия,Пермь,general,Ляминская основная школа
RU,Россия,Пермь,general,Майская средняя школа
RU,Россия,Пермь,general,Моховская основная общеобразовательная школа
RU,Россия,Пермь,general,Мулянская средняя школа
RU,Россия,Пермь,general,Мысовская средняя общеобразовательная школа
RU,Россия,Пермь,general,Мысовская средняя школа
RU,Россия,Пермь,general,Начальная школа для слабовидящих
RU,Россия,Пермь,general,Неволинская основная общеобразовательная школа
RU,Россия,Пермь,general,Нижнемуллинская средняя школа
RU,Россия,Пермь,general,Новая школа ЮК
RU,Россия,Пермь,general,Новорождественская средняя общеобразовательная школа
RU,Россия,Пермь,general,Основная общеобразовательная школа №74
RU,Россия,Пермь,general,Основная общеобразовательная школа №8 им. А.П. Чехова
RU,Россия,Пермь,general,Основная школа №7
RU,Россия,Пермь,general,Открытая школа
RU,Россия,Пермь,general,Переборская основная общеобразовательная школа
RU,Россия,Пермь,general,Перемская основная школа
RU,Россия,Пермь,general,Платошинская средняя школа
RU,Россия,Пермь,general,Плехановская средняя общеобразовательная школа
RU,Россия,Пермь,general,Полазненская средняя общеобразовательная школа №3
RU,Россия,Пермь,general,Полазненская средняя школа №1
RU,Россия,Пермь,general,Родниковская средняя школа
RU,Россия,Пермь,general,Русская Классическая школа при храме апостола Андрея Первозванного
RU,Россия,Пермь,general,Савинская средняя школа
RU,Россия,Пермь,general,Сельская средняя школа
RU,Россия,Пермь,general,Сенькинская средняя школа
RU,Россия,Пермь,general,Сергинская средняя школа
RU,Россия,Пермь,general,Соколовская школа
RU,Россия,Пермь,general,Средняя общеобразовательная школа «Мастерград»
RU,Россия,Пермь,general,Средняя общеобразовательная школа № 101
RU,Россия,Пермь,general,Средняя общеобразовательная школа № 119
RU,Россия,Пермь,general,Средняя общеобразовательная школа № 12 с углубленным изучением немецкого языка
RU,Россия,Пермь,general,Средняя общеобразовательная школа № 132 с углубленным изучением предметов естественно-экологического профиля
RU,Россия,Пермь,general,Средняя общеобразовательная школа № 14
RU,Россия,Пермь,general,Средняя общеобразовательная школа № 42
RU,Россия,Пермь,general,Средняя общеобразовательная школа № 45
RU,Россия,Пермь,general,Средняя общеобразовательная школа № 47\
RU,Россия,Пермь,general,Средняя общеобразовательная школа № 55
RU,Россия,Пермь,general,Средняя общеобразовательная школа № 65 с углубленным изучением английского языка
RU,Россия,Пермь,general,Средняя общеобразовательная школа № 79
RU,Россия,Пермь,general,Средняя общеобразовательная школа №15
RU,Россия,Пермь,general,Средняя школа
RU,Россия,Пермь,general,Средняя школа главного управления федеральной службы исполнения наказаний
RU,Россия,Пермь,general,Средняя школа №1
RU,Россия,Пермь,general,Средняя школа №108
RU,Россия,Пермь,general,Средняя школа №109
RU,Россия,Пермь,general,Средняя школа №11
RU,Россия,Пермь,general,Средняя школа №114
RU,Россия,Пермь,general,Средняя школа №116
RU,Россия,Пермь,general,Средняя школа №118
RU,Россия,Пермь,general,Средняя школа №12
RU,Россия,Пермь,general,Средняя школа №120
RU,Россия,Пермь,general,Средняя школа №122
RU,Россия,Пермь,general,Средняя школа №123
RU,Россия,Пермь,general,Средняя школа №127
RU,Россия,Пермь,general,Средняя школа №131
RU,Россия,Пермь,general,Средняя школа №132
RU,Россия,Пермь,general,Средняя школа №133
RU,Россия,Пермь,general,Средняя школа №134
RU,Россия,Пермь,general,Средняя школа №135
RU,Россия,Пермь,general,Средняя школа №136
RU,Россия,Пермь,general,Средняя школа №146
RU,Россия,Пермь,general,Средняя школа №153
RU,Россия,Пермь,general,Средняя школа №2
RU,Россия,Пермь,general,Средняя школа №22
RU,Россия,Пермь,general,Средняя школа №24
RU,Россия,Пермь,general,Средняя школа №28
RU,Россия,Пермь,general,Средняя школа №3
RU,Россия,Пермь,general,Средняя школа №30
RU,Россия,Пермь,general,Средняя школа №32
RU,Россия,Пермь,general,Средняя школа №36
RU,Россия,Пермь,general,Средняя школа №37
RU,Россия,Пермь,general,Средняя школа №44
RU,Россия,Пермь,general,Средняя школа №50
RU,Россия,Пермь,general,Средняя школа №6
RU,Россия,Пермь,general,Средняя школа №60
RU,Россия,Пермь,general,Средняя школа №61
RU,Россия,Пермь,general,Средняя школа №63
RU,Россия,Пермь,general,Средняя школа №64
RU,Россия,Пермь,general,Средняя школа №65
RU,Россия,Пермь,general,Средняя школа №7
RU,Россия,Пермь,general,Средняя школа №76
RU,Россия,Пермь,general,Средняя школа №77
RU,Россия,Пермь,general,Средняя школа №81
RU,Россия,Пермь,general,Средняя школа №83
RU,Россия,Пермь,general,Средняя школа №87
RU,Россия,Пермь,general,Средняя школа №9
RU,Россия,Пермь,general,Средняя школа №91
RU,Россия,Пермь,general,Средняя школа №93
RU,Россия,Пермь,general,Средняя школа №96
RU,Россия,Пермь,general,Строящаяся школа
RU,Россия,Пермь,general,Стряпунинская основная школа
RU,Россия,Пермь,general,Сылвенская средняя школа
RU,Россия,Пермь,general,Техно-школа им. В.П. Савиных
RU,Россия,Пермь,general,Тохтуевская средняя общеобразовательная школа
RU,Россия,Пермь,general,Троельжанская средняя школа
RU,Россия,Пермь,general,Усть-Качкинская средняя школа
RU,Россия,Пермь,general,Филипповская основная общеобразовательная школа
RU,Россия,Пермь,general,Хохловская средняя школа
RU,Россия,Пермь,general,Черновская средняя школа
RU,Россия,Пермь,general,Шадейская средняя общеобразовательная школа
RU,Россия,Пермь,general,Школа
RU,Россия,Пермь,general,Школа агробизнестехнологий
RU,Россия,Пермь,general,Школа бизнеса и предпринимательства
RU,Россия,Пермь,general,Школа инженерной мысли
RU,Россия,Пермь,general,Школа-интернат для детей с нарушением слуха и речи
RU,Россия,Пермь,general,Школа-интернат № 113 для обучающихся с ограниченными возможностями здоровья
RU,Россия,Пермь,general,Школа-интернат № 4 для обучающихся с ограниченными возможностями здоровья
RU,Россия,Пермь,general,Школа № 154 для обучающихся с ограниченными возможностями здоровья
RU,Россия,Пермь,general,Школа №154
RU,Россия,Пермь,general,Школа №18
RU,Россия,Пермь,general,Школа №5
RU,Россия,Пермь,general,Школа №8
RU,Россия,Пермь,general,Экономическая школа №145
RU,Россия,Пермь,general,Экошкола
RU,Россия,Пермь,general,Юговская средняя школа
RU,Россия,Пермь,university,Западно-Уральский институт экономики и права
RU,Россия,Пермь,university,Пермская государственная фармацевтическая академия
RU,Россия,Пермь,university,Пермская духовная семинария Пермской Епархии Русской Православной Церкви
RU,Россия,Пермь,university,Пермский государственный аграрно-технологический университет имени академика Д.Н. Прянишникова
RU,Россия,Пермь,university,Пермский государственный гуманитарно-педагогический университет
RU,Россия,Пермь,university,Пермский государственный институт культуры
RU,Россия,Пермь,university,Пермский государственный медицинский университет имени академика Е.А. Вагнера
RU,Россия,Пермь,university,Пермский государственный национальный исследовательский университет
RU,Россия,Пермь,university,Пермский институт железнодорожного транспорта - филиал
RU,Россия,Пермь,university,Пермский институт (филиал)
RU,Россия,Пермь,university,Пермский национальный исследовательский политехнический университет
RU,Россия,Пермь,university,Пермский филиал
RU,Россия,Пермь,university,Пермский филиал — Национальный исследовательский университет
RU,Россия,Пермь,university,Прикамский социальный институт
RU,Россия,Пермь,university,Уральский филиал
RU,Россия,Петрозаводск,boarding,Специальная (коррекционная) общеобразовательная школа-интернат №21
RU,Россия,Петрозаводск,boarding,Специальная (коррекционная) общеобразовательная школа-интернат №23
RU,Россия,Петрозаводск,boarding,Специальная (коррекционная) общеобразовательная школа-интернат №24
RU,Россия,Петрозаводск,college,КККиИ Карельский колледж культуры и искусств
RU,Россия,Петрозаводск,college,Колледж ПГК им. А.К. Глазунова Колледж Петрозаводская государственная консерватория имени А.К. Глазунова
RU,Россия,Петрозаводск,college,КТиП Колледж технологии и предпринимательства
RU,Россия,Петрозаводск,college,ПАСТ Петрозаводский архитектурно-строительный техникум
RU,Россия,Петрозаводск,college,ПАТТ Петрозаводский автотранспортный техникум
RU,Россия,Петрозаводск,college,ПБМК Петрозаводский базовый медицинский колледж
RU,Россия,Петрозаводск,college,ПЛТ Петрозаводский лесотехнический техникум
RU,Россия,Петрозаводск,college,ПМК им. К.Э. Раутио Петрозаводский музыкальный колледж им. К.Э. Раутио
RU,Россия,Петрозаводск,college,ППК Петрозаводский педагогический колледж
RU,Россия,Петрозаводск,college,ПФ ПГУПС Петрозаводский филиал «Петербургский государственный университет путей сообщения Император
RU,Россия,Петрозаводск,college,ФК БОФ ГУМРФ Колледж Государственный университет морского и речного флота им. С.О. Макарова — в г. Петр
RU,Россия,Петрозаводск,college,Частный Карельский филиал ЮПК Карельский филиал Юридического полицейского колледжа
RU,Россия,Петрозаводск,college,Частный Колледж Академия ТОП Петрозаводск Филиал колледжа «Академия ТОП Петрозаводск»
RU,Россия,Петрозаводск,college,Частный ПКТК Петрозаводский кооперативный техникум Карелреспотребсоюза
RU,Россия,Петрозаводск,general,Заозерская средняя школа №10
RU,Россия,Петрозаводск,general,Независимая школа
RU,Россия,Петрозаводск,general,Нововилговская средняя школа №3
RU,Россия,Петрозаводск,general,Основная школа №19
RU,Россия,Петрозаводск,general,Основная школа №32
RU,Россия,Петрозаводск,general,Петрозаводская средняя школа №34
RU,Россия,Петрозаводск,general,Специализированная школа искусств
RU,Россия,Петрозаводск,general,Средняя финно-угорская школа
RU,Россия,Петрозаводск,general,Средняя школа №10
RU,Россия,Петрозаводск,general,Средняя школа №11
RU,Россия,Петрозаводск,general,Средняя школа №12
RU,Россия,Петрозаводск,general,Средняя школа №14
RU,Россия,Петрозаводск,general,Средняя школа №2
RU,Россия,Петрозаводск,general,Средняя школа №20
RU,Россия,Петрозаводск,general,Средняя школа №25
RU,Россия,Петрозаводск,general,Средняя школа №26
RU,Россия,Петрозаводск,general,Средняя школа №27
RU,Россия,Петрозаводск,general,Средняя школа №29
RU,Россия,Петрозаводск,general,Средняя школа №33
RU,Россия,Петрозаводск,general,Средняя школа №35
RU,Россия,Петрозаводск,general,Средняя школа №36
RU,Россия,Петрозаводск,general,Средняя школа №38
RU,Россия,Петрозаводск,general,Средняя школа №39
RU,Россия,Петрозаводск,general,Средняя школа №43
RU,Россия,Петрозаводск,general,Средняя школа №44
RU,Россия,Петрозаводск,general,Средняя школа №46
RU,Россия,Петрозаводск,general,Средняя школа №48
RU,Россия,Петрозаводск,general,Средняя школа №5
RU,Россия,Петрозаводск,general,Средняя школа №55
RU,Россия,Петрозаводск,general,Средняя школа №6
RU,Россия,Петрозаводск,general,Средняя школа №7
RU,Россия,Петрозаводск,general,Средняя школа №8
RU,Россия,Петрозаводск,general,Средняя школа №9
RU,Россия,Петрозаводск,general,Сунская школа
RU,Россия,Петрозаводск,general,Чалнинская средняя школа
RU,Россия,Петрозаводск,general,Шуйская средняя школа №1
RU,Россия,Петрозаводск,general,Эссойльская средняя школа
RU,Россия,Петрозаводск,private,Первая частная школа
RU,Россия,Петропавловск-Камчатский,boarding,Камчатская санаторная школа-интернат
RU,Россия,Петропавловск-Камчатский,boarding,Камчатская школа-интернат для обучающихся с ограниченными возможностями здоровья
RU,Россия,Петропавловск-Камчатский,college,Камчатский колледж искусств
RU,Россия,Петропавловск-Камчатский,college,ККТиС Камчатский колледж технологии и сервиса
RU,Россия,Петропавловск-Камчатский,college,КМедК Камчатский медицинский колледж
RU,Россия,Петропавловск-Камчатский,college,КМЭТ Камчатский морской энергетический техникум
RU,Россия,Петропавловск-Камчатский,college,Колледж КамГУ им. Витуса Беринга Колледж Камчатского государственного университета имени Витуса Беринга
RU,Россия,Петропавловск-Камчатский,college,КПК Камчатский педагогический колледж
RU,Россия,Петропавловск-Камчатский,college,КПТ Камчатский политехнический техникум
RU,Россия,Петропавловск-Камчатский,college,ПК Паланский колледж
RU,Россия,Петропавловск-Камчатский,college,Частный ККТ Камчатский кооперативный техникум
RU,Россия,Петропавловск-Камчатский,college,Частный Колледж Академия ТОП Петропавловск-Камчатский Филиал колледжа «Академия ТОП Петропавловск-Камчатский»
RU,Россия,Петропавловск-Камчатский,general,Апачинская средняя школа № 7
RU,Россия,Петропавловск-Камчатский,general,Вечерняя (сменная) школа № 16
RU,Россия,Петропавловск-Камчатский,general,Вечерняя школа №16
RU,Россия,Петропавловск-Камчатский,general,"Камчатская школа-интернат для детей-сирот и детей, оставшихся без попечения родителей, с ограниченными возможностями здоровья"
RU,Россия,Петропавловск-Камчатский,general,Корякская средняя школа
RU,Россия,Петропавловск-Камчатский,general,Лесновская основная школа
RU,Россия,Петропавловск-Камчатский,general,Лицей № 46
RU,Россия,Петропавловск-Камчатский,general,Нагорненская средняя школа
RU,Россия,Петропавловск-Камчатский,general,Начикинская средняя школа
RU,Россия,Петропавловск-Камчатский,general,Николаевская средняя школа
RU,Россия,Петропавловск-Камчатский,general,Основная школа №32
RU,Россия,Петропавловск-Камчатский,general,Основная школа №37
RU,Россия,Петропавловск-Камчатский,general,Основная школа №5
RU,Россия,Петропавловск-Камчатский,general,Основная школа №6 им. Л.П. Лельчука
RU,Россия,Петропавловск-Камчатский,general,Паратунская средняя школа
RU,Россия,Петропавловск-Камчатский,general,Петропавловск-Камчатская школа-интернат для детей сирот и детей оставшихся без попечения родителей с ограниченными возможностями здоровья
RU,Россия,Петропавловск-Камчатский,general,Петропавловск-Камчатская школа № 1 для обучающихся с ограниченными возможностями здоровья
RU,Россия,Петропавловск-Камчатский,general,Петропавловск-Камчатская школа № 2 для обучающихся с ограниченными возможностями здоровья
RU,Россия,Петропавловск-Камчатский,general,Петропавловск-Камчатская школа №1
RU,Россия,Петропавловск-Камчатский,general,Петропавловск-Камчатская школа №2
RU,Россия,Петропавловск-Камчатский,general,Петропавловск-Камчатская школа №3
RU,Россия,Петропавловск-Камчатский,general,Пионерская средняя школа
RU,Россия,Петропавловск-Камчатский,general,Раздольненская средняя школа
RU,Россия,Петропавловск-Камчатский,general,Русская классическая школа
RU,Россия,Петропавловск-Камчатский,general,Средняя школа
RU,Россия,Петропавловск-Камчатский,general,Средняя школа № 11 имени В.Д. Бубенина
RU,Россия,Петропавловск-Камчатский,general,Средняя школа № 12
RU,Россия,Петропавловск-Камчатский,general,Средняя школа № 15
RU,Россия,Петропавловск-Камчатский,general,Средняя школа № 20
RU,Россия,Петропавловск-Камчатский,general,Средняя школа № 24
RU,Россия,Петропавловск-Камчатский,general,Средняя школа № 27
RU,Россия,Петропавловск-Камчатский,general,Средняя школа № 3 имени А.С. Пушкина
RU,Россия,Петропавловск-Камчатский,general,Средняя школа № 30
RU,Россия,Петропавловск-Камчатский,general,Средняя школа № 33 с углубленным изучением отдельных предметов
RU,Россия,Петропавловск-Камчатский,general,Средняя школа № 36
RU,Россия,Петропавловск-Камчатский,general,Средняя школа № 4 имени А.М. Горького
RU,Россия,Петропавловск-Камчатский,general,Средняя школа № 40
RU,Россия,Петропавловск-Камчатский,general,Средняя школа № 42
RU,Россия,Петропавловск-Камчатский,general,Средняя школа № 43
RU,Россия,Петропавловск-Камчатский,general,Средняя школа № 9
RU,Россия,Петропавловск-Камчатский,general,Средняя школа №1
RU,Россия,Петропавловск-Камчатский,general,Средняя школа №10
RU,Россия,Петропавловск-Камчатский,general,Средняя школа №11
RU,Россия,Петропавловск-Камчатский,general,Средняя школа №17
RU,Россия,Петропавловск-Камчатский,general,Средняя школа №2
RU,Россия,Петропавловск-Камчатский,general,Средняя школа №26
RU,Россия,Петропавловск-Камчатский,general,Средняя школа №28
RU,Россия,Петропавловск-Камчатский,general,Средняя школа №3
RU,Россия,Петропавловск-Камчатский,general,Средняя школа №31
RU,Россия,Петропавловск-Камчатский,general,Средняя школа №33
RU,Россия,Петропавловск-Камчатский,general,Средняя школа №34
RU,Россия,Петропавловск-Камчатский,general,Средняя школа №35
RU,Россия,Петропавловск-Камчатский,general,Средняя школа №4
RU,Россия,Петропавловск-Камчатский,general,Средняя школа №41
RU,Россия,Петропавловск-Камчатский,general,Средняя школа №45
RU,Россия,Петропавловск-Камчатский,general,Средняя школа №7
RU,Россия,Петропавловск-Камчатский,general,Средняя школа №8
RU,Россия,Петропавловск-Камчатский,general,Термальненская средняя школа
RU,Россия,Петропавловск-Камчатский,university,Дальневосточный филиал
RU,Россия,Петропавловск-Камчатский,university,Камчатский государственный технический университет
RU,Россия,Петропавловск-Камчатский,university,Камчатский государственный университет имени Витуса Беринга
RU,Россия,Петропавловск-Камчатский,university,Камчатский филиал — Российский университет кооперации
RU,Россия,Петропавловск-Камчатский,university,филиал
RU,Россия,Подольск,boarding,Школа-интернат для обучающихся с ограниченными возможностями здоровья городского округа Подольск Московской области
RU,Россия,Подольск,college,Мещерский филиал МосОМК Мещерский филиал Московского областного медицинского колледжа
RU,Россия,Подольск,college,Подольский колледж имени А.В. Никулина Подольский колледж имени А.В. Никулина
RU,Россия,Подольск,college,Подольский филиал МосОМК Подольский филиал Московского областного медицинского колледжа
RU,Россия,Подольск,college,ТЭК Технико-экономический колледж
RU,Россия,Подольск,college,Частный Колледж Академия ТОП Подольск Филиал колледжа «Академия ТОП Подольск»
RU,Россия,Подольск,college,Частный ПК Парус Подольский колледж Парус
RU,Россия,Подольск,college,Частный ПССК Подольский социально-спортивный колледж
RU,Россия,Подольск,general,Армянская школа
RU,Россия,Подольск,general,Гимназия №7
RU,Россия,Подольск,general,Лицей №1
RU,Россия,Подольск,general,Лицей №26
RU,Россия,Подольск,general,Лицей №5
RU,Россия,Подольск,general,МБОУ СОШ С. Подольск
RU,Россия,Подольск,general,Русская школа Марии Аверьяновой
RU,Россия,Подольск,general,Средняя общеобразовательная школа №8
RU,Россия,Подольск,general,Средняя школа №1
RU,Россия,Подольск,general,Средняя школа №10
RU,Россия,Подольск,general,Средняя школа №11
RU,Россия,Подольск,general,Средняя школа №12
RU,Россия,Подольск,general,Средняя школа №14
RU,Россия,Подольск,general,Средняя школа №16
RU,Россия,Подольск,general,Средняя школа №18
RU,Россия,Подольск,general,Средняя школа №20
RU,Россия,Подольск,general,Средняя школа №21
RU,Россия,Подольск,general,Средняя школа №24
RU,Россия,Подольск,general,Средняя школа №29
RU,Россия,Подольск,general,Средняя школа №30
RU,Россия,Подольск,general,Средняя школа №32
RU,Россия,Подольск,general,Средняя школа №33
RU,Россия,Подольск,general,Средняя школа №34
RU,Россия,Подольск,general,Средняя школа №5
RU,Россия,Полевской,college,ПМТ им. В. И. Назарова Полевской многопрофильный техникум им. В. И. Назарова
RU,Россия,Полевской,college,Частный Полевской филиал “Уральский промышленно-экономический техникум” Полевской филиал “Уральский промышленно-экономический техникум”
RU,Россия,Полевской,general,Полевская школа
RU,Россия,Полевской,general,"Полевская школа, реализующая адаптированные основные общеобразовательные программы"
RU,Россия,Полевской,general,Политехнический лицей № 21 «Эрудит»
RU,Россия,Полевской,general,Средняя общеобразовательная школа-лицей № 4 «Интеллект»
RU,Россия,Полевской,general,Средняя общеобразовательная школа № 1
RU,Россия,Полевской,general,Средняя общеобразовательная школа № 13 с углубленным изучением отдельных предметов
RU,Россия,Полевской,general,Средняя общеобразовательная школа № 14
RU,Россия,Полевской,general,Средняя общеобразовательная школа № 16
RU,Россия,Полевской,general,Средняя общеобразовательная школа № 17
RU,Россия,Полевской,general,Средняя общеобразовательная школа № 18
RU,Россия,Полевской,general,Средняя общеобразовательная школа № 20
RU,Россия,Полевской,general,Средняя общеобразовательная школа № 8
RU,Россия,Полевской,general,Средняя школа №13
RU,Россия,Прокопьевск,boarding,Основная школа-интернат №32
RU,Россия,Прокопьевск,college,Колледж КузГТУ им. Т.Ф. Горбачева в г. Прокопьевске Колледж Кузбасского государственного технического университета имени Т.Ф. Горбачева в г. П
RU,Россия,Прокопьевск,college,ПАК Прокопьевский аграрный колледж
RU,Россия,Прокопьевск,college,ПГТ им. В.П. Романова Прокопьевский горнотехнический техникум им. В.П. Романова
RU,Россия,Прокопьевск,college,ПроКИ им. Д.А. Хворостовского Прокопьевский областной колледж искусств имени народного артиста Российской Федерации Д. А
RU,Россия,Прокопьевск,college,ПСТ Прокопьевский строительный техникум
RU,Россия,Прокопьевск,college,ПФ КМК Прокопьевский филиал Кузбасского медицинского колледжа
RU,Россия,Прокопьевск,college,ПЭМСТ Прокопьевский электромашиностроительный техникум
RU,Россия,Прокопьевск,college,Частный Колледж Академия ТОП Прокопьевск Филиал колледжа «Академия ТОП Прокопьевск»
RU,Россия,Прокопьевск,general,Основная школа №12
RU,Россия,Прокопьевск,general,Основная школа №16
RU,Россия,Прокопьевск,general,Основная школа №18
RU,Россия,Прокопьевск,general,Основная школа №2
RU,Россия,Прокопьевск,general,Основная школа №26
RU,Россия,Прокопьевск,general,Основная школа №29
RU,Россия,Прокопьевск,general,Основная школа №3
RU,Россия,Прокопьевск,general,Основная школа №31
RU,Россия,Прокопьевск,general,Основная школа №4
RU,Россия,Прокопьевск,general,Основная школа №44
RU,Россия,Прокопьевск,general,Основная школа №50
RU,Россия,Прокопьевск,general,Основная школа №63
RU,Россия,Прокопьевск,general,Основная школа №66
RU,Россия,Прокопьевск,general,Основная школа №70
RU,Россия,Прокопьевск,general,Специальная основная школа №64
RU,Россия,Прокопьевск,general,Средняя школа №1
RU,Россия,Прокопьевск,general,Средняя школа №10
RU,Россия,Прокопьевск,general,Средняя школа №11
RU,Россия,Прокопьевск,general,Средняя школа №14
RU,Россия,Прокопьевск,general,Средняя школа №15
RU,Россия,Прокопьевск,general,Средняя школа №2
RU,Россия,Прокопьевск,general,Средняя школа №25
RU,Россия,Прокопьевск,general,Средняя школа №3
RU,Россия,Прокопьевск,general,Средняя школа №32
RU,Россия,Прокопьевск,general,Средняя школа №35
RU,Россия,Прокопьевск,general,Средняя школа №45
RU,Россия,Прокопьевск,general,Средняя школа №51
RU,Россия,Прокопьевск,general,Средняя школа №54
RU,Россия,Прокопьевск,general,Средняя школа №6
RU,Россия,Прокопьевск,general,Средняя школа №62
RU,Россия,Прокопьевск,general,Средняя школа №68
RU,Россия,Прокопьевск,general,Средняя школа №69
RU,Россия,Прокопьевск,general,Средняя школа №71
RU,Россия,Прохладный,general,Гимназия № 2
RU,Россия,Прохладный,general,Гимназия № 6
RU,Россия,Прохладный,general,Лицей № 3
RU,Россия,Прохладный,general,Специальная (коррекционная) школа-интернат № 3
RU,Россия,Прохладный,general,Средняя общеобразовательная школа № 1
RU,Россия,Прохладный,general,Средняя общеобразовательная школа № 102 им. А.Крестьянинова
RU,Россия,Прохладный,general,Средняя общеобразовательная школа № 11
RU,Россия,Прохладный,general,Средняя общеобразовательная школа № 4 имени А.Г. Головко
RU,Россия,Прохладный,general,Средняя общеобразовательная школа № 42
RU,Россия,Прохладный,general,Средняя общеобразовательная школа № 5
RU,Россия,Прохладный,general,Средняя общеобразовательная школа № 8 им. А.С. Пушкина
RU,Россия,Псков,college,ДМТ Дедовичский многопрофильный техникум
RU,Россия,Псков,college,Идрицкий филиал ПАТК Идрицкий филиал Псковского агротехнического колледжа
RU,Россия,Псков,college,Кпгу Колледж ПсковГУ
RU,Россия,Псков,college,ПАТК Псковский агротехнический колледж
RU,Россия,Псков,college,ПКПТиС Псковский колледж профессиональных технологий и сервиса
RU,Россия,Псков,college,ПМК Псковский медицинский колледж
RU,Россия,Псков,college,ПОКИ им. Римского-Корсакова. Псковский Псковский областной колледж искусств им. Н. А. Римского-Корсакова
RU,Россия,Псков,college,Частный ПКТ Псковский кооперативный техникум
RU,Россия,Псков,general,Вечерняя (сменная) общеобразовательная школа № 1
RU,Россия,Псков,general,Вечерняя школа №1
RU,Россия,Псков,general,Гуманитарный лицей
RU,Россия,Псков,general,Коррекционная школа №7
RU,Россия,Псков,general,Лицей экономики и основ предпринимательства № 10
RU,Россия,Псков,general,Лицей № 4 «Многопрофильный»
RU,Россия,Псков,general,Многопрофильный правовой лицей № 8
RU,Россия,Псков,general,Моглинская средняя общеобразовательная школа
RU,Россия,Псков,general,Новоизборская средняя школа
RU,Россия,Псков,general,Ольгинская Гимназия
RU,Россия,Псков,general,Писковская средняя школа
RU,Россия,Псков,general,Погранично-таможенно-правовой лицей
RU,Россия,Псков,general,Псковская общеобразовательная школа-интернат
RU,Россия,Псков,general,Псковский технический лицей
RU,Россия,Псков,general,Родинская средняя школа
RU,Россия,Псков,general,Социально-экономический лицей № 21 им. Героя России С.В.Самойлова
RU,Россия,Псков,general,Средняя общеобразовательная школа N5 имени Героя РФ М.Н. Евтюхина
RU,Россия,Псков,general,Средняя общеобразовательная школа № 1 им. Л.М.Поземского
RU,Россия,Псков,general,Средняя общеобразовательная школа № 11
RU,Россия,Псков,general,Средняя общеобразовательная школа № 16 имени Героя России Алексея Воробьева
RU,Россия,Псков,general,Средняя общеобразовательная школа № 18 имени Героя Советского Союза генерала армии В.Ф. Маргелова
RU,Россия,Псков,general,Средняя общеобразовательная школа № 2
RU,Россия,Псков,general,Средняя общеобразовательная школа № 23 с углубленным изучением английского языка
RU,Россия,Псков,general,Средняя общеобразовательная школа № 24 имени Л.И.Малякова
RU,Россия,Псков,general,Средняя общеобразовательная школа № 3
RU,Россия,Псков,general,Средняя общеобразовательная школа № 47
RU,Россия,Псков,general,Средняя общеобразовательная школа № 9 им. А.С.Пушкина
RU,Россия,Псков,general,Средняя школа №1
RU,Россия,Псков,general,Средняя школа №12
RU,Россия,Псков,general,Средняя школа №13
RU,Россия,Псков,general,Средняя школа №16
RU,Россия,Псков,general,Средняя школа №17
RU,Россия,Псков,general,Средняя школа №18
RU,Россия,Псков,general,Средняя школа №23
RU,Россия,Псков,general,Средняя школа №24
RU,Россия,Псков,general,Средняя школа №5
RU,Россия,Псков,general,Средняя школа №9
RU,Россия,Псков,university,Институт деловой карьеры — филиал в г. Псков
RU,Россия,Псков,university,Псковский государственный университет
RU,Россия,Пугачев,college,ПАТТ Пугачевский аграрно-технологический техникум
RU,Россия,Пугачев,college,ПАТТ Пугачевский политехнический лицей
RU,Россия,Пугачев,college,ПГТ им. В.И. Чапаева Пугачевский гидромелиоративный техникум им. В.И. Чапаева
RU,Россия,Пугачев,general,Вечерняя (сменная) общеобразовательная школа № 2 г. Пугачева Саратовской области
RU,Россия,Пугачев,general,Вечерняя (сменная) общеобразовательная школа № 3 г. Пугачева Саратовской области
RU,Россия,Пугачев,general,Основная общеобразовательная школа № 4 г.Пугачева Саратовской области
RU,Россия,Пугачев,general,Средняя общеобразовательная школа № 13 г.Пугачёва Саратовской области имени М.В.Ломоносова
RU,Россия,Пугачев,general,Средняя общеобразовательная школа № 14 города Пугачёва Саратовской области имени П.А. Столыпина
RU,Россия,Пугачев,general,Средняя общеобразовательная школа № 2 города Пугачёва Саратовской области
RU,Россия,Пугачев,general,Средняя общеобразовательная школа № 3 г. Пугачёва Саратовской области
RU,Россия,Пугачев,general,Школа-интернат г.Пугачева
RU,Россия,Пушкино,boarding,Школа-интернат для обучающихся с ограниченными возможностями здоровья г. Пушкино
RU,Россия,Пушкино,college,МОМК им. С.С. Прокофьева Московский областной музыкальный колледж имени С.С. Прокофьева
RU,Россия,Пушкино,college,Частный Колледж Академия ТОП Пушкино Филиал колледжа «Академия ТОП Пушкино»
RU,Россия,Пушкино,general,Дошкольное отделение
RU,Россия,Пушкино,general,МБОУ СШ С.пушкино
RU,Россия,Пятигорск,boarding,Специальная (коррекционная) общеобразовательная школа-интернат №27
RU,Россия,Пятигорск,college,Колледж ПГУ Колледж Пятигорский государственный университет
RU,Россия,Пятигорск,college,Колледж СКФУ Колледж Пятигорского института (филиала) Северо-Кавказского федерального университета
RU,Россия,Пятигорск,college,ПМК Пятигорский медицинский колледж
RU,Россия,Пятигорск,college,ПМФИ - филиал ВолгГМУ Пятигорский медико-фармацевтический институт - филиал Волгоградский государственный медици
RU,Россия,Пятигорск,college,"ПТТТиС Пятигорский техникум торговли, технологий и сервиса"
RU,Россия,Пятигорск,college,СКУД Ставропольское краевое училище дизайна
RU,Россия,Пятигорск,college,Частный Колледж Академия ТОП Пятигорск Филиал колледжа «Академия ТОП Пятигорск»
RU,Россия,Пятигорск,college,Частный Медколледж им. Флоренс Найтингейл на КМВ Медицинский колледж им. Флоренс Найтингейл на КМВ
RU,Россия,Пятигорск,college,Частный ПТЭИТ Пятигорский техникум экономики и инновационных технологий
RU,Россия,Пятигорск,college,Частный СККИТ Северо-Кавказский колледж инновационных технологий
RU,Россия,Пятигорск,college,Частный ТИТ Техникум информационных технологий г. Пятигорск
RU,Россия,Пятигорск,general,Гармония
RU,Россия,Пятигорск,general,МБОУ Гимназия № 11
RU,Россия,Пятигорск,general,МБОУ Гимназия № 4
RU,Россия,Пятигорск,general,МБОУ Лицей № 15
RU,Россия,Пятигорск,general,МБОУ НОШ № 17
RU,Россия,Пятигорск,general,МБОУ СОШ № 1 ИМ. М.Ю. Лермонтова
RU,Россия,Пятигорск,general,МБОУ СОШ № 12 Г.пятигорска
RU,Россия,Пятигорск,general,МБОУ СОШ № 3 ИМ. А. С. Пушкина Г. Пятигорска
RU,Россия,Пятигорск,general,Начальная школа №17
RU,Россия,Пятигорск,general,Средняя школа №1
RU,Россия,Пятигорск,general,Средняя школа №12
RU,Россия,Пятигорск,general,Средняя школа №14
RU,Россия,Пятигорск,general,Средняя школа №16
RU,Россия,Пятигорск,general,Средняя школа №18
RU,Россия,Пятигорск,general,Средняя школа №2
RU,Россия,Пятигорск,general,Средняя школа №27
RU,Россия,Пятигорск,general,Средняя школа №28
RU,Россия,Пятигорск,general,Средняя школа №3
RU,Россия,Пятигорск,general,Средняя школа №30
RU,Россия,Пятигорск,general,Средняя школа №31
RU,Россия,Пятигорск,general,Средняя школа №5
RU,Россия,Пятигорск,general,Средняя школа №6
RU,Россия,Пятигорск,general,Средняя школа №8
RU,Россия,Пятигорск,university,"Институт Управления, Бизнеса и Права"
RU,Россия,Пятигорск,university,Пятигорский государственный университет
RU,Россия,Пятигорск,university,Пятигорский институт (филиал)
RU,Россия,Пятигорск,university,Пятигорский медико-фармацевтический институт - филиал
RU,Россия,Пятигорск,university,Российский экономический университет имени Г.В. Плеханова — филиал в г. Пятигорск
RU,Россия,Пятигорск,university,Северо-Кавказский институт - филиал
RU,Россия,Пятигорск,university,Филиал Российского государственного социального университета в г.Пятигорске
RU,Россия,Радужный,general,Кадетский корпус
RU,Россия,Радужный,general,"""МБОУ СОШ № 1"""
RU,Россия,Радужный,general,МБОУ СОШ № 2 ЗАТО Г. Радужный
RU,Россия,Раменское,boarding,Удельнинская общеобразовательная школа-интернат для обучающихся с ограниченными возможностями здоровья
RU,Россия,Раменское,college,Колледж ГГУ Колледж Гжельского государственного университета
RU,Россия,Раменское,college,Раменский колледж Раменский колледж
RU,Россия,Раменское,college,Раменский филиал АТ им. В.А. Казакова Раменский филиал Авиационного техникума имени В.А. Казакова
RU,Россия,Раменское,college,РДСТ Раменский дорожно-строительный техникум
RU,Россия,Раменское,general,Гимназия г. Раменское
RU,Россия,Раменское,general,Кратовская Средняя Школа № 98
RU,Россия,Раменское,general,МОУ - Гимназия № 2 Г. Раменское
RU,Россия,Раменское,general,МОУ Раменская СОШ № 21 С УИОП
RU,Россия,Раменское,general,МОУ Родниковская СОШ № 32
RU,Россия,Раменское,general,МОУ Удельнинская Гимназия
RU,Россия,Раменское,general,Раменская средняя общеобразовательная школа №6
RU,Россия,Раменское,general,Раменская Средняя Школа № 1
RU,Россия,Раменское,general,Раменская Средняя Школа № 5
RU,Россия,Раменское,general,Раменская средняя школа №21
RU,Россия,Раменское,general,Раменская средняя школа №8
RU,Россия,Раменское,general,Раменская средняя школа №9
RU,Россия,Раменское,general,Средняя школа №19
RU,Россия,Раменское,general,Средняя школа №4
RU,Россия,Ревда,college,Ревдинский филиал СОМК Ревдинский филиал Свердловский областной медицинский колледж
RU,Россия,Ревда,college,Ревдинский филиал УГК им. И.И. Ползунова Ревдинский филиал Уральского государственного колледжа имени И.И. Ползунова
RU,Россия,Ревда,college,РМТ Ревдинский многопрофильный техникум
RU,Россия,Ревда,college,РПК Ревдинский педагогический колледж
RU,Россия,Ревда,general,Ревдинская школа
RU,Россия,Ревда,general,Ревдская средняя общеобразовательная школа им. В.С. Воронина
RU,Россия,Ревда,general,Средняя школа №1
RU,Россия,Ревда,general,Средняя школа №10
RU,Россия,Ревда,general,Средняя школа №2
RU,Россия,Ревда,general,Средняя школа №28
RU,Россия,Ревда,general,Средняя школа №29
RU,Россия,Ревда,general,Средняя школа №3
RU,Россия,Ревда,general,Средняя школа №7
RU,Россия,Ревда,general,Средняя школа №9
RU,Россия,Реутов,general,Гимназия
RU,Россия,Реутов,general,Лицей
RU,Россия,Реутов,general,Средняя общеобразовательная школа № 1
RU,Россия,Реутов,general,Средняя общеобразовательная школа № 10
RU,Россия,Реутов,general,Средняя общеобразовательная школа № 3 с углубленным изучением отдельных предметов
RU,Россия,Реутов,general,Средняя общеобразовательная школа № 4
RU,Россия,Реутов,general,Средняя общеобразовательная школа № 6 с углубленным изучением отдельных предметов
RU,Россия,Реутов,general,Средняя общеобразовательная школа № 7
RU,Россия,Реутов,general,Средняя школа №2
RU,Россия,Реутов,general,Средняя школа №3
RU,Россия,Реутов,general,Средняя школа №5
RU,Россия,Реутов,general,Средняя школа №6
RU,Россия,Ржев,general,Гимназия № 10
RU,Россия,Ржев,general,ГКОУ ВСОШ № 2 Г. Ржева
RU,Россия,Ржев,general,Лицей № 35
RU,Россия,Ржев,general,МОУ Есинская СОШ
RU,Россия,Ржев,general,МОУ Итомлинская СОШ
RU,Россия,Ржев,general,МОУ ООШ ИМ. Обручева
RU,Россия,Ржев,general,МОУ СОШ № 1 Им.а.с.пушкина Г. Ржева
RU,Россия,Ржев,general,МОУ СОШ № 9 Имени В.Т. Степанченко Г. Ржева Тверской Области
RU,Россия,Ржев,general,МОУ Становская СОШ
RU,Россия,Ржев,general,МОУ Трубинская ООШ
RU,Россия,Ржев,general,МОУ Тудовская ООШ
RU,Россия,Ржев,general,МОУ Хорошевская НОШ
RU,Россия,Ржев,general,Основная общеобразовательная школа № 11
RU,Россия,Ржев,general,Средняя общеобразовательная школа № 12
RU,Россия,Ржев,general,Средняя общеобразовательная школа № 13
RU,Россия,Ржев,general,Средняя общеобразовательная школа № 2
RU,Россия,Ржев,general,Средняя общеобразовательная школа № 4
RU,Россия,Ржев,general,Средняя общеобразовательная школа № 5
RU,Россия,Ржев,general,Средняя общеобразовательная школа № 7
RU,Россия,Ржев,general,Средняя общеобразовательная школа № 8
RU,Россия,Рославль,general,Открытая (сменная) школа
RU,Россия,Рославль,general,Открытая (сменная) школа № 6
RU,Россия,Рославль,general,Средняя школа № 1 имени Героя Советского Союза Е.И. Стерина
RU,Россия,Рославль,general,Средняя школа № 10
RU,Россия,Рославль,general,Средняя школа № 2
RU,Россия,Рославль,general,Средняя школа № 3
RU,Россия,Рославль,general,Средняя школа № 4
RU,Россия,Рославль,general,Средняя школа № 5
RU,Россия,Рославль,general,Средняя школа № 6 имени Героя Советского Союза В.А. Стёпина
RU,Россия,Рославль,general,Средняя школа № 7 имени Героя Советского Союза Б.С. Левина
RU,Россия,Рославль,general,Средняя школа № 8
RU,Россия,Рославль,general,Средняя школа № 9
RU,Россия,Ростов-на-Дону,college,АТТ Аксайский технологический техникум
RU,Россия,Ростов-на-Дону,college,ВПК им. М.А. Шолохова Вешенский педагогический колледж им М.А. Шолохова
RU,Россия,Ростов-на-Дону,college,ДПК Донской педагогический колледж
RU,Россия,Ростов-на-Дону,college,ДПТК Донской промышленно-технический колледж им. Б.Н. Слюсаря
RU,Россия,Ростов-на-Дону,college,КАТТ им. В.Е. Теплухина Каргинский аграрно-технологический техникум им. В.Е. Теплухина
RU,Россия,Ростов-на-Дону,college,КМК Кущевский медицинский колледж
RU,Россия,Ростов-на-Дону,college,Колледж ИВТ им. Г.Я. Седова филиал ГМУ им. адм. Ф.Ф. Ушакова Колледж институт водного транспорта имени Г.Я. Седова филиал государственного морского уни
RU,Россия,Ростов-на-Дону,college,МАПТ Морозовский агропромышленный техникум
RU,Россия,Ростов-на-Дону,college,Матвеево-Курганский филиал РАДК Матвеево-Курганский филиал Ростовский-на-Дону автодорожный колледж
RU,Россия,Ростов-на-Дону,college,НКПТиУ Новочеркасский колледж промышленных технологий и управления
RU,Россия,Ростов-на-Дону,college,ПСХТ Пухляковский агропромышленный техникум
RU,Россия,Ростов-на-Дону,college,РАДК Ростовский-на-Дону автодорожный колледж
RU,Россия,Ростов-на-Дону,college,РАТК Ростовский-на-Дону автотранспортный колледж
RU,Россия,Ростов-на-Дону,college,РБМК Ростовский базовый медицинский колледж
RU,Россия,Ростов-на-Дону,college,РГМТ Ростовский-на-Дону гидрометеорологический техникум
RU,Россия,Ростов-на-Дону,college,РЖТ Ростовский-на-Дону железнодорожный техникум
RU,Россия,Ростов-на-Дону,college,РИПТ Ростовский индустриально-полиграфический техникум
RU,Россия,Ростов-на-Дону,college,РКВТ Ростовский-на-Дону колледж водного транспорта
RU,Россия,Ростов-на-Дону,college,"РКРИПТ Ростовский-на-Дону колледж радиоэлектроники, информационных и промышленных технологий"
RU,Россия,Ростов-на-Дону,college,"РКРСТ ""Сократ"" Ростовский колледж рекламы, сервиса и туризма ""Сократ"""
RU,Россия,Ростов-на-Дону,college,РКСИ Ростовский-на-Дону колледж связи и информатики
RU,Россия,Ростов-на-Дону,college,РКТМ Ростовский колледж технологий машиностроения
RU,Россия,Ростов-на-Дону,college,Ростовский-на-Дону филиал ВГИК Ростовский-на-Дону филиал Всероссийского государственного университета кинематографии имен
RU,Россия,Ростов-на-Дону,college,Ростовский филиал РГУП Ростовский филиал Российского государственного университета правосудия
RU,Россия,Ростов-на-Дону,college,Ростовского института (филиала) ВГУЮ (РПА Минюста России) Ростовский институт (филиал) Всероссийский государственный университет юстиции (РПА Минюст
RU,Россия,Ростов-на-Дону,college,РОУОР Ростовское областное училище (колледж) олимпийского резерва
RU,Россия,Ростов-на-Дону,college,РСК Ростовский-на-Дону строительный колледж
RU,Россия,Ростов-на-Дону,college,РСХТ Ростовский строительно-художественный техникум
RU,Россия,Ростов-на-Дону,college,"РТИМЭС Ростовский техникум индустрии моды, экономики и сервиса"
RU,Россия,Ростов-на-Дону,college,РТЭК Ростовский торгово-экономический колледж
RU,Россия,Ростов-на-Дону,college,Частный ЕК Егорлыкский колледж
RU,Россия,Ростов-на-Дону,college,Частный Колледж Академия ТОП Ростов-на-Дону Филиал колледжа «Академия ТОП Ростов-на-Дону»
RU,Россия,Ростов-на-Дону,college,Частный Колледж МедСкиллс Колледж МедСкиллс
RU,Россия,Ростов-на-Дону,college,Частный Колледж права и социальной безопасности РИЗП Колледж права и социальной безопасности Ростовского института защиты предпринимателя
RU,Россия,Ростов-на-Дону,college,Частный Колледж ЮУ (ИУБиП) Колледж Южного университета (ИУБиП)
RU,Россия,Ростов-на-Дону,general,Большелогская средняя школа
RU,Россия,Ростов-на-Дону,general,"ГКОУ РО ""РОСТОВСКАЯ-НА-ДОНУ Санаторная Школа-Интернат № 74"""
RU,Россия,Ростов-на-Дону,general,"ГКОУ РО ""ростовская Санаторная Школа-Интернат № 28"""
RU,Россия,Ростов-на-Дону,general,Грушевская средняя школа
RU,Россия,Ростов-на-Дону,general,Елизаветинская средняя школа
RU,Россия,Ростов-на-Дону,general,Истоминская основная школа
RU,Россия,Ростов-на-Дону,general,Калининская средняя школа №9
RU,Россия,Ростов-на-Дону,general,Каменно-Бродская основная школа
RU,Россия,Ростов-на-Дону,general,Краснокрымская средняя школа №12
RU,Россия,Ростов-на-Дону,general,Красносадовская средняя школа
RU,Россия,Ростов-на-Дону,general,Крымская средняя школа №5
RU,Россия,Ростов-на-Дону,general,Кулешовская средняя школа №16
RU,Россия,Ростов-на-Дону,general,Кулешовская средняя школа №17
RU,Россия,Ростов-на-Дону,general,Ленинская средняя школа
RU,Россия,Ростов-на-Дону,general,"МАОУ ""гимназия № 76"""
RU,Россия,Ростов-на-Дону,general,"МАОУ ""лицей № 11"""
RU,Россия,Ростов-на-Дону,general,"МАОУ ""лицей № 33"""
RU,Россия,Ростов-на-Дону,general,"МБОУ ""лицей № 20"""
RU,Россия,Ростов-на-Дону,general,"МБОУ ""лицей № 57"""
RU,Россия,Ростов-на-Дону,general,"МБОУ ""школа № 4"""
RU,Россия,Ростов-на-Дону,general,"МБОУ ""школа № 43"""
RU,Россия,Ростов-на-Дону,general,"МБОУ ""школа № 88"""
RU,Россия,Ростов-на-Дону,general,муниципальное бюджетное общеобразовательное учреждение города Ростова-на-Дону 'Школа № 90 имени Героя Советского Союза Пудовкина П.Г
RU,Россия,Ростов-на-Дону,general,Недвиговская средняя школа №16
RU,Россия,Ростов-на-Дону,general,неШкола 4К
RU,Россия,Ростов-на-Дону,general,Обуховская средняя школа
RU,Россия,Ростов-на-Дону,general,Октябрьская средняя школа
RU,Россия,Ростов-на-Дону,general,Рассветская средняя школа
RU,Россия,Ростов-на-Дону,general,Средняя общеобразовательная школа №1
RU,Россия,Ростов-на-Дону,general,Средняя общеобразовательная школа №100
RU,Россия,Ростов-на-Дону,general,Средняя общеобразовательная школа №112
RU,Россия,Ростов-на-Дону,general,Средняя общеобразовательная школа №13
RU,Россия,Ростов-на-Дону,general,Средняя общеобразовательная школа №17
RU,Россия,Ростов-на-Дону,general,Средняя школа
RU,Россия,Ростов-на-Дону,general,Средняя школа №101
RU,Россия,Ростов-на-Дону,general,Средняя школа №107
RU,Россия,Ростов-на-Дону,general,Средняя школа №109
RU,Россия,Ростов-на-Дону,general,Средняя школа №11
RU,Россия,Ростов-на-Дону,general,Средняя школа №110
RU,Россия,Ростов-на-Дону,general,Средняя школа №111
RU,Россия,Ростов-на-Дону,general,Средняя школа №113
RU,Россия,Ростов-на-Дону,general,Средняя школа №18
RU,Россия,Ростов-на-Дону,general,Средняя школа №19
RU,Россия,Ростов-на-Дону,general,Средняя школа №2
RU,Россия,Ростов-на-Дону,general,Средняя школа №21
RU,Россия,Ростов-на-Дону,general,Средняя школа №23
RU,Россия,Ростов-на-Дону,general,Средняя школа №24
RU,Россия,Ростов-на-Дону,general,Средняя школа №3
RU,Россия,Ростов-на-Дону,general,Средняя школа №30
RU,Россия,Ростов-на-Дону,general,Средняя школа №31
RU,Россия,Ростов-на-Дону,general,Средняя школа №37
RU,Россия,Ростов-на-Дону,general,Средняя школа №44
RU,Россия,Ростов-на-Дону,general,Средняя школа №49
RU,Россия,Ростов-на-Дону,general,Средняя школа №54
RU,Россия,Ростов-на-Дону,general,Средняя школа №55
RU,Россия,Ростов-на-Дону,general,Средняя школа №6
RU,Россия,Ростов-на-Дону,general,Средняя школа №61
RU,Россия,Ростов-на-Дону,general,Средняя школа №64
RU,Россия,Ростов-на-Дону,general,Средняя школа №67
RU,Россия,Ростов-на-Дону,general,Средняя школа №7
RU,Россия,Ростов-на-Дону,general,Средняя школа №77
RU,Россия,Ростов-на-Дону,general,Средняя школа №78
RU,Россия,Ростов-на-Дону,general,Средняя школа №8
RU,Россия,Ростов-на-Дону,general,Средняя школа №80
RU,Россия,Ростов-на-Дону,general,Средняя школа №82
RU,Россия,Ростов-на-Дону,general,Средняя школа №83
RU,Россия,Ростов-на-Дону,general,Средняя школа №86
RU,Россия,Ростов-на-Дону,general,Средняя школа №87
RU,Россия,Ростов-на-Дону,general,Средняя школа №90
RU,Россия,Ростов-на-Дону,general,Средняя школа №91
RU,Россия,Ростов-на-Дону,general,Средняя школа №92
RU,Россия,Ростов-на-Дону,general,Средняя школа №93
RU,Россия,Ростов-на-Дону,general,Средняя школа №94
RU,Россия,Ростов-на-Дону,general,Тимирязевская основная школа
RU,Россия,Ростов-на-Дону,general,Хаперская основная школа №15
RU,Россия,Ростов-на-Дону,general,Школа № 110 имени трижды Героя Советского Союза Маршала авиации Покрышкина Александра Ивановича
RU,Россия,Ростов-на-Дону,general,Школа № 115
RU,Россия,Ростов-на-Дону,general,Школа № 15
RU,Россия,Ростов-на-Дону,general,Школа № 53 имени Б.Н. Слюсаря
RU,Россия,Ростов-на-Дону,general,Школа №10
RU,Россия,Ростов-на-Дону,general,Школа №104
RU,Россия,Ростов-на-Дону,general,Школа №105
RU,Россия,Ростов-на-Дону,general,Школа №106
RU,Россия,Ростов-на-Дону,general,Школа №115 им. Юрия Андреевича Жданова
RU,Россия,Ростов-на-Дону,general,Школа №16
RU,Россия,Ростов-на-Дону,general,Школа №22
RU,Россия,Ростов-на-Дону,general,Школа №26
RU,Россия,Ростов-на-Дону,general,Школа №32
RU,Россия,Ростов-на-Дону,general,Школа №39
RU,Россия,Ростов-на-Дону,general,Школа №40
RU,Россия,Ростов-на-Дону,general,Школа №47
RU,Россия,Ростов-на-Дону,general,Школа №5
RU,Россия,Ростов-на-Дону,general,Школа №53
RU,Россия,Ростов-на-Дону,general,Школа №60
RU,Россия,Ростов-на-Дону,general,Школа №65 с углубленным изучением английского языка им. Героя Советского Союза Московенко В.И
RU,Россия,Ростов-на-Дону,general,Школа №68
RU,Россия,Ростов-на-Дону,general,Школа №70
RU,Россия,Ростов-на-Дону,general,Школа №72
RU,Россия,Ростов-на-Дону,general,Школа №75
RU,Россия,Ростов-на-Дону,general,Школа №79
RU,Россия,Ростов-на-Дону,general,Школа №81
RU,Россия,Ростов-на-Дону,general,Школа №84 им. героя России Дмитрия Петрова
RU,Россия,Ростов-на-Дону,general,Школа №85
RU,Россия,Ростов-на-Дону,general,Школа №88 им. Якова Петровича Бакланова
RU,Россия,Ростов-на-Дону,general,Школа №97
RU,Россия,Ростов-на-Дону,general,Школа №99 им. Героя Советского Союза Никулиной Е.А
RU,Россия,Ростов-на-Дону,private,Международная школа Алла Прима
RU,Россия,Ростов-на-Дону,university,Донская духовная семинария Ростовской-на-Дону Епархии Русской Православной Церкви
RU,Россия,Ростов-на-Дону,university,Донской государственный технический университет
RU,Россия,Ростов-на-Дону,university,Донской казачий государственный институт пищевых технологий и бизнеса (филиал)
RU,Россия,Ростов-на-Дону,university,Институт водного транспорта имени Г.Я. Седова - филиал
RU,Россия,Ростов-на-Дону,university,Московский университет им.С.Ю.Витте — филиал в г. Ростов-на-Дону
RU,Россия,Ростов-на-Дону,university,Ростовская государственная консерватория им. С.В.Рахманинова
RU,Россия,Ростов-на-Дону,university,Ростовский государственный медицинский университет
RU,Россия,Ростов-на-Дону,university,Ростовский государственный университет путей сообщения
RU,Россия,Ростов-на-Дону,university,Ростовский государственный экономический университет (РИНХ)
RU,Россия,Ростов-на-Дону,university,Ростовский институт защиты предпринимателя
RU,Россия,Ростов-на-Дону,university,Ростовский институт (филиал)
RU,Россия,Ростов-на-Дону,university,Ростовский-на-Дону филиал
RU,Россия,Ростов-на-Дону,university,Ростовский филиал
RU,Россия,Ростов-на-Дону,university,Ростовский филиал — Российская таможенная академия
RU,Россия,Ростов-на-Дону,university,Ростовский филиал — Российский государственный университет правосудия
RU,Россия,Ростов-на-Дону,university,Северо-Кавказский филиал ордена Трудового Красного Знамени
RU,Россия,Ростов-на-Дону,university,Южно-Российский гуманитарный институт
RU,Россия,Ростов-на-Дону,university,Южно-Российский институт управления - филиал
RU,Россия,Ростов-на-Дону,university,ЮЖНЫЙ УНИВЕРСИТЕТ (ИУБиП)
RU,Россия,Ростов-на-Дону,university,Южный федеральный университет
RU,Россия,Рубцовск,boarding,Рубцовская школа-интернат №1
RU,Россия,Рубцовск,boarding,Рубцовская школа-интернат №2
RU,Россия,Рубцовск,general,Алтайская школа №1
RU,Россия,Рубцовск,general,Алтайская школа №2
RU,Россия,Рубцовск,general,Основная школа №15
RU,Россия,Рубцовск,general,Основная школа №26
RU,Россия,Рубцовск,general,Открытая школа №1
RU,Россия,Рубцовск,general,Средняя школа № 13
RU,Россия,Рубцовск,general,Средняя школа №1
RU,Россия,Рубцовск,general,Средняя школа №18
RU,Россия,Рубцовск,general,Средняя школа №19
RU,Россия,Рубцовск,general,Средняя школа №23
RU,Россия,Рыбинск,boarding,Рыбинская школа-интернат №1
RU,Россия,Рыбинск,boarding,Рыбинская школа-интернат №2
RU,Россия,Рыбинск,college,Колледж Рыбинское ордена «Знак Почета» училище имени В.И. Калашникова – филиал ВГУВТ Колледж Рыбинское ордена «Знак Почета» училище имени В.И. Калашникова - филиал Волжского г
RU,Россия,Рыбинск,college,РКГИ Рыбинский колледж городской инфраструктуры
RU,Россия,Рыбинск,college,РЛТК Рыбинский лесотехнический колледж
RU,Россия,Рыбинск,college,РПК Рыбинский полиграфический колледж
RU,Россия,Рыбинск,college,РППК Рыбинский профессионально-педагогический колледж
RU,Россия,Рыбинск,college,РПЭК Рыбинский промышленно-экономический колледж
RU,Россия,Рыбинск,college,РТТК Рыбинский транспортно-технологический колледж
RU,Россия,Рыбинск,college,Рыбинский филиал ЯМК Рыбинский филиал Ярославский медицинский колледж
RU,Россия,Рыбинск,college,Частный РК МУБиНТ Рыбинский колледж МУБиНТ
RU,Россия,Рыбинск,general,Основная школа №15
RU,Россия,Рыбинск,general,Рыбинская школа №13
RU,Россия,Рыбинск,general,Средняя школа №1
RU,Россия,Рыбинск,general,Средняя школа №10
RU,Россия,Рыбинск,general,Средняя школа №11
RU,Россия,Рыбинск,general,Средняя школа №12
RU,Россия,Рыбинск,general,Средняя школа №17
RU,Россия,Рыбинск,general,Средняя школа №20
RU,Россия,Рыбинск,general,Средняя школа №21
RU,Россия,Рыбинск,general,Средняя школа №23
RU,Россия,Рыбинск,general,Средняя школа №24
RU,Россия,Рыбинск,general,Средняя школа №26
RU,Россия,Рыбинск,general,Средняя школа №27
RU,Россия,Рыбинск,general,Средняя школа №28
RU,Россия,Рыбинск,general,Средняя школа №29
RU,Россия,Рыбинск,general,Средняя школа №3
RU,Россия,Рыбинск,general,Средняя школа №30
RU,Россия,Рыбинск,general,Средняя школа №32
RU,Россия,Рыбинск,general,Средняя школа №36
RU,Россия,Рыбинск,general,Средняя школа №4
RU,Россия,Рыбинск,general,Средняя школа №43
RU,Россия,Рыбинск,general,Средняя школа №44
RU,Россия,Рыбинск,general,Средняя школа №5
RU,Россия,Рыбинск,general,Средняя школа №6
RU,Россия,Рязань,boarding,Костинская школа-интернат
RU,Россия,Рязань,boarding,Рязанская школа-интернат
RU,Россия,Рязань,boarding,Школа-интернат №18
RU,Россия,Рязань,boarding,Школа-интернат №26
RU,Россия,Рязань,college,"ОГБПОУ ""ШАТ"" Шиловский агротехнологический техникум"
RU,Россия,Рязань,college,РАТ имени С.А. Живаго Рязанский автотранспортный техникум им. С.А. Живаго
RU,Россия,Рязань,college,РГТК Рязанский технологический колледж
RU,Россия,Рязань,college,РЖК Рязанский железнодорожный колледж
RU,Россия,Рязань,college,"РИТПИ РУТХП Рязанский институт традиционного прикладного искусства - филиал ""Российский университет тр"
RU,Россия,Рязань,college,РК им. Н.Н. Комарова Рязанский колледж им. Н.Н. Комарова
RU,Россия,Рязань,college,РКЭ Рязанский колледж электроники
RU,Россия,Рязань,college,РМК Рязанский медицинский колледж
RU,Россия,Рязань,college,РМК Рязанский музыкальный колледж им. Г. и А. Пироговых
RU,Россия,Рязань,college,РМПК Рязанский многопрофильный колледж
RU,Россия,Рязань,college,РПК Рязанский педагогический колледж
RU,Россия,Рязань,college,РПТК Рязанский политехнический колледж
RU,Россия,Рязань,college,РСК Рязанский строительный колледж им. В.А. Беглова
RU,Россия,Рязань,college,РХУ им. Г. К. Вагнера Рязанское художественное училище имени Г.К. Вагнера
RU,Россия,Рязань,college,СК РГРТУ Станкостроительный колледж Рязанского государственного радиотехнического университета
RU,Россия,Рязань,college,СЭК Скопинский электротехнический колледж
RU,Россия,Рязань,college,Техникум Рязанский филиал ПГУПС Техникум филиал Петербургский государственный университет путей сообщения Императора Алекс
RU,Россия,Рязань,college,Факультет среднего профессионального образования РязГМУ им. И.П. Павлова Факультет среднего профессионального образования Рязанского государственного медицинский у
RU,Россия,Рязань,college,Частный Колледж правосудия Колледж правосудия г. Рязань
RU,Россия,Рязань,general,Александровская средняя школа
RU,Россия,Рязань,general,Баграмовская средняя школа
RU,Россия,Рязань,general,Батуринская основная школа
RU,Россия,Рязань,general,Варсковская средняя школа
RU,Россия,Рязань,general,Высоковская основная школа
RU,Россия,Рязань,general,Высоковская средняя школа
RU,Россия,Рязань,general,Вышгородская основная школа
RU,Россия,Рязань,general,Гимназия № 5
RU,Россия,Рязань,general,Дошкольное отделение
RU,Россия,Рязань,general,Дубровическая основная школа
RU,Россия,Рязань,general,Дядьковская средняя школа
RU,Россия,Рязань,general,Заборьевская средняя школа
RU,Россия,Рязань,general,Заокская средняя школа
RU,Россия,Рязань,general,Кораблинская основная школа
RU,Россия,Рязань,general,Костинская средняя школа
RU,Россия,Рязань,general,Кузьминская средняя школа им. С.А. Есенина
RU,Россия,Рязань,general,Листвянская средняя школа
RU,Россия,Рязань,general,Льговская средняя школа
RU,Россия,Рязань,general,Многопрофильная школа №17
RU,Россия,Рязань,general,Мурминская средняя школа
RU,Россия,Рязань,general,Мушковатовская начальная школа
RU,Россия,Рязань,general,Новоселковская основная школа
RU,Россия,Рязань,general,Ордена «Знак Почёта» гимназия № 2 имени И.П. Павлова
RU,Россия,Рязань,general,Перекальская основная школа
RU,Россия,Рязань,general,Подвязьевская средняя школа
RU,Россия,Рязань,general,Полянская средняя школа
RU,Россия,Рязань,general,Ровновская основная школа
RU,Россия,Рязань,general,Русская классическая школа
RU,Россия,Рязань,general,Рязанская средняя школа
RU,Россия,Рязань,general,Семено-Оленинская основная школа
RU,Россия,Рязань,general,Стенькинская вечерняя школа
RU,Россия,Рязань,general,Стенькинская основная школа
RU,Россия,Рязань,general,Турлатовская средняя школа
RU,Россия,Рязань,general,Центральная школа
RU,Россия,Рязань,general,Чурилковская средняя школа
RU,Россия,Рязань,general,Школа 360
RU,Россия,Рязань,general,Школа-интернат «Вера»
RU,Россия,Рязань,general,Школа № 10
RU,Россия,Рязань,general,Школа № 20
RU,Россия,Рязань,general,Школа № 23
RU,Россия,Рязань,general,Школа № 28
RU,Россия,Рязань,general,Школа № 30
RU,Россия,Рязань,general,Школа № 34
RU,Россия,Рязань,general,Школа № 37
RU,Россия,Рязань,general,Школа № 39
RU,Россия,Рязань,general,Школа № 41
RU,Россия,Рязань,general,Школа № 48
RU,Россия,Рязань,general,Школа № 56
RU,Россия,Рязань,general,"Школа № 58 имени Героя Российской Федерации, гвардии капитана Орлова Сергея Николаевича"
RU,Россия,Рязань,general,Школа № 60/61
RU,Россия,Рязань,general,Школа № 67
RU,Россия,Рязань,general,Школа № 69 «Центр развития образования»
RU,Россия,Рязань,general,Школа № 8 имени Героя Российской Федерации Соколова Романа Владимировича
RU,Россия,Рязань,general,Школа № 9
RU,Россия,Рязань,general,Школа №1
RU,Россия,Рязань,general,Школа №11
RU,Россия,Рязань,general,Школа №13
RU,Россия,Рязань,general,Школа №14
RU,Россия,Рязань,general,Школа №15
RU,Россия,Рязань,general,Школа №16
RU,Россия,Рязань,general,Школа №19 (25)
RU,Россия,Рязань,general,Школа №21
RU,Россия,Рязань,general,Школа №22
RU,Россия,Рязань,general,Школа №24
RU,Россия,Рязань,general,Школа №29
RU,Россия,Рязань,general,Школа №3
RU,Россия,Рязань,general,Школа №32
RU,Россия,Рязань,general,Школа №33
RU,Россия,Рязань,general,Школа №35
RU,Россия,Рязань,general,Школа №36
RU,Россия,Рязань,general,Школа №38
RU,Россия,Рязань,general,Школа №40
RU,Россия,Рязань,general,Школа №43
RU,Россия,Рязань,general,Школа №44
RU,Россия,Рязань,general,Школа №45
RU,Россия,Рязань,general,Школа №46
RU,Россия,Рязань,general,Школа №47
RU,Россия,Рязань,general,Школа №49
RU,Россия,Рязань,general,Школа №50
RU,Россия,Рязань,general,Школа №51
RU,Россия,Рязань,general,Школа №53
RU,Россия,Рязань,general,Школа №54
RU,Россия,Рязань,general,Школа №55
RU,Россия,Рязань,general,Школа №57
RU,Россия,Рязань,general,Школа №58
RU,Россия,Рязань,general,Школа №59
RU,Россия,Рязань,general,Школа №6
RU,Россия,Рязань,general,Школа №62
RU,Россия,Рязань,general,Школа №63
RU,Россия,Рязань,general,Школа №64
RU,Россия,Рязань,general,Школа №65
RU,Россия,Рязань,general,Школа №66
RU,Россия,Рязань,general,Школа №68
RU,Россия,Рязань,general,Школа №69
RU,Россия,Рязань,general,Школа №70
RU,Россия,Рязань,general,Школа №71
RU,Россия,Рязань,general,Школа №72
RU,Россия,Рязань,general,Школа №73
RU,Россия,Рязань,general,Школа №74
RU,Россия,Рязань,general,Школа №75
RU,Россия,Рязань,general,Школа №76
RU,Россия,Рязань,general,Школа №8
RU,Россия,Рязань,general,Школа №9/31
RU,Россия,Рязань,general,Шумашская основная школа
RU,Россия,Рязань,university,Московский университет им.С.Ю.Витте — филиал в г. Рязань
RU,Россия,Рязань,university,Региональный институт бизнеса и управления
RU,Россия,Рязань,university,Рязанский государственный агротехнологический университет имени П.А.Костычева
RU,Россия,Рязань,university,Рязанский государственный медицинский университет имени академика И.П. Павлова
RU,Россия,Рязань,university,Рязанский государственный радиотехнический университет имени В.Ф. Уткина
RU,Россия,Рязань,university,Рязанский государственный университет имени С.А. Есенина
RU,Россия,Рязань,university,Рязанский институт (филиал) Московского политехнического университета
RU,Россия,Рязань,university,Современный технический университет
RU,Россия,Салават,college,СИК Салаватский индустриальный колледж
RU,Россия,Салават,college,СКОиПТ Салаватский колледж образования и профессиональных технологий
RU,Россия,Салават,college,СМК Салаватский медицинский колледж
RU,Россия,Салават,college,СМК Салаватский музыкальный колледж
RU,Россия,Салават,college,СМСК Салаватский механико-строительный колледж
RU,Россия,Салават,college,УКИПиС филиал в г. Салават Уфимский колледж индустрии питания и сервиса филиал в филиал в г. Салават
RU,Россия,Салават,college,"Частный Колледж Академия ТОП Салават Приемная комиссия АНО ПОО Московский международный колледж цифровых технологий ""Академия Т"
RU,Россия,Салават,general,Салаватская коррекционная школа
RU,Россия,Салават,general,Средняя общеобразовательная школа №17
RU,Россия,Салават,general,Средняя общеобразовательная школа №18
RU,Россия,Салават,general,Средняя школа №11
RU,Россия,Салават,general,Средняя школа №15
RU,Россия,Салават,general,Средняя школа №19
RU,Россия,Салават,general,Средняя школа №20
RU,Россия,Салават,general,Средняя школа №21
RU,Россия,Салават,general,Средняя школа №22
RU,Россия,Салават,general,Средняя школа №23
RU,Россия,Салават,general,Средняя школа №24
RU,Россия,Салават,general,Средняя школа №4
RU,Россия,Салават,general,Средняя школа №7
RU,Россия,Самара,boarding,Коррекционная школа-интернат №115
RU,Россия,Самара,boarding,Школа-интернат для обучающихся с ограниченными возможностями здоровья
RU,Россия,Самара,boarding,Школа-интернат № 4 для обучающихся с ограниченными возможностями здоровья городского округа Самара
RU,Россия,Самара,boarding,Школа-интернат № 71 для обучающихся с ограниченными возможностями здоровья городского округа Самара
RU,Россия,Самара,boarding,Школа-интернат №111
RU,Россия,Самара,boarding,Школа-интернат №113 для обучающихся с ограниченными возможностями здоровья городского округа Самара
RU,Россия,Самара,boarding,Школа-интернат №117 им. Т.С. Зыковой для обучающихся с ограниченными возможностями здоровья городского округа Самара
RU,Россия,Самара,boarding,Школа-интернат №136
RU,Россия,Самара,boarding,Школа-интернат №17 для детей с ограниченными возможностями здоровья городского округа Самара
RU,Россия,Самара,college,АПУ Алексеевский государственный техникум
RU,Россия,Самара,college,БАТ Безенчукский аграрный техникум
RU,Россия,Самара,college,БГСХТ им.Героя Советского Союза Смолякова И.И. Богатовский государственный сельскохозяйственный техникум имени Героя Советского Союза Смо
RU,Россия,Самара,college,БГТ Большеглушицкий государственный техникум
RU,Россия,Самара,college,ГТ м.р. Кошкинский Губернский техникум м.р. Кошкинский
RU,Россия,Самара,college,ДГТ Домашкинский государственный техникум
RU,Россия,Самара,college,КГТ им. Героя Социалистического Труда Пенина Н.Н. Красноармейский государственный техникум имени Героя Социалистического Труда Николая Никиф
RU,Россия,Самара,college,КГТ Кинельский государственный техникум
RU,Россия,Самара,college,Кинель-Черкасский филиал ТМедК Кинель-Черкасский филиал Тольяттинского медицинского колледжа
RU,Россия,Самара,college,Колледж Самарский филиал ВГУВТ Колледж Самарского филиала Волжского государственного университета водного транспорта
RU,Россия,Самара,college,Колледж связи ПГУТИ Колледж связи Поволжский государственный университет телекоммуникаций и информатики
RU,Россия,Самара,college,Колледж СГЭУ Колледж Самарский государственный экономический университет
RU,Россия,Самара,college,КЧСХТ Кинель-Черкасский сельскохозяйственный техникум
RU,Россия,Самара,college,ОЦ с. Камышла Образовательный центр с. Камышла
RU,Россия,Самара,college,ПГК Поволжский государственный колледж
RU,Россия,Самара,college,СаАТ Авиационный техникум Самарский национальный исследовательский университет имени академика
RU,Россия,Самара,college,Самарское хореографическое училище (колледж) Самарское хореографическое училище (колледж)
RU,Россия,Самара,college,СаМеК Самарский металлургический колледж
RU,Россия,Самара,college,СамКЖТ им. А.А. Буянова Самарский колледж железнодорожного транспорта имени А.А. Буянова Самарского государственно
RU,Россия,Самара,college,СГК Самарский государственный колледж
RU,Россия,Самара,college,СГКСТД Самарский государственный колледж сервисных технологий и дизайна
RU,Россия,Самара,college,СГТ Сергиевский губернский техникум
RU,Россия,Самара,college,СКСПО им. Героя РФ Е.В. Золотухина Самарский колледж сервиса производственного оборудования имени Героя Российской Федерации
RU,Россия,Самара,college,СМК им. Бартенева Самарский многопрофильный колледж им. Бартенева В.В
RU,Россия,Самара,college,СМК им. Н.Ляпиной Самарский медицинский колледж им. Н.Ляпиной
RU,Россия,Самара,college,СМК им. Н. Ляпиной филиал Безенчукский Самарский медицинский колледж имени Н. Ляпиной филиал Безенчукский
RU,Россия,Самара,college,СМК им. Н. Ляпиной филиал Борский Самарский медицинский колледж им. Н. Ляпиной филиал Борский
RU,Россия,Самара,college,СМК Самарский машиностроительный колледж
RU,Россия,Самара,college,СМУ им. Д.Г. Шаталова Самарское музыкальное училище им. Д.Г. Шаталова
RU,Россия,Самара,college,СОУКИ Самарское областное училище культуры и искусств
RU,Россия,Самара,college,СПК Самарский политехнический колледж
RU,Россия,Самара,college,ССПК Самарский социально-педагогический колледж
RU,Россия,Самара,college,СТАПМ им. Д.И. Козлова Самарский техникум авиационного и промышленного машиностроения имени Д.И. Козлова
RU,Россия,Самара,college,СТКИ Самарский техникум кулинарного искусства
RU,Россия,Самара,college,СТПТ Самарский техникум промышленных технологий
RU,Россия,Самара,college,СТЭК Самарский торгово-экономический колледж
RU,Россия,Самара,college,СФЭК Финуниверситета Самарский финансово-экономический колледж
RU,Россия,Самара,college,СХУ им. К.С. Петрова-Водкина Самарское художественное училище им. К.С. Петрова-Водкина
RU,Россия,Самара,college,СЭК им. П. Мачнева Строительно-энергетический колледж им. П. Мачнева
RU,Россия,Самара,college,СЭК Самарский энергетический колледж
RU,Россия,Самара,college,ТК им. Н.Д. Кузнецова Технологический колледж им. Н.Д. Кузнецова
RU,Россия,Самара,college,УСХТ Усольский сельскохозяйственный техникум
RU,Россия,Самара,college,ФГБУ ПОО ГУОР г. Самара Государственное училище (техникум) олимпийского резерва г. Самара
RU,Россия,Самара,college,ХГТ им. Юрия Рябова Хворостянский государственный техникум им. Юрия Рябова
RU,Россия,Самара,college,Частный Колледж Академия ТОП Самара Филиал колледжа «Академия ТОП Самара»
RU,Россия,Самара,college,Частный МИР Колледж Международный институт рынка
RU,Россия,Самара,college,Частный ПЭЮК Поволжский экономико-юридический колледж
RU,Россия,Самара,college,Частный СКСП - филиал НИУ МГСУ Самарский колледж строительства и предпринимательства - филиал Национальный исследовательс
RU,Россия,Самара,college,ЧГК Чапаевский губернский колледж
RU,Россия,Самара,college,ЧХТТ Чапаевский химико-технологический техникум
RU,Россия,Самара,general,Cемейная Вальдорфская школа
RU,Россия,Самара,general,Гимназия № 4
RU,Россия,Самара,general,Лицей «Созвездие» № 131
RU,Россия,Самара,general,Мочалеевская основная школа
RU,Россия,Самара,general,Начальная школа с. Арзамасцевка
RU,Россия,Самара,general,Основная общеобразовательная школа
RU,Россия,Самара,general,Основная общеобразовательная школа им. Героя Советского Союза М.А. Веселова
RU,Россия,Самара,general,Основная общеобразовательная школа с. Аверьяновка
RU,Россия,Самара,general,Основная общеобразовательная школа с. Андреевка
RU,Россия,Самара,general,Основная общеобразовательная школа с. Максимовка
RU,Россия,Самара,general,Основная школа
RU,Россия,Самара,general,Основная школа №119
RU,Россия,Самара,general,Основная школа №12
RU,Россия,Самара,general,Основная школа №2
RU,Россия,Самара,general,Самарская Вальдорфская школа
RU,Россия,Самара,general,Средняя общеобразовательная школа
RU,Россия,Самара,general,Средняя общеобразовательная школа им. А.И. Кузнецова
RU,Россия,Самара,general,Средняя общеобразовательная школа Образовательный центр
RU,Россия,Самара,general,Средняя общеобразовательная школа-образовательный центр с. Богатое
RU,Россия,Самара,general,Средняя общеобразовательная школа пос. Комсомольский
RU,Россия,Самара,general,Средняя общеобразовательная школа пос. Октябрьский им. дважды Героя Советского Союза А.И. Колдунова
RU,Россия,Самара,general,Средняя общеобразовательная школа с. Домашка
RU,Россия,Самара,general,Средняя общеобразовательная школа с. Сырейка
RU,Россия,Самара,general,Средняя общеобразовательная школа с. Утевка
RU,Россия,Самара,general,Средняя школа
RU,Россия,Самара,general,Средняя школа №1
RU,Россия,Самара,general,Средняя школа №132
RU,Россия,Самара,general,Средняя школа №19
RU,Россия,Самара,general,Средняя школа №2
RU,Россия,Самара,general,Средняя школа №24
RU,Россия,Самара,general,Средняя школа №25
RU,Россия,Самара,general,Средняя школа №28
RU,Россия,Самара,general,Средняя школа №3
RU,Россия,Самара,general,Средняя школа №39
RU,Россия,Самара,general,Средняя школа №4
RU,Россия,Самара,general,филиал Средней Общеобразовательной Школы с. Колывань
RU,Россия,Самара,general,Школа
RU,Россия,Самара,general,Школа-интернат «Преодоление» для обучающихся с ограниченными возможностями здоровья городского округа Самара
RU,Россия,Самара,general,Школа - интернат № 111 для обучающихся с ограниченными возможностями здоровья городского округа Самара
RU,Россия,Самара,general,Школа-интернат № 136 для обучающихся с ограниченными возможностями здоровья городского округа Самара
RU,Россия,Самара,general,Школа-интернат № 17 для обучающихся с ограниченными возможностями здоровья городского округа Самара
RU,Россия,Самара,general,Школа Яктылык
RU,Россия,Самара,general,Школа «Яктылык» с углубленным изучением отдельных предметов
RU,Россия,Самара,general,Школа № 123
RU,Россия,Самара,general,Школа № 140 имени Героя Советского Союза В.В.Сапожникова
RU,Россия,Самара,general,Школа № 144
RU,Россия,Самара,general,Школа № 144 имени Маршала Советского Союза Д.Ф.Устинова
RU,Россия,Самара,general,Школа № 155
RU,Россия,Самара,general,Школа № 16
RU,Россия,Самара,general,Школа № 163
RU,Россия,Самара,general,Школа № 21 имени В.С.Антонова
RU,Россия,Самара,general,Школа № 46
RU,Россия,Самара,general,Школа № 52 имени Ф.Ф. Селина
RU,Россия,Самара,general,Школа № 67 с углубленным изучением отдельных предметов
RU,Россия,Самара,general,Школа № 69 имени Героя Советского Союза А.С.Бойцова
RU,Россия,Самара,general,Школа № 80
RU,Россия,Самара,general,Школа № 87 имени Г.И.Герасименко
RU,Россия,Самара,general,Школа № 92
RU,Россия,Самара,general,Школа №100
RU,Россия,Самара,general,Школа №101
RU,Россия,Самара,general,Школа №102
RU,Россия,Самара,general,Школа №103
RU,Россия,Самара,general,Школа №105
RU,Россия,Самара,general,Школа №106
RU,Россия,Самара,general,Школа №108 им. С.В. Ильюшина
RU,Россия,Самара,general,Школа №109
RU,Россия,Самара,general,Школа №110
RU,Россия,Самара,general,Школа №112
RU,Россия,Самара,general,Школа №114
RU,Россия,Самара,general,Школа №116
RU,Россия,Самара,general,Школа №118
RU,Россия,Самара,general,Школа №12
RU,Россия,Самара,general,Школа №120 с углублённым изучением отдельных предметов
RU,Россия,Самара,general,Школа №121
RU,Россия,Самара,general,Школа №122
RU,Россия,Самара,general,Школа №127
RU,Россия,Самара,general,Школа №128
RU,Россия,Самара,general,Школа №129
RU,Россия,Самара,general,Школа №13
RU,Россия,Самара,general,Школа №134
RU,Россия,Самара,general,Школа №137
RU,Россия,Самара,general,Школа №139
RU,Россия,Самара,general,Школа №140
RU,Россия,Самара,general,Школа №141
RU,Россия,Самара,general,Школа №145
RU,Россия,Самара,general,Школа №146
RU,Россия,Самара,general,Школа №147
RU,Россия,Самара,general,Школа №148
RU,Россия,Самара,general,Школа №149
RU,Россия,Самара,general,Школа №15
RU,Россия,Самара,general,Школа №150
RU,Россия,Самара,general,Школа №153
RU,Россия,Самара,general,Школа №154
RU,Россия,Самара,general,Школа №156
RU,Россия,Самара,general,Школа №157
RU,Россия,Самара,general,Школа №161
RU,Россия,Самара,general,Школа №162
RU,Россия,Самара,general,Школа №164
RU,Россия,Самара,general,Школа №165
RU,Россия,Самара,general,Школа №166
RU,Россия,Самара,general,Школа №167
RU,Россия,Самара,general,Школа №168
RU,Россия,Самара,general,Школа №170
RU,Россия,Самара,general,Школа №174
RU,Россия,Самара,general,Школа №175
RU,Россия,Самара,general,Школа №176
RU,Россия,Самара,general,Школа №177
RU,Россия,Самара,general,Школа №178
RU,Россия,Самара,general,Школа №18
RU,Россия,Самара,general,Школа №20
RU,Россия,Самара,general,Школа №21
RU,Россия,Самара,general,Школа №22
RU,Россия,Самара,general,Школа №26
RU,Россия,Самара,general,Школа №27
RU,Россия,Самара,general,Школа №29
RU,Россия,Самара,general,Школа №32
RU,Россия,Самара,general,Школа №33
RU,Россия,Самара,general,Школа №34
RU,Россия,Самара,general,Школа №35
RU,Россия,Самара,general,Школа №36
RU,Россия,Самара,general,Школа №37
RU,Россия,Самара,general,Школа №38
RU,Россия,Самара,general,Школа №40
RU,Россия,Самара,general,Школа №42
RU,Россия,Самара,general,Школа №43
RU,Россия,Самара,general,Школа №45
RU,Россия,Самара,general,Школа №47
RU,Россия,Самара,general,Школа №48
RU,Россия,Самара,general,Школа №49
RU,Россия,Самара,general,Школа №5
RU,Россия,Самара,general,Школа №50
RU,Россия,Самара,general,Школа №51
RU,Россия,Самара,general,Школа №52
RU,Россия,Самара,general,Школа №53
RU,Россия,Самара,general,Школа №55
RU,Россия,Самара,general,Школа №57
RU,Россия,Самара,general,Школа №58
RU,Россия,Самара,general,Школа №59
RU,Россия,Самара,general,Школа №6
RU,Россия,Самара,general,Школа №62
RU,Россия,Самара,general,Школа №63 с углубленным изучением отдельных предметов им. Н.И. Мельникова
RU,Россия,Самара,general,Школа №64
RU,Россия,Самара,general,Школа №65 им. Героя Советского Союза В. Д. Андреянова
RU,Россия,Самара,general,Школа №66
RU,Россия,Самара,general,Школа №67
RU,Россия,Самара,general,Школа №68
RU,Россия,Самара,general,Школа №69
RU,Россия,Самара,general,Школа №7
RU,Россия,Самара,general,Школа №70
RU,Россия,Самара,general,Школа №72
RU,Россия,Самара,general,Школа №73
RU,Россия,Самара,general,Школа №74
RU,Россия,Самара,general,Школа №76
RU,Россия,Самара,general,Школа №77
RU,Россия,Самара,general,Школа №78
RU,Россия,Самара,general,Школа №79
RU,Россия,Самара,general,Школа №8
RU,Россия,Самара,general,Школа №81
RU,Россия,Самара,general,Школа №83
RU,Россия,Самара,general,Школа №85
RU,Россия,Самара,general,Школа №86
RU,Россия,Самара,general,Школа №87
RU,Россия,Самара,general,Школа №89
RU,Россия,Самара,general,Школа №9
RU,Россия,Самара,general,Школа №90
RU,Россия,Самара,general,Школа №91
RU,Россия,Самара,general,Школа №93
RU,Россия,Самара,general,Школа №94
RU,Россия,Самара,general,Школа №96
RU,Россия,Самара,general,Школа №98
RU,Россия,Самара,general,Школа №99
RU,Россия,Самара,university,Медицинский университет «Реавиз»
RU,Россия,Самара,university,Международный институт рынка
RU,Россия,Самара,university,Поволжский государственный университет телекоммуникаций и информатики
RU,Россия,Самара,university,Приволжский государственный университет путей сообщения
RU,Россия,Самара,university,Самарский государственный институт культуры
RU,Россия,Самара,university,Самарский государственный медицинский университет
RU,Россия,Самара,university,Самарский государственный социально-педагогический университет
RU,Россия,Самара,university,Самарский государственный технический университет
RU,Россия,Самара,university,Самарский государственный экономический университет
RU,Россия,Самара,university,Самарский национальный исследовательский университет имени академика С.П. Королева
RU,Россия,Самара,university,Самарский филиал
RU,Россия,Самара,university,Самарский филиал — Московский городской педагогический университет
RU,Россия,Санкт-Петербург,boarding,Волосовская школа-интернат
RU,Россия,Санкт-Петербург,boarding,Дом-интернат №5
RU,Россия,Санкт-Петербург,boarding,Мгинская Школа-Интернат для Детей с Нарушениями Зрения
RU,Россия,Санкт-Петербург,boarding,Сиверская школа-интернат
RU,Россия,Санкт-Петербург,boarding,Школа-интернат №18
RU,Россия,Санкт-Петербург,boarding,Школа-интернат №2
RU,Россия,Санкт-Петербург,boarding,Школа-интернат №22
RU,Россия,Санкт-Петербург,boarding,Школа-интернат №31
RU,Россия,Санкт-Петербург,boarding,Школа-интернат №37
RU,Россия,Санкт-Петербург,boarding,Школа-интернат №8
RU,Россия,Санкт-Петербург,boarding,Школа-интернат №9
RU,Россия,Санкт-Петербург,boarding,Юкковская специальная школа-интернат
RU,Россия,Санкт-Петербург,general,АБ Школа
RU,Россия,Санкт-Петербург,general,Аннинская школа
RU,Россия,Санкт-Петербург,general,Бегуницкая средняя школа
RU,Россия,Санкт-Петербург,general,Большеижорская школа
RU,Россия,Санкт-Петербург,general,Большеколпанская средняя школа
RU,Россия,Санкт-Петербург,general,Бородинская средняя школа
RU,Россия,Санкт-Петербург,general,Веревская средняя школа
RU,Россия,Санкт-Петербург,general,Вещевская основная школа
RU,Россия,Санкт-Петербург,general,Возрожденская средняя школа
RU,Россия,Санкт-Петербург,general,Войсковицкая средняя школа №1
RU,Россия,Санкт-Петербург,general,Войсковицкая средняя школа №2
RU,Россия,Санкт-Петербург,general,Войскоровская основная школа
RU,Россия,Санкт-Петербург,general,Всеволожская открытая школа №2
RU,Россия,Санкт-Петербург,general,Вырицкая средняя школа №1
RU,Россия,Санкт-Петербург,general,Гавриловская основная школа
RU,Россия,Санкт-Петербург,general,Газпром школа
RU,Россия,Санкт-Петербург,general,Гарболовская средняя школа
RU,Россия,Санкт-Петербург,general,ГБОУ Гимназия № 41 Имени Эриха Кестнера Приморского Района Санкт-Петербурга
RU,Россия,Санкт-Петербург,general,ГБОУ Гимназия № 85 Санкт-Петербурга
RU,Россия,Санкт-Петербург,general,ГБОУ Лицей № 144 Калининского Района Санкт-Петербурга
RU,Россия,Санкт-Петербург,general,ГБОУ СОШ № 111 С Углубленным Изучением Немецкого Языка Калининского Района Санкт-Петербурга
RU,Россия,Санкт-Петербург,general,ГБОУ СОШ № 158 Калининского Района Санкт-Петербурга
RU,Россия,Санкт-Петербург,general,ГБОУ СОШ № 381 Кировского Района Санкт-Петербурга
RU,Россия,Санкт-Петербург,general,ГБОУ СОШ № 435 Курортного Района Санкт-Петербурга
RU,Россия,Санкт-Петербург,general,ГБОУ СОШ № 450 Курортного Района Санкт-Петербурга
RU,Россия,Санкт-Петербург,general,ГБОУ СОШ № 86 Петроградского Района Санкт-Петербурга
RU,Россия,Санкт-Петербург,general,ГБОУ СОШ № 96 Калининского Района Санкт-Петербурга
RU,Россия,Санкт-Петербург,general,ГБОУ Средняя Школа № 301 Фрунзенского Района Санкт-Петербурга
RU,Россия,Санкт-Петербург,general,ГБОУ Школа № 10 Калининского Района Санкт-Петербурга
RU,Россия,Санкт-Петербург,general,ГБОУ Школа № 37 Фрунзенского Района Санкт-Петербурга
RU,Россия,Санкт-Петербург,general,ГБОУ Школа № 471 Выборгского Района Санкт-Петербурга
RU,Россия,Санкт-Петербург,general,ГБОУ Школа № 480 Кировского Района Санкт-Петербурга
RU,Россия,Санкт-Петербург,general,ГБОУ Школа № 6 Выборгского Района Санкт-Петербурга
RU,Россия,Санкт-Петербург,general,Гимназия 643
RU,Россия,Санкт-Петербург,general,Гончаровская средняя школа
RU,Россия,Санкт-Петербург,general,Гостилицкая школа
RU,Россия,Санкт-Петербург,general,Громовская средняя школа
RU,Россия,Санкт-Петербург,general,Джатиевская основная школа
RU,Россия,Санкт-Петербург,general,Дубровская средняя школа
RU,Россия,Санкт-Петербург,general,Елизаветинская средняя школа
RU,Россия,Санкт-Петербург,general,Житковская средняя школа
RU,Россия,Санкт-Петербург,general,Запорожская основная школа
RU,Россия,Санкт-Петербург,general,Зимитицкая основная школа
RU,Россия,Санкт-Петербург,general,Инженерно-технологическая школа
RU,Россия,Санкт-Петербург,general,Калитинская средняя школа
RU,Россия,Санкт-Петербург,general,Каменская средняя школа
RU,Россия,Санкт-Петербург,general,Кикеренская средняя школа
RU,Россия,Санкт-Петербург,general,Кикеринская средняя школа
RU,Россия,Санкт-Петербург,general,Кипенская школа
RU,Россия,Санкт-Петербург,general,Кирилловская средняя школа
RU,Россия,Санкт-Петербург,general,Кобраловская основная школа
RU,Россия,Санкт-Петербург,general,Кобринская основная школа
RU,Россия,Санкт-Петербург,general,Коммунарская основная школа
RU,Россия,Санкт-Петербург,general,Кондратьевская средняя школа
RU,Россия,Санкт-Петербург,general,Копорская школа
RU,Россия,Санкт-Петербург,general,Коробицинская средняя школа
RU,Россия,Санкт-Петербург,general,Коррекционная школа №131
RU,Россия,Санкт-Петербург,general,Красноармейская основная школа
RU,Россия,Санкт-Петербург,general,Красноозёрненская основная школа
RU,Россия,Санкт-Петербург,general,Кузнеченская средняя школа
RU,Россия,Санкт-Петербург,general,Кузьмоловская средняя школа №1
RU,Россия,Санкт-Петербург,general,Лаголовская школа
RU,Россия,Санкт-Петербург,general,Лесогорская средняя общеобразовательная школа
RU,Россия,Санкт-Петербург,general,Лицей
RU,Россия,Санкт-Петербург,general,Лицей № 280 им. М. Ю. Лермонтова
RU,Россия,Санкт-Петербург,general,Лицей №211
RU,Россия,Санкт-Петербург,general,Лицей №280
RU,Россия,Санкт-Петербург,general,Лицей №329
RU,Россия,Санкт-Петербург,general,Лицей №410
RU,Россия,Санкт-Петербург,general,Лицей №95
RU,Россия,Санкт-Петербург,general,Ломоносовская школа №3
RU,Россия,Санкт-Петербург,general,Лукашевская средняя школа
RU,Россия,Санкт-Петербург,general,ЛюбоШкола
RU,Россия,Санкт-Петербург,general,Мгинская средняя школа
RU,Россия,Санкт-Петербург,general,Мельниковская средняя школа
RU,Россия,Санкт-Петербург,general,Мичуринская средняя школа
RU,Россия,Санкт-Петербург,general,Монтессори-школа Михайловой
RU,Россия,Санкт-Петербург,general,Морская школа
RU,Россия,Санкт-Петербург,general,Моя семейная школа
RU,Россия,Санкт-Петербург,general,Моя школа
RU,Россия,Санкт-Петербург,general,Нагорная школа
RU,Россия,Санкт-Петербург,general,Начальная школа
RU,Россия,Санкт-Петербург,general,Начальная школа №300
RU,Россия,Санкт-Петербург,general,Начальная школа №437
RU,Россия,Санкт-Петербург,general,Начальная школа №611
RU,Россия,Санкт-Петербург,general,Начальная школа №615
RU,Россия,Санкт-Петербург,general,Начальная школа №99
RU,Россия,Санкт-Петербург,general,Невская школа
RU,Россия,Санкт-Петербург,general,Немецкая школа
RU,Россия,Санкт-Петербург,general,Немецкая школа Иоганн-Гёте-Шуле
RU,Россия,Санкт-Петербург,general,Низинская школа
RU,Россия,Санкт-Петербург,general,Никольская основная школа
RU,Россия,Санкт-Петербург,general,Новая классическая школа им. Александра Невского
RU,Россия,Санкт-Петербург,general,Ново-Девяткинская средняя школа №1
RU,Россия,Санкт-Петербург,general,Новогореловская школа
RU,Россия,Санкт-Петербург,general,Новосельская школа
RU,Россия,Санкт-Петербург,general,Октябрьская основная школа
RU,Россия,Санкт-Петербург,general,Онлайн-школа №1
RU,Россия,Санкт-Петербург,general,Оржицкая школа
RU,Россия,Санкт-Петербург,general,Осельковская средняя школа
RU,Россия,Санкт-Петербург,general,Основная школа №452
RU,Россия,Санкт-Петербург,general,Основная школа №465
RU,Россия,Санкт-Петербург,general,Основная школа №607
RU,Россия,Санкт-Петербург,general,Открытая школа
RU,Россия,Санкт-Петербург,general,Отрадненская средняя общеобразовательная школа
RU,Россия,Санкт-Петербург,general,Павловская гимназия
RU,Россия,Санкт-Петербург,general,Павловская основная школа
RU,Россия,Санкт-Петербург,general,Пекинская школа китайского языка
RU,Россия,Санкт-Петербург,general,Петровская средняя школа
RU,Россия,Санкт-Петербург,general,Пламенская средняя школа
RU,Россия,Санкт-Петербург,general,Полянская средняя школа
RU,Россия,Санкт-Петербург,general,Приветненская средняя школа
RU,Россия,Санкт-Петербург,general,Пригородная средняя школа
RU,Россия,Санкт-Петербург,general,Пролицей
RU,Россия,Санкт-Петербург,general,Пространство Нешкола
RU,Россия,Санкт-Петербург,general,Пудостьская средняя школа
RU,Россия,Санкт-Петербург,general,Пушновская средняя школа
RU,Россия,Санкт-Петербург,general,Раздольская средняя школа
RU,Россия,Санкт-Петербург,general,Разметелевская средняя школа
RU,Россия,Санкт-Петербург,general,Рождественская средняя школа
RU,Россия,Санкт-Петербург,general,Рождественская школа
RU,Россия,Санкт-Петербург,general,Романовская средняя школа
RU,Россия,Санкт-Петербург,general,Ропшинская школа
RU,Россия,Санкт-Петербург,general,Русская классическая школа
RU,Россия,Санкт-Петербург,general,Русско-Высоцкая школа
RU,Россия,Санкт-Петербург,general,Саблинская основная школа
RU,Россия,Санкт-Петербург,general,Санкт-Петербургская школа театра телевидения и шоу-бизнеса
RU,Россия,Санкт-Петербург,general,Свято-Владимирская школа воскресенского новодевичьего монастыря
RU,Россия,Санкт-Петербург,general,Сельцовская средняя школа
RU,Россия,Санкт-Петербург,general,Семиозерская основная школа
RU,Россия,Санкт-Петербург,general,Семринская начальная школа
RU,Россия,Санкт-Петербург,general,Сиверская основная школа
RU,Россия,Санкт-Петербург,general,Сиверская средняя школа №3
RU,Россия,Санкт-Петербург,general,Синявинская средняя школа
RU,Россия,Санкт-Петербург,general,Средняя общеобразовательная школа №106 Приморского района Санкт-Петербурга
RU,Россия,Санкт-Петербург,general,Средняя общеобразовательная школа №223 с углубленным изучением немецкого языка Кировского района
RU,Россия,Санкт-Петербург,general,Средняя общеобразовательная школа №312 с углубленным изучением французского языка
RU,Россия,Санкт-Петербург,general,Средняя общеобразовательная школа №532 Красногвардейского района
RU,Россия,Санкт-Петербург,general,Средняя общеобразовательная школа №546
RU,Россия,Санкт-Петербург,general,Средняя школа
RU,Россия,Санкт-Петербург,general,Средняя школа им. С.Т. Шацкого
RU,Россия,Санкт-Петербург,general,Средняя школа № 103
RU,Россия,Санкт-Петербург,general,Средняя школа № 112
RU,Россия,Санкт-Петербург,general,Средняя школа № 118
RU,Россия,Санкт-Петербург,general,Средняя школа № 124
RU,Россия,Санкт-Петербург,general,Средняя школа № 135
RU,Россия,Санкт-Петербург,general,Средняя школа № 140
RU,Россия,Санкт-Петербург,general,Средняя школа № 151
RU,Россия,Санкт-Петербург,general,Средняя школа № 16
RU,Россия,Санкт-Петербург,general,Средняя школа № 167
RU,Россия,Санкт-Петербург,general,Средняя школа № 169
RU,Россия,Санкт-Петербург,general,Средняя школа № 174
RU,Россия,Санкт-Петербург,general,Средняя школа № 20
RU,Россия,Санкт-Петербург,general,Средняя школа № 207
RU,Россия,Санкт-Петербург,general,Средняя школа № 242
RU,Россия,Санкт-Петербург,general,Средняя школа № 253
RU,Россия,Санкт-Петербург,general,Средняя школа № 294
RU,Россия,Санкт-Петербург,general,Средняя школа № 356
RU,Россия,Санкт-Петербург,general,Средняя школа № 376
RU,Россия,Санкт-Петербург,general,Средняя школа № 400
RU,Россия,Санкт-Петербург,general,Средняя школа № 434
RU,Россия,Санкт-Петербург,general,Средняя школа № 510
RU,Россия,Санкт-Петербург,general,Средняя школа № 537
RU,Россия,Санкт-Петербург,general,Средняя школа № 575
RU,Россия,Санкт-Петербург,general,Средняя школа №1
RU,Россия,Санкт-Петербург,general,Средняя школа №10
RU,Россия,Санкт-Петербург,general,Средняя школа №100
RU,Россия,Санкт-Петербург,general,Средняя школа №102
RU,Россия,Санкт-Петербург,general,Средняя школа №104
RU,Россия,Санкт-Петербург,general,Средняя школа №110
RU,Россия,Санкт-Петербург,general,Средняя школа №111
RU,Россия,Санкт-Петербург,general,Средняя школа №115
RU,Россия,Санкт-Петербург,general,Средняя школа №117
RU,Россия,Санкт-Петербург,general,Средняя школа №119
RU,Россия,Санкт-Петербург,general,Средняя школа №12
RU,Россия,Санкт-Петербург,general,Средняя школа №120
RU,Россия,Санкт-Петербург,general,Средняя школа №121
RU,Россия,Санкт-Петербург,general,Средняя школа №127
RU,Россия,Санкт-Петербург,general,Средняя школа №128
RU,Россия,Санкт-Петербург,general,Средняя школа №129
RU,Россия,Санкт-Петербург,general,Средняя школа №13
RU,Россия,Санкт-Петербург,general,Средняя школа №133
RU,Россия,Санкт-Петербург,general,Средняя школа №134
RU,Россия,Санкт-Петербург,general,Средняя школа №136
RU,Россия,Санкт-Петербург,general,Средняя школа №137
RU,Россия,Санкт-Петербург,general,Средняя школа №138
RU,Россия,Санкт-Петербург,general,Средняя школа №139
RU,Россия,Санкт-Петербург,general,Средняя школа №14
RU,Россия,Санкт-Петербург,general,Средняя школа №141
RU,Россия,Санкт-Петербург,general,Средняя школа №143
RU,Россия,Санкт-Петербург,general,Средняя школа №145
RU,Россия,Санкт-Петербург,general,Средняя школа №146
RU,Россия,Санкт-Петербург,general,Средняя школа №147
RU,Россия,Санкт-Петербург,general,Средняя школа №149
RU,Россия,Санкт-Петербург,general,Средняя школа №15
RU,Россия,Санкт-Петербург,general,Средняя школа №152
RU,Россия,Санкт-Петербург,general,Средняя школа №153
RU,Россия,Санкт-Петербург,general,Средняя школа №154
RU,Россия,Санкт-Петербург,general,Средняя школа №156
RU,Россия,Санкт-Петербург,general,Средняя школа №158
RU,Россия,Санкт-Петербург,general,Средняя школа №160
RU,Россия,Санкт-Петербург,general,Средняя школа №164
RU,Россия,Санкт-Петербург,general,Средняя школа №165
RU,Россия,Санкт-Петербург,general,Средняя школа №17
RU,Россия,Санкт-Петербург,general,Средняя школа №172
RU,Россия,Санкт-Петербург,general,Средняя школа №175
RU,Россия,Санкт-Петербург,general,Средняя школа №176
RU,Россия,Санкт-Петербург,general,Средняя школа №178
RU,Россия,Санкт-Петербург,general,Средняя школа №18
RU,Россия,Санкт-Петербург,general,Средняя школа №180
RU,Россия,Санкт-Петербург,general,Средняя школа №181
RU,Россия,Санкт-Петербург,general,Средняя школа №182
RU,Россия,Санкт-Петербург,general,Средняя школа №184
RU,Россия,Санкт-Петербург,general,Средняя школа №185
RU,Россия,Санкт-Петербург,general,Средняя школа №186
RU,Россия,Санкт-Петербург,general,Средняя школа №187
RU,Россия,Санкт-Петербург,general,Средняя школа №188
RU,Россия,Санкт-Петербург,general,Средняя школа №189
RU,Россия,Санкт-Петербург,general,Средняя школа №19
RU,Россия,Санкт-Петербург,general,Средняя школа №191
RU,Россия,Санкт-Петербург,general,Средняя школа №193
RU,Россия,Санкт-Петербург,general,Средняя школа №195
RU,Россия,Санкт-Петербург,general,Средняя школа №197
RU,Россия,Санкт-Петербург,general,Средняя школа №199
RU,Россия,Санкт-Петербург,general,Средняя школа №2
RU,Россия,Санкт-Петербург,general,Средняя школа №200
RU,Россия,Санкт-Петербург,general,Средняя школа №201
RU,Россия,Санкт-Петербург,general,Средняя школа №202
RU,Россия,Санкт-Петербург,general,Средняя школа №204
RU,Россия,Санкт-Петербург,general,Средняя школа №206
RU,Россия,Санкт-Петербург,general,Средняя школа №208
RU,Россия,Санкт-Петербург,general,Средняя школа №21
RU,Россия,Санкт-Петербург,general,Средняя школа №210
RU,Россия,Санкт-Петербург,general,Средняя школа №212
RU,Россия,Санкт-Петербург,general,Средняя школа №213
RU,Россия,Санкт-Петербург,general,Средняя школа №215
RU,Россия,Санкт-Петербург,general,Средняя школа №217
RU,Россия,Санкт-Петербург,general,Средняя школа №218
RU,Россия,Санкт-Петербург,general,Средняя школа №221
RU,Россия,Санкт-Петербург,general,Средняя школа №225
RU,Россия,Санкт-Петербург,general,Средняя школа №229
RU,Россия,Санкт-Петербург,general,Средняя школа №23
RU,Россия,Санкт-Петербург,general,Средняя школа №230
RU,Россия,Санкт-Петербург,general,Средняя школа №232
RU,Россия,Санкт-Петербург,general,Средняя школа №233
RU,Россия,Санкт-Петербург,general,Средняя школа №234
RU,Россия,Санкт-Петербург,general,Средняя школа №235
RU,Россия,Санкт-Петербург,general,Средняя школа №236
RU,Россия,Санкт-Петербург,general,Средняя школа №237
RU,Россия,Санкт-Петербург,general,Средняя школа №238
RU,Россия,Санкт-Петербург,general,Средняя школа №241
RU,Россия,Санкт-Петербург,general,Средняя школа №243
RU,Россия,Санкт-Петербург,general,Средняя школа №245
RU,Россия,Санкт-Петербург,general,Средняя школа №246
RU,Россия,Санкт-Петербург,general,Средняя школа №247
RU,Россия,Санкт-Петербург,general,Средняя школа №249
RU,Россия,Санкт-Петербург,general,Средняя школа №250
RU,Россия,Санкт-Петербург,general,Средняя школа №252
RU,Россия,Санкт-Петербург,general,Средняя школа №254
RU,Россия,Санкт-Петербург,general,Средняя школа №255
RU,Россия,Санкт-Петербург,general,Средняя школа №256
RU,Россия,Санкт-Петербург,general,Средняя школа №257
RU,Россия,Санкт-Петербург,general,Средняя школа №258
RU,Россия,Санкт-Петербург,general,Средняя школа №259
RU,Россия,Санкт-Петербург,general,Средняя школа №26
RU,Россия,Санкт-Петербург,general,Средняя школа №260
RU,Россия,Санкт-Петербург,general,Средняя школа №262
RU,Россия,Санкт-Петербург,general,Средняя школа №263
RU,Россия,Санкт-Петербург,general,Средняя школа №264
RU,Россия,Санкт-Петербург,general,Средняя школа №266
RU,Россия,Санкт-Петербург,general,Средняя школа №268
RU,Россия,Санкт-Петербург,general,Средняя школа №27 им. И.А. Бунина
RU,Россия,Санкт-Петербург,general,Средняя школа №270
RU,Россия,Санкт-Петербург,general,Средняя школа №275
RU,Россия,Санкт-Петербург,general,Средняя школа №276
RU,Россия,Санкт-Петербург,general,Средняя школа №28
RU,Россия,Санкт-Петербург,general,Средняя школа №282
RU,Россия,Санкт-Петербург,general,Средняя школа №283
RU,Россия,Санкт-Петербург,general,Средняя школа №285
RU,Россия,Санкт-Петербург,general,Средняя школа №287
RU,Россия,Санкт-Петербург,general,Средняя школа №288
RU,Россия,Санкт-Петербург,general,Средняя школа №290
RU,Россия,Санкт-Петербург,general,Средняя школа №291
RU,Россия,Санкт-Петербург,general,Средняя школа №292
RU,Россия,Санкт-Петербург,general,Средняя школа №296
RU,Россия,Санкт-Петербург,general,Средняя школа №297
RU,Россия,Санкт-Петербург,general,Средняя школа №298
RU,Россия,Санкт-Петербург,general,Средняя школа №301
RU,Россия,Санкт-Петербург,general,Средняя школа №302
RU,Россия,Санкт-Петербург,general,Средняя школа №303
RU,Россия,Санкт-Петербург,general,Средняя школа №304
RU,Россия,Санкт-Петербург,general,Средняя школа №306
RU,Россия,Санкт-Петербург,general,Средняя школа №307
RU,Россия,Санкт-Петербург,general,Средняя школа №308
RU,Россия,Санкт-Петербург,general,Средняя школа №309
RU,Россия,Санкт-Петербург,general,Средняя школа №31
RU,Россия,Санкт-Петербург,general,Средняя школа №311
RU,Россия,Санкт-Петербург,general,Средняя школа №313
RU,Россия,Санкт-Петербург,general,Средняя школа №314
RU,Россия,Санкт-Петербург,general,Средняя школа №315
RU,Россия,Санкт-Петербург,general,Средняя школа №316
RU,Россия,Санкт-Петербург,general,Средняя школа №317
RU,Россия,Санкт-Петербург,general,Средняя школа №318
RU,Россия,Санкт-Петербург,general,Средняя школа №319
RU,Россия,Санкт-Петербург,general,Средняя школа №320
RU,Россия,Санкт-Петербург,general,Средняя школа №321
RU,Россия,Санкт-Петербург,general,Средняя школа №322
RU,Россия,Санкт-Петербург,general,Средняя школа №323
RU,Россия,Санкт-Петербург,general,Средняя школа №324
RU,Россия,Санкт-Петербург,general,Средняя школа №325
RU,Россия,Санкт-Петербург,general,Средняя школа №327
RU,Россия,Санкт-Петербург,general,Средняя школа №328
RU,Россия,Санкт-Петербург,general,Средняя школа №331
RU,Россия,Санкт-Петербург,general,Средняя школа №332
RU,Россия,Санкт-Петербург,general,Средняя школа №333
RU,Россия,Санкт-Петербург,general,Средняя школа №335
RU,Россия,Санкт-Петербург,general,Средняя школа №336
RU,Россия,Санкт-Петербург,general,Средняя школа №338
RU,Россия,Санкт-Петербург,general,Средняя школа №339
RU,Россия,Санкт-Петербург,general,Средняя школа №340 им. Ольги Берггольц
RU,Россия,Санкт-Петербург,general,Средняя школа №341
RU,Россия,Санкт-Петербург,general,Средняя школа №342
RU,Россия,Санкт-Петербург,general,Средняя школа №345
RU,Россия,Санкт-Петербург,general,Средняя школа №346
RU,Россия,Санкт-Петербург,general,Средняя школа №347
RU,Россия,Санкт-Петербург,general,Средняя школа №348
RU,Россия,Санкт-Петербург,general,Средняя школа №349
RU,Россия,Санкт-Петербург,general,Средняя школа №35
RU,Россия,Санкт-Петербург,general,Средняя школа №350
RU,Россия,Санкт-Петербург,general,Средняя школа №351
RU,Россия,Санкт-Петербург,general,Средняя школа №352
RU,Россия,Санкт-Петербург,general,Средняя школа №353
RU,Россия,Санкт-Петербург,general,Средняя школа №354
RU,Россия,Санкт-Петербург,general,Средняя школа №355
RU,Россия,Санкт-Петербург,general,Средняя школа №358
RU,Россия,Санкт-Петербург,general,Средняя школа №359
RU,Россия,Санкт-Петербург,general,Средняя школа №360
RU,Россия,Санкт-Петербург,general,Средняя школа №362
RU,Россия,Санкт-Петербург,general,Средняя школа №364
RU,Россия,Санкт-Петербург,general,Средняя школа №365
RU,Россия,Санкт-Петербург,general,Средняя школа №367
RU,Россия,Санкт-Петербург,general,Средняя школа №368
RU,Россия,Санкт-Петербург,general,Средняя школа №371
RU,Россия,Санкт-Петербург,general,Средняя школа №372
RU,Россия,Санкт-Петербург,general,Средняя школа №377
RU,Россия,Санкт-Петербург,general,Средняя школа №379
RU,Россия,Санкт-Петербург,general,Средняя школа №38
RU,Россия,Санкт-Петербург,general,Средняя школа №381
RU,Россия,Санкт-Петербург,general,Средняя школа №382
RU,Россия,Санкт-Петербург,general,Средняя школа №383
RU,Россия,Санкт-Петербург,general,Средняя школа №385
RU,Россия,Санкт-Петербург,general,Средняя школа №386
RU,Россия,Санкт-Петербург,general,Средняя школа №388
RU,Россия,Санкт-Петербург,general,Средняя школа №39
RU,Россия,Санкт-Петербург,general,Средняя школа №390
RU,Россия,Санкт-Петербург,general,Средняя школа №391
RU,Россия,Санкт-Петербург,general,Средняя школа №392
RU,Россия,Санкт-Петербург,general,Средняя школа №394
RU,Россия,Санкт-Петербург,general,Средняя школа №398
RU,Россия,Санкт-Петербург,general,Средняя школа №4
RU,Россия,Санкт-Петербург,general,Средняя школа №401
RU,Россия,Санкт-Петербург,general,Средняя школа №403
RU,Россия,Санкт-Петербург,general,Средняя школа №407
RU,Россия,Санкт-Петербург,general,Средняя школа №409
RU,Россия,Санкт-Петербург,general,Средняя школа №412
RU,Россия,Санкт-Петербург,general,Средняя школа №413
RU,Россия,Санкт-Петербург,general,Средняя школа №414
RU,Россия,Санкт-Петербург,general,Средняя школа №416
RU,Россия,Санкт-Петербург,general,Средняя школа №417
RU,Россия,Санкт-Петербург,general,Средняя школа №418
RU,Россия,Санкт-Петербург,general,Средняя школа №420
RU,Россия,Санкт-Петербург,general,Средняя школа №421
RU,Россия,Санкт-Петербург,general,Средняя школа №422
RU,Россия,Санкт-Петербург,general,Средняя школа №423
RU,Россия,Санкт-Петербург,general,Средняя школа №425
RU,Россия,Санкт-Петербург,general,Средняя школа №427
RU,Россия,Санкт-Петербург,general,Средняя школа №428
RU,Россия,Санкт-Петербург,general,Средняя школа №429
RU,Россия,Санкт-Петербург,general,Средняя школа №43
RU,Россия,Санкт-Петербург,general,Средняя школа №430
RU,Россия,Санкт-Петербург,general,Средняя школа №435
RU,Россия,Санкт-Петербург,general,Средняя школа №436
RU,Россия,Санкт-Петербург,general,Средняя школа №438
RU,Россия,Санкт-Петербург,general,Средняя школа №440
RU,Россия,Санкт-Петербург,general,Средняя школа №442
RU,Россия,Санкт-Петербург,general,Средняя школа №443
RU,Россия,Санкт-Петербург,general,Средняя школа №444
RU,Россия,Санкт-Петербург,general,Средняя школа №447
RU,Россия,Санкт-Петербург,general,Средняя школа №448
RU,Россия,Санкт-Петербург,general,Средняя школа №45
RU,Россия,Санкт-Петербург,general,Средняя школа №450
RU,Россия,Санкт-Петербург,general,Средняя школа №451
RU,Россия,Санкт-Петербург,general,Средняя школа №453
RU,Россия,Санкт-Петербург,general,Средняя школа №454
RU,Россия,Санкт-Петербург,general,Средняя школа №455
RU,Россия,Санкт-Петербург,general,Средняя школа №456
RU,Россия,Санкт-Петербург,general,Средняя школа №457
RU,Россия,Санкт-Петербург,general,Средняя школа №458
RU,Россия,Санкт-Петербург,general,Средняя школа №459
RU,Россия,Санкт-Петербург,general,Средняя школа №46
RU,Россия,Санкт-Петербург,general,Средняя школа №461
RU,Россия,Санкт-Петербург,general,Средняя школа №463
RU,Россия,Санкт-Петербург,general,Средняя школа №464
RU,Россия,Санкт-Петербург,general,Средняя школа №466
RU,Россия,Санкт-Петербург,general,Средняя школа №467
RU,Россия,Санкт-Петербург,general,Средняя школа №468
RU,Россия,Санкт-Петербург,general,Средняя школа №469
RU,Россия,Санкт-Петербург,general,Средняя школа №47
RU,Россия,Санкт-Петербург,general,Средняя школа №471
RU,Россия,Санкт-Петербург,general,Средняя школа №472
RU,Россия,Санкт-Петербург,general,Средняя школа №474
RU,Россия,Санкт-Петербург,general,Средняя школа №475
RU,Россия,Санкт-Петербург,general,Средняя школа №476
RU,Россия,Санкт-Петербург,general,Средняя школа №478
RU,Россия,Санкт-Петербург,general,Средняя школа №481
RU,Россия,Санкт-Петербург,general,Средняя школа №483
RU,Россия,Санкт-Петербург,general,Средняя школа №484
RU,Россия,Санкт-Петербург,general,Средняя школа №485
RU,Россия,Санкт-Петербург,general,Средняя школа №489
RU,Россия,Санкт-Петербург,general,Средняя школа №490
RU,Россия,Санкт-Петербург,general,Средняя школа №491
RU,Россия,Санкт-Петербург,general,Средняя школа №492
RU,Россия,Санкт-Петербург,general,Средняя школа №493
RU,Россия,Санкт-Петербург,general,Средняя школа №494
RU,Россия,Санкт-Петербург,general,Средняя школа №495
RU,Россия,Санкт-Петербург,general,Средняя школа №496
RU,Россия,Санкт-Петербург,general,Средняя школа №497
RU,Россия,Санкт-Петербург,general,Средняя школа №5
RU,Россия,Санкт-Петербург,general,Средняя школа №50
RU,Россия,Санкт-Петербург,general,Средняя школа №501
RU,Россия,Санкт-Петербург,general,Средняя школа №503
RU,Россия,Санкт-Петербург,general,Средняя школа №504
RU,Россия,Санкт-Петербург,general,Средняя школа №506
RU,Россия,Санкт-Петербург,general,Средняя школа №507
RU,Россия,Санкт-Петербург,general,Средняя школа №508
RU,Россия,Санкт-Петербург,general,Средняя школа №51
RU,Россия,Санкт-Петербург,general,Средняя школа №511
RU,Россия,Санкт-Петербург,general,Средняя школа №512
RU,Россия,Санкт-Петербург,general,Средняя школа №514
RU,Россия,Санкт-Петербург,general,Средняя школа №515
RU,Россия,Санкт-Петербург,general,Средняя школа №516
RU,Россия,Санкт-Петербург,general,Средняя школа №517
RU,Россия,Санкт-Петербург,general,Средняя школа №518
RU,Россия,Санкт-Петербург,general,Средняя школа №519
RU,Россия,Санкт-Петербург,general,Средняя школа №520
RU,Россия,Санкт-Петербург,general,Средняя школа №521
RU,Россия,Санкт-Петербург,general,Средняя школа №523
RU,Россия,Санкт-Петербург,general,Средняя школа №525
RU,Россия,Санкт-Петербург,general,Средняя школа №527
RU,Россия,Санкт-Петербург,general,Средняя школа №529
RU,Россия,Санкт-Петербург,general,Средняя школа №53
RU,Россия,Санкт-Петербург,general,Средняя школа №530
RU,Россия,Санкт-Петербург,general,Средняя школа №531
RU,Россия,Санкт-Петербург,general,Средняя школа №534
RU,Россия,Санкт-Петербург,general,Средняя школа №535
RU,Россия,Санкт-Петербург,general,Средняя школа №536
RU,Россия,Санкт-Петербург,general,Средняя школа №538
RU,Россия,Санкт-Петербург,general,Средняя школа №539
RU,Россия,Санкт-Петербург,general,Средняя школа №541
RU,Россия,Санкт-Петербург,general,Средняя школа №542
RU,Россия,Санкт-Петербург,general,Средняя школа №543
RU,Россия,Санкт-Петербург,general,Средняя школа №544
RU,Россия,Санкт-Петербург,general,Средняя школа №545
RU,Россия,Санкт-Петербург,general,Средняя школа №547
RU,Россия,Санкт-Петербург,general,Средняя школа №548
RU,Россия,Санкт-Петербург,general,Средняя школа №549
RU,Россия,Санкт-Петербург,general,Средняя школа №55
RU,Россия,Санкт-Петербург,general,Средняя школа №551
RU,Россия,Санкт-Петербург,general,Средняя школа №552
RU,Россия,Санкт-Петербург,general,Средняя школа №553
RU,Россия,Санкт-Петербург,general,Средняя школа №556
RU,Россия,Санкт-Петербург,general,Средняя школа №557
RU,Россия,Санкт-Петербург,general,Средняя школа №558
RU,Россия,Санкт-Петербург,general,Средняя школа №559
RU,Россия,Санкт-Петербург,general,Средняя школа №560
RU,Россия,Санкт-Петербург,general,Средняя школа №561
RU,Россия,Санкт-Петербург,general,Средняя школа №562
RU,Россия,Санкт-Петербург,general,Средняя школа №564
RU,Россия,Санкт-Петербург,general,Средняя школа №566
RU,Россия,Санкт-Петербург,general,Средняя школа №567
RU,Россия,Санкт-Петербург,general,Средняя школа №568
RU,Россия,Санкт-Петербург,general,Средняя школа №569
RU,Россия,Санкт-Петербург,general,Средняя школа №57
RU,Россия,Санкт-Петербург,general,Средняя школа №570
RU,Россия,Санкт-Петербург,general,Средняя школа №571
RU,Россия,Санкт-Петербург,general,Средняя школа №573
RU,Россия,Санкт-Петербург,general,Средняя школа №574
RU,Россия,Санкт-Петербург,general,Средняя школа №577
RU,Россия,Санкт-Петербург,general,Средняя школа №578
RU,Россия,Санкт-Петербург,general,Средняя школа №579
RU,Россия,Санкт-Петербург,general,Средняя школа №58
RU,Россия,Санкт-Петербург,general,Средняя школа №580
RU,Россия,Санкт-Петербург,general,Средняя школа №581
RU,Россия,Санкт-Петербург,general,Средняя школа №582
RU,Россия,Санкт-Петербург,general,Средняя школа №583
RU,Россия,Санкт-Петербург,general,Средняя школа №585
RU,Россия,Санкт-Петербург,general,Средняя школа №588
RU,Россия,Санкт-Петербург,general,Средняя школа №589
RU,Россия,Санкт-Петербург,general,Средняя школа №591
RU,Россия,Санкт-Петербург,general,Средняя школа №593
RU,Россия,Санкт-Петербург,general,Средняя школа №594
RU,Россия,Санкт-Петербург,general,Средняя школа №595
RU,Россия,Санкт-Петербург,general,Средняя школа №596
RU,Россия,Санкт-Петербург,general,Средняя школа №598
RU,Россия,Санкт-Петербург,general,Средняя школа №6
RU,Россия,Санкт-Петербург,general,Средняя школа №60
RU,Россия,Санкт-Петербург,general,Средняя школа №600
RU,Россия,Санкт-Петербург,general,Средняя школа №601
RU,Россия,Санкт-Петербург,general,Средняя школа №602
RU,Россия,Санкт-Петербург,general,Средняя школа №603
RU,Россия,Санкт-Петербург,general,Средняя школа №604
RU,Россия,Санкт-Петербург,general,Средняя школа №605
RU,Россия,Санкт-Петербург,general,Средняя школа №606
RU,Россия,Санкт-Петербург,general,Средняя школа №608
RU,Россия,Санкт-Петербург,general,Средняя школа №609
RU,Россия,Санкт-Петербург,general,Средняя школа №612
RU,Россия,Санкт-Петербург,general,Средняя школа №617
RU,Россия,Санкт-Петербург,general,Средняя школа №618
RU,Россия,Санкт-Петербург,general,Средняя школа №619
RU,Россия,Санкт-Петербург,general,Средняя школа №62
RU,Россия,Санкт-Петербург,general,Средняя школа №621
RU,Россия,Санкт-Петербург,general,Средняя школа №625
RU,Россия,Санкт-Петербург,general,Средняя школа №630
RU,Россия,Санкт-Петербург,general,Средняя школа №632
RU,Россия,Санкт-Петербург,general,Средняя школа №633
RU,Россия,Санкт-Петербург,general,Средняя школа №634
RU,Россия,Санкт-Петербург,general,Средняя школа №635
RU,Россия,Санкт-Петербург,general,Средняя школа №636
RU,Россия,Санкт-Петербург,general,Средняя школа №638
RU,Россия,Санкт-Петербург,general,Средняя школа №639
RU,Россия,Санкт-Петербург,general,Средняя школа №640
RU,Россия,Санкт-Петербург,general,Средняя школа №641
RU,Россия,Санкт-Петербург,general,Средняя школа №643
RU,Россия,Санкт-Петербург,general,Средняя школа №644
RU,Россия,Санкт-Петербург,general,Средняя школа №65
RU,Россия,Санкт-Петербург,general,Средняя школа №651
RU,Россия,Санкт-Петербург,general,Средняя школа №653
RU,Россия,Санкт-Петербург,general,Средняя школа №655
RU,Россия,Санкт-Петербург,general,Средняя школа №658
RU,Россия,Санкт-Петербург,general,Средняя школа №661
RU,Россия,Санкт-Петербург,general,Средняя школа №667
RU,Россия,Санкт-Петербург,general,Средняя школа №68
RU,Россия,Санкт-Петербург,general,Средняя школа №683
RU,Россия,Санкт-Петербург,general,Средняя школа №69
RU,Россия,Санкт-Петербург,general,Средняя школа №692
RU,Россия,Санкт-Петербург,general,Средняя школа №693
RU,Россия,Санкт-Петербург,general,Средняя школа №700
RU,Россия,Санкт-Петербург,general,Средняя школа №703
RU,Россия,Санкт-Петербург,general,Средняя школа №704
RU,Россия,Санкт-Петербург,general,Средняя школа №707
RU,Россия,Санкт-Петербург,general,Средняя школа №71
RU,Россия,Санкт-Петербург,general,Средняя школа №72
RU,Россия,Санкт-Петербург,general,Средняя школа №75
RU,Россия,Санкт-Петербург,general,Средняя школа №76
RU,Россия,Санкт-Петербург,general,Средняя школа №77
RU,Россия,Санкт-Петербург,general,Средняя школа №78
RU,Россия,Санкт-Петербург,general,Средняя школа №79
RU,Россия,Санкт-Петербург,general,Средняя школа №80
RU,Россия,Санкт-Петербург,general,Средняя школа №81
RU,Россия,Санкт-Петербург,general,Средняя школа №83
RU,Россия,Санкт-Петербург,general,Средняя школа №84
RU,Россия,Санкт-Петербург,general,Средняя школа №86
RU,Россия,Санкт-Петербург,general,Средняя школа №87
RU,Россия,Санкт-Петербург,general,Средняя школа №88
RU,Россия,Санкт-Петербург,general,Средняя школа №89
RU,Россия,Санкт-Петербург,general,Средняя школа №90
RU,Россия,Санкт-Петербург,general,Средняя школа №91
RU,Россия,Санкт-Петербург,general,Средняя школа №94
RU,Россия,Санкт-Петербург,general,Средняя школа №96
RU,Россия,Санкт-Петербург,general,Средняя школа №97
RU,Россия,Санкт-Петербург,general,Средняя школа №98
RU,Россия,Санкт-Петербург,general,Степанянская основная школа
RU,Россия,Санкт-Петербург,general,Строящаяся школа
RU,Россия,Санкт-Петербург,general,Сусанинская средняя школа
RU,Россия,Санкт-Петербург,general,Таицкая средняя школа
RU,Россия,Санкт-Петербург,general,Терволовская основная школа
RU,Россия,Санкт-Петербург,general,Торосовская основная школа
RU,Россия,Санкт-Петербург,general,Ульяновская средняя школа №1
RU,Россия,Санкт-Петербург,general,Умная Школа
RU,Россия,Санкт-Петербург,general,Учебно-воспитательная школа №2
RU,Россия,Санкт-Петербург,general,Ушакинская средняя школа №1
RU,Россия,Санкт-Петербург,general,Федоровская средняя школа
RU,Россия,Санкт-Петербург,general,Французская школа в Санкт-Петербурге
RU,Россия,Санкт-Петербург,general,Царскосельская Русская классическая школа
RU,Россия,Санкт-Петербург,general,Цвелодубовская средняя школа
RU,Россия,Санкт-Петербург,general,Центр абилитации с индивидуальными формами обучения «Динамика»
RU,Россия,Санкт-Петербург,general,Школа
RU,Россия,Санкт-Петербург,general,Школа Бублика
RU,Россия,Санкт-Петербург,general,Школа Гран
RU,Россия,Санкт-Петербург,general,Школа Здоровья
RU,Россия,Санкт-Петербург,general,Школа здоровья и индивидуального развития
RU,Россия,Санкт-Петербург,general,Школа им. Горчакова А.М
RU,Россия,Санкт-Петербург,general,Школа им. преподобных Сергия и Германа Валаамских чудотворцев
RU,Россия,Санкт-Петербург,general,"Школа-интернат, реализующая адаптированные образовательные программы"
RU,Россия,Санкт-Петербург,general,Школа информационных технологий
RU,Россия,Санкт-Петербург,general,Школа мая
RU,Россия,Санкт-Петербург,general,Школа народного искусства императрицы Александры Федоровны
RU,Россия,Санкт-Петербург,general,Школа разговорных языков
RU,Россия,Санкт-Петербург,general,Школа экономики и права
RU,Россия,Санкт-Петербург,general,Школа Экспресс
RU,Россия,Санкт-Петербург,general,Школа № 161
RU,Россия,Санкт-Петербург,general,Школа № 337
RU,Россия,Санкт-Петербург,general,Школа № 477
RU,Россия,Санкт-Петербург,general,Школа № 627
RU,Россия,Санкт-Петербург,general,Школа №113
RU,Россия,Санкт-Петербург,general,Школа №123
RU,Россия,Санкт-Петербург,general,Школа №142
RU,Россия,Санкт-Петербург,general,Школа №163
RU,Россия,Санкт-Петербург,general,Школа №203
RU,Россия,Санкт-Петербург,general,Школа №219
RU,Россия,Санкт-Петербург,general,Школа №228
RU,Россия,Санкт-Петербург,general,Школа №231
RU,Россия,Санкт-Петербург,general,Школа №25
RU,Россия,Санкт-Петербург,general,Школа №274
RU,Россия,Санкт-Петербург,general,Школа №277
RU,Россия,Санкт-Петербург,general,Школа №3
RU,Россия,Санкт-Петербург,general,Школа №305
RU,Россия,Санкт-Петербург,general,Школа №34
RU,Россия,Санкт-Петербург,general,Школа №370
RU,Россия,Санкт-Петербург,general,Школа №375
RU,Россия,Санкт-Петербург,general,Школа №380
RU,Россия,Санкт-Петербург,general,Школа №404
RU,Россия,Санкт-Петербург,general,Школа №432
RU,Россия,Санкт-Петербург,general,Школа №439
RU,Россия,Санкт-Петербург,general,Школа №449
RU,Россия,Санкт-Петербург,general,Школа №460
RU,Россия,Санкт-Петербург,general,Школа №480
RU,Россия,Санкт-Петербург,general,Школа №482
RU,Россия,Санкт-Петербург,general,Школа №487
RU,Россия,Санкт-Петербург,general,Школа №499
RU,Россия,Санкт-Петербург,general,Школа №500
RU,Россия,Санкт-Петербург,general,Школа №502
RU,Россия,Санкт-Петербург,general,Школа №509
RU,Россия,Санкт-Петербург,general,Школа №522
RU,Россия,Санкт-Петербург,general,Школа №54
RU,Россия,Санкт-Петербург,general,Школа №565
RU,Россия,Санкт-Петербург,general,Школа №59
RU,Россия,Санкт-Петербург,general,Школа №613
RU,Россия,Санкт-Петербург,general,Школа №645
RU,Россия,Санкт-Петербург,general,Школа №656
RU,Россия,Санкт-Петербург,general,Школа №657
RU,Россия,Санкт-Петербург,general,Школа №663
RU,Россия,Санкт-Петербург,general,Школа №676
RU,Россия,Санкт-Петербург,general,Школа №686 Пушкинского района
RU,Россия,Санкт-Петербург,general,Школа №690
RU,Россия,Санкт-Петербург,general,Школа №7
RU,Россия,Санкт-Петербург,general,Школа №706
RU,Россия,Санкт-Петербург,general,Школа №717
RU,Россия,Санкт-Петербург,general,Школа №777
RU,Россия,Санкт-Петербург,general,Школа №93
RU,Россия,Санкт-Петербург,general,Шуваловская школа
RU,Россия,Санкт-Петербург,general,Шумиловская средняя общеобразовательная школа
RU,Россия,Санкт-Петербург,general,Щегловская средняя школа
RU,Россия,Санкт-Петербург,general,Эпишкола
RU,Россия,Санкт-Петербург,private,Кембриджская международная школа
RU,Россия,Санкт-Петербург,private,Международная школа
RU,Россия,Санкт-Петербург,private,Международная школа Санкт-Петербурга
RU,Россия,Санкт-Петербург,private,Санкт-Петербургская международная школа
RU,Россия,Санкт-Петербург,private,Частная школа Шостаковичей
RU,Россия,Санкт-Петербург,university,Восточно-Европейский Институт психоанализа
RU,Россия,Санкт-Петербург,university,ВЫСШИЙ ХУДОЖЕСТВЕННО-ТЕХНИЧЕСКИЙ ИНСТИТУТ
RU,Россия,Санкт-Петербург,university,Европейский университет в Санкт-Петербурге
RU,Россия,Санкт-Петербург,university,Международный банковский институт имени Анатолия Собчака
RU,Россия,Санкт-Петербург,university,Национальный открытый институт г.Санкт-Петербург
RU,Россия,Санкт-Петербург,university,Невский институт языка и культуры
RU,Россия,Санкт-Петербург,university,Петербургский институт иудаики
RU,Россия,Санкт-Петербург,university,Русская христианская гуманитарная академия им. Ф.М. Достоевского
RU,Россия,Санкт-Петербург,university,Санкт-Петербургская Духовная Академия Русской Православной Церкви
RU,Россия,Санкт-Петербург,university,Санкт-Петербургская юридическая академия
RU,Россия,Санкт-Петербург,university,Санкт-Петербургский государственный институт психологии и социальной работы
RU,Россия,Санкт-Петербург,university,Санкт-Петербургский Гуманитарный университет профсоюзов
RU,Россия,Санкт-Петербург,university,Санкт-Петербургский имени В.Б.Бобкова филиал
RU,Россия,Санкт-Петербург,university,Санкт-Петербургский институт (филиал)
RU,Россия,Санкт-Петербург,university,Санкт-Петербургский филиал
RU,Россия,Санкт-Петербург,university,Северо-Западный институт управления - филиал
RU,Россия,Санкт-Петербург,university,Северо-Западный университет
RU,Россия,Санкт-Петербург,university,Северо-Западный филиал
RU,Россия,Санкт-Петербург,university,Университет при Межпарламентской Ассамблее ЕврАзЭС
RU,Россия,Санкт-Петербург,university,Челябинская область
RU,Россия,Саранск,boarding,Саранская школа-интернат
RU,Россия,Саранск,college,ААТ Кемлянский аграрный техникум
RU,Россия,Саранск,college,АИТ Алексеевский индустриальный техникум
RU,Россия,Саранск,college,ЗППК Зубово-Полянский педагогический колледж
RU,Россия,Саранск,college,ИПК Ичалковский педагогический колледж
RU,Россия,Саранск,college,Колледж МГПУ им. М.Е. Евсеева Колледж Мордовского государственного педагогического университета имени М.Е. Евсеева
RU,Россия,Саранск,college,Отделение СПО МГУ им. Н.П. Огарёва Отделение среднего профессионального образования Национального исследовательского Мордовск
RU,Россия,Саранск,college,САМТ Саранский автомеханический техникум
RU,Россия,Саранск,college,СГПЭК Саранский государственный промышленно-экономический колледж
RU,Россия,Саранск,college,СМУ им. Л.П. Кирюкова Саранское музыкальное училище им. Л.П. Кирюкова
RU,Россия,Саранск,college,Средне-Волжский институт (филиал) ВГУЮ (РПА Минюста России) в г. Саранске Средне-Волжский институт (филиал) Всероссийского государственного университета юстиции (РП
RU,Россия,Саранск,college,СТПиПП Саранский техникум пищевой и перерабатывающей промышленности
RU,Россия,Саранск,college,СТСУиПТ Саранский техникум сферы услуг и промышленных технологий
RU,Россия,Саранск,college,СТЭиЭТ им. А.И. Полежаева Саранский техникум энергетики и электронной техники им. А.И. Полежаева
RU,Россия,Саранск,college,СХУ имени Ф.В. Сычкова Саранское художественное училище имени Ф.В. Сычкова
RU,Россия,Саранск,college,СЭМК Саранский электромеханический колледж
RU,Россия,Саранск,college,ТКМиМП Торбеевский колледж мясной и молочной промышленности
RU,Россия,Саранск,general,Аксеновская средняя общеобразовательная школа
RU,Россия,Саранск,general,Александровская Средняя общеобразовательная школа
RU,Россия,Саранск,general,Арх-Голицинская средняя общеобразовательная школа
RU,Россия,Саранск,general,Атемарская средняя общеобразовательная школа
RU,Россия,Саранск,general,Берсеневская средняя общеобразовательная школа
RU,Россия,Саранск,general,Большеелховская Средняя общеобразовательная школа
RU,Россия,Саранск,general,Булгаковская Основная Общеобразовательная школа
RU,Россия,Саранск,general,Гимназия № 19
RU,Россия,Саранск,general,Гимназия № 20
RU,Россия,Саранск,general,Гимназия № 29
RU,Россия,Саранск,general,Горяйновская основная общеобразовательная школа
RU,Россия,Саранск,general,Зыковская средняя общеобразовательная школа
RU,Россия,Саранск,general,Кочкуровская средняя общеобразовательная школа
RU,Россия,Саранск,general,Красносельцовская средняя общеобразовательная школа
RU,Россия,Саранск,general,Левженская средняя общеобразовательная школа
RU,Россия,Саранск,general,Лицей № 26
RU,Россия,Саранск,general,Лицей № 31
RU,Россия,Саранск,general,Лопатинская основная общеобразовательная школа
RU,Россия,Саранск,general,Луховский лицей
RU,Россия,Саранск,general,Лямбирская средняя общеобразовательная школа №2
RU,Россия,Саранск,general,Лямбирская средняя школа №1
RU,Россия,Саранск,general,Николаевская средняя общеобразовательная школа
RU,Россия,Саранск,general,Озёрная основная общеобразовательная школа
RU,Россия,Саранск,general,Пензятская Средняя Общеобразовательная школа
RU,Россия,Саранск,general,Приреченская средняя общеобразовательная школа
RU,Россия,Саранск,general,Республиканский лицей для одарённых детей
RU,Россия,Саранск,general,Русская Классическая Школа
RU,Россия,Саранск,general,Сабаевская средняя общеобразовательная школа
RU,Россия,Саранск,general,Саранская общеобразовательная школа для детей с ограниченными возможностями здоровья
RU,Россия,Саранск,general,Средняя общеобразовательная школа с углубленным изучением отдельных предметов № 30
RU,Россия,Саранск,general,Средняя общеобразовательная школа с углубленным изучением отдельных предметов № 36
RU,Россия,Саранск,general,Средняя общеобразовательная школа с углубленным изучением отдельных предметов № 39
RU,Россия,Саранск,general,Средняя общеобразовательная школа с углубленным изучением отдельных предметов №16
RU,Россия,Саранск,general,Средняя общеобразовательная школа с углубленным изучением отдельных предметовNo 32
RU,Россия,Саранск,general,Средняя общеобразовательная школа № 11
RU,Россия,Саранск,general,Средняя общеобразовательная школа № 22
RU,Россия,Саранск,general,Средняя общеобразовательная школа № 25
RU,Россия,Саранск,general,Средняя общеобразовательная школа № 27
RU,Россия,Саранск,general,Средняя общеобразовательная школа № 33
RU,Россия,Саранск,general,Средняя общеобразовательная школа № 37
RU,Россия,Саранск,general,Средняя общеобразовательная школа № 41
RU,Россия,Саранск,general,Средняя общеобразовательная школа № 5
RU,Россия,Саранск,general,Средняя общеобразовательная школа №1
RU,Россия,Саранск,general,Средняя общеобразовательная школа №10
RU,Россия,Саранск,general,Средняя общеобразовательная школа №18
RU,Россия,Саранск,general,Средняя общеобразовательная школа №2 им. Героя Советского Союза П.И. Орлова
RU,Россия,Саранск,general,Средняя общеобразовательная школа №24
RU,Россия,Саранск,general,Средняя общеобразовательная школа №28
RU,Россия,Саранск,general,Средняя общеобразовательная школа №3
RU,Россия,Саранск,general,Средняя общеобразовательная школа №32
RU,Россия,Саранск,general,Средняя общеобразовательная школа №35
RU,Россия,Саранск,general,Средняя общеобразовательная школа №38 с углубленным изучением отдельных предметов
RU,Россия,Саранск,general,Средняя общеобразовательная школа №39
RU,Россия,Саранск,general,Средняя общеобразовательная школа №40
RU,Россия,Саранск,general,Средняя школа №8
RU,Россия,Саранск,general,Сузгарьевская средняя общеобразовательная школа
RU,Россия,Саранск,general,Тат-Пишленская средняя общеобразовательная школа
RU,Россия,Саранск,general,Татарско-Тавлинская основная общеобразовательная школ
RU,Россия,Саранск,general,Центр образования «Тавла» - Средняя общеобразовательная школа № 17
RU,Россия,Саранск,general,Черемишевская основная общеобразовательная школа
RU,Россия,Саранск,general,Школа №17
RU,Россия,Саранск,general,Ялгинская средняя общеобразовательная школа
RU,Россия,Саранск,university,Мордовский государственный педагогический университет имени М.Е. Евсевьева
RU,Россия,Саранск,university,Национальный исследовательский Мордовский государственный университет им. Н.П.Огарева
RU,Россия,Саранск,university,Саранская духовная семинария Саранской и Мордовской Епархии Русской Православной Церкви
RU,Россия,Саранск,university,Саранский кооперативный институт (филиал)
RU,Россия,Саранск,university,Средне-Волжский институт (филиал)
RU,Россия,Саратов,boarding,Школа-интернат №3
RU,Россия,Саратов,boarding,Школа-интернат №4
RU,Россия,Саратов,boarding,Школа-интернат №5
RU,Россия,Саратов,college,АГПЛ Александрово-Гайский политехнический лицей
RU,Россия,Саратов,college,БПЛ Балашовский политехнический лицей
RU,Россия,Саратов,college,БТА Базарнокарабулакский техникум агробизнеса
RU,Россия,Саратов,college,Геологический колледж СГУ Геологический колледж Саратовского национального исследовательского государственного униве
RU,Россия,Саратов,college,ИТАТиУ Ивантеевский техникум агропромышленных технологий и управления
RU,Россия,Саратов,college,Колледж СГАУ им. Н.И.Вавилова Финансово-технологический колледж Саратовского государственного аграрного университета име
RU,Россия,Саратов,college,Колледж СГЮА Колледж Саратовской государственной юридической академии
RU,Россия,Саратов,college,КПЛ Краснопартизанский политехнический лицей
RU,Россия,Саратов,college,КРЭ им. П.Н. Яблочкова СГУ Колледж радиоэлектроники имени П.Н. Яблочкова Саратовского государственного университета и
RU,Россия,Саратов,college,Медицинский колледж СГМУ им. В.И. Разумовского Медицинский колледж Саратовского государственного медицинского университета имени В.И. Раз
RU,Россия,Саратов,college,Музыкальное училище СГК им. Л.В. Собинова Музыкальное училище Саратовской государственной консерватории имени Л.В. Собинова
RU,Россия,Саратов,college,НФ БТА Новобурасский филиал Базарнокарабулакского техникума агробизнеса
RU,Россия,Саратов,college,ОТСТИС Озинский техникум строительных технологий и сервиса
RU,Россия,Саратов,college,ПАЛ Петровский агропромышленный лицей
RU,Россия,Саратов,college,ПАТ Перелюбский аграрный техникум
RU,Россия,Саратов,college,Поволжский институт (филиал) ВГУЮ (РПА Минюста России) Поволжский институт (филиал) Всероссийского государственного университета юстиции (РПА Мин
RU,Россия,Саратов,college,САСК Саратовский архитектурно-строительный колледж
RU,Россия,Саратов,college,СГТУ ППК Профессионально-педагогический колледж Саратовского государственного технического универси
RU,Россия,Саратов,college,"СКВТСиС Саратовский колледж водного транспорта, строительства и сервиса"
RU,Россия,Саратов,college,СККИ Саратовский колледж кулинарного искусства
RU,Россия,Саратов,college,СКМиЭ СГТУ им. Гагарина Ю.А Саратовский колледж машиностроения и энергетики Саратовского государственного технического
RU,Россия,Саратов,college,СКПТиАС Саратовский колледж промышленных технологий и автомобильного сервиса
RU,Россия,Саратов,college,СКСМГС Саратовский колледж строительства мостов и гидротехнических сооружений
RU,Россия,Саратов,college,СОБМК Саратовский областной базовый медицинский колледж
RU,Россия,Саратов,college,СОКИ Саратовский областной колледж искусств
RU,Россия,Саратов,college,СОПК Саратовский областной педагогический колледж
RU,Россия,Саратов,college,СОУОР Саратовское областное училище (техникум) олимпийского резерва
RU,Россия,Саратов,college,СОХТТ Саратовский областной химико-технологический техникум
RU,Россия,Саратов,college,СПК Саратовский политехнический колледж
RU,Россия,Саратов,college,СТЖТ СамГУПС Саратовский техникум железнодорожного транспорта филиал Самарского государственного универ
RU,Россия,Саратов,college,СТОТ Саратовский техникум отраслевых технологий
RU,Россия,Саратов,college,"СХТ им. К.А, Тимирязева Сельскохозяйственный техникум им. К.А. Тимирязева"
RU,Россия,Саратов,college,СХУ им. А.П. Боголюбова Саратовское художественное училище имени А.П. Боголюбова (техникум)
RU,Россия,Саратов,college,Частный Институт Развития Бизнеса и Стратегий Институт Развития Бизнеса и Стратегий
RU,Россия,Саратов,general,Вечерняя школа №9
RU,Россия,Саратов,general,Гимназия № 1 Октябрьского района г. Саратова
RU,Россия,Саратов,general,Гимназия № 2
RU,Россия,Саратов,general,Гимназия № 4
RU,Россия,Саратов,general,Гимназия № 7
RU,Россия,Саратов,general,Гуманитарно-экономический лицей
RU,Россия,Саратов,general,Лицей гуманитарных наук
RU,Россия,Саратов,general,Лицей «Солярис»
RU,Россия,Саратов,general,Лицей № 4
RU,Россия,Саратов,general,Лицей №24
RU,Россия,Саратов,general,Начальная Общеобразовательная школа №232
RU,Россия,Саратов,general,Начальная школа
RU,Россия,Саратов,general,Основная общеобразовательная школа пос. Прибрежный
RU,Россия,Саратов,general,Основная школа
RU,Россия,Саратов,general,Основная школа №14
RU,Россия,Саратов,general,Основная школа №17
RU,Россия,Саратов,general,Основная школа №26
RU,Россия,Саратов,general,Основная школа №78
RU,Россия,Саратов,general,Основная школа №81
RU,Россия,Саратов,general,Основная школа №91
RU,Россия,Саратов,general,Саратовская кадетская школа-интернат № 1 имени Б.Н.Ерёмина
RU,Россия,Саратов,general,Средняя общеобразовательная школа им. А.П. Калашникова
RU,Россия,Саратов,general,Средняя общеобразовательная школа пос. Дубки Муниципального образования Город Саратов
RU,Россия,Саратов,general,Средняя общеобразовательная школа с этнокультурным еврейским компонентом образования
RU,Россия,Саратов,general,Средняя общеобразовательная школа № 10
RU,Россия,Саратов,general,Средняя общеобразовательная школа № 102
RU,Россия,Саратов,general,Средняя общеобразовательная школа № 8 Волжского района г. Саратова
RU,Россия,Саратов,general,СРЕДНЯЯ ОБЩЕОБРАЗОВАТЕЛЬНАЯ ШКОЛА № 84
RU,Россия,Саратов,general,Средняя общеобразовательная школа №18 с углубленным изучением предметов им. О.П. Табакова
RU,Россия,Саратов,general,Средняя общеобразовательная школа №21 им. Героя Советского Союза И.М. Каплунова
RU,Россия,Саратов,general,Средняя общеобразовательная школа №4 им. С.П. Королева
RU,Россия,Саратов,general,Средняя общеобразовательная школа №42 им. героя Советского Союза Г.С. Титова
RU,Россия,Саратов,general,Средняя общеобразовательная школа №51
RU,Россия,Саратов,general,Средняя общеобразовательная школа №52
RU,Россия,Саратов,general,Средняя общеобразовательная школа №54 им. И.А. Евтеева
RU,Россия,Саратов,general,Средняя общеобразовательная школа №67 им. О.И. Янковского
RU,Россия,Саратов,general,Средняя общеобразовательная школа №9
RU,Россия,Саратов,general,Средняя общеобразовательная школа №90
RU,Россия,Саратов,general,Средняя школа
RU,Россия,Саратов,general,Средняя школа им. А.А. Лапшова
RU,Россия,Саратов,general,Средняя школа им. Ароновой Р.Е
RU,Россия,Саратов,general,Средняя школа им. Героя Советского Союза Н.В. Котлова
RU,Россия,Саратов,general,Средняя школа им. Е.А. Мясникова
RU,Россия,Саратов,general,Средняя школа им. М.П. Дергилева
RU,Россия,Саратов,general,Средняя школа им. П.А. Мельникова
RU,Россия,Саратов,general,Средняя школа им. Ю.А. Гагарина
RU,Россия,Саратов,general,Средняя школа П.Т. Пономарева
RU,Россия,Саратов,general,Средняя школа №1
RU,Россия,Саратов,general,Средняя школа №100
RU,Россия,Саратов,general,Средняя школа №101
RU,Россия,Саратов,general,Средняя школа №103
RU,Россия,Саратов,general,Средняя школа №105
RU,Россия,Саратов,general,Средняя школа №106
RU,Россия,Саратов,general,Средняя школа №11
RU,Россия,Саратов,general,Средняя школа №16
RU,Россия,Саратов,general,Средняя школа №2
RU,Россия,Саратов,general,Средняя школа №21
RU,Россия,Саратов,general,Средняя школа №22
RU,Россия,Саратов,general,Средняя школа №23
RU,Россия,Саратов,general,Средняя школа №3
RU,Россия,Саратов,general,Средняя школа №31
RU,Россия,Саратов,general,Средняя школа №38
RU,Россия,Саратов,general,Средняя школа №41
RU,Россия,Саратов,general,Средняя школа №43
RU,Россия,Саратов,general,Средняя школа №44
RU,Россия,Саратов,general,Средняя школа №45
RU,Россия,Саратов,general,Средняя школа №46
RU,Россия,Саратов,general,Средняя школа №48
RU,Россия,Саратов,general,Средняя школа №49
RU,Россия,Саратов,general,Средняя школа №5
RU,Россия,Саратов,general,Средняя школа №55
RU,Россия,Саратов,general,Средняя школа №57
RU,Россия,Саратов,general,Средняя школа №59
RU,Россия,Саратов,general,Средняя школа №6
RU,Россия,Саратов,general,Средняя школа №60
RU,Россия,Саратов,general,Средняя школа №61
RU,Россия,Саратов,general,Средняя школа №63
RU,Россия,Саратов,general,Средняя школа №64
RU,Россия,Саратов,general,Средняя школа №66
RU,Россия,Саратов,general,Средняя школа №69
RU,Россия,Саратов,general,Средняя школа №7
RU,Россия,Саратов,general,Средняя школа №70
RU,Россия,Саратов,general,Средняя школа №71
RU,Россия,Саратов,general,Средняя школа №72
RU,Россия,Саратов,general,Средняя школа №73
RU,Россия,Саратов,general,Средняя школа №76
RU,Россия,Саратов,general,Средняя школа №77
RU,Россия,Саратов,general,Средняя школа №82
RU,Россия,Саратов,general,Средняя школа №83
RU,Россия,Саратов,general,Средняя школа №86
RU,Россия,Саратов,general,Средняя школа №94
RU,Россия,Саратов,general,Средняя школа №95
RU,Россия,Саратов,general,Средняя школа №97
RU,Россия,Саратов,general,Школа для обучающихся по адаптированным образовательным программам № 2 г.Саратова
RU,Россия,Саратов,general,Школа для обучающихся по адаптированным образовательным программам № 4 г.Саратова
RU,Россия,Саратов,general,Школа для обучающихся по адаптированным образовательным программам № 6 г.Саратова
RU,Россия,Саратов,general,Школа-интернат для обучающихся по адаптированным образовательным программам № 1 г.Саратова
RU,Россия,Саратов,general,Школа-интернат для обучающихся по адаптированным образовательным программам № 3 г. Саратова
RU,Россия,Саратов,general,Школа-интернат для обучающихся по адаптированным образовательным программам № 4 г.Саратова
RU,Россия,Саратов,general,Школа-интернат для обучающихся по адаптированным образовательным программам № 5 г. Саратова
RU,Россия,Саратов,general,Школа №2 г
RU,Россия,Саратов,general,Школа №4
RU,Россия,Саратов,private,Частная школа начальных классов
RU,Россия,Саратов,university,Медицинский университет «Реавиз» — филиал в г. Саратов
RU,Россия,Саратов,university,Поволжский институт управления имени П.А. Столыпина - филиал
RU,Россия,Саратов,university,Поволжский институт (филиал)
RU,Россия,Саратов,university,Саратовская государственная консерватория имени Л.В. Собинова
RU,Россия,Саратов,university,Саратовская государственная юридическая академия
RU,Россия,Саратов,university,Саратовская православная духовная семинария
RU,Россия,Саратов,university,Саратовский государственный медицинский университет имени В.И. Разумовского
RU,Россия,Саратов,university,Саратовский государственный технический университет имени Гагарина Ю.А
RU,Россия,Саратов,university,"Саратовский государственный университет генетики, биотехнологии и инженерии имени Н. И. Вавилова"
RU,Россия,Саратов,university,САРАТОВСКИЙ МЕДИЦИНСКИЙ УНИВЕРСИТЕТ «РЕАВИЗ»
RU,Россия,Саратов,university,Саратовский национальный исследовательский государственный университет имени Н.Г. Чернышевского
RU,Россия,Саратов,university,Саратовский филиал
RU,Россия,Сафоново,college,Сафоновский филиал СмолАПО Сафоновский филиал Смоленской академии профессионального образования
RU,Россия,Сафоново,college,СИТТ Сафоновский индустриально-технологический техникум
RU,Россия,Сафоново,general,"МБОУ ЗАТО Г. Североморск ""СОШ № 2"""
RU,Россия,Саяногорск,college,СПТ Саяногорский политехнический техникум
RU,Россия,Саяногорск,college,Частный СТЭМИ Саянский техникум СТЭМИ
RU,Россия,Саяногорск,general,Красноярскгэсстрой
RU,Россия,Саяногорск,general,МБОУ Лицей № 7
RU,Россия,Саяногорск,general,Средняя общеобразовательная школа №2
RU,Россия,Саяногорск,general,Средняя школа №1
RU,Россия,Саяногорск,general,Средняя школа №5
RU,Россия,Саяногорск,general,Средняя школа №6
RU,Россия,Саяногорск,general,Школа-интернат № 8
RU,Россия,Саяногорск,general,Школа № 3 имени Героя России Сергея Медведева
RU,Россия,Саяногорск,general,Школа №3
RU,Россия,Свободный,boarding,Свободненская специальная (коррекционная) школа-интернат
RU,Россия,Свободный,boarding,Школа-интернат №12
RU,Россия,Свободный,college,АТК Амурский технический колледж
RU,Россия,Свободный,college,Ушаковский филиал САТТ им. К.К. Рокоссовского Ушаковский филиал Свободинского аграрно–технического техникума им. К.К. Рокоссовского
RU,Россия,Свободный,general,Газпром школа Свободный
RU,Россия,Свободный,general,МБОУ ООШNo8
RU,Россия,Свободный,general,Средняя школа №1
RU,Россия,Свободный,general,Средняя школа №11
RU,Россия,Свободный,general,Средняя школа №192
RU,Россия,Свободный,general,Средняя школа №2
RU,Россия,Свободный,general,Средняя школа №5
RU,Россия,Свободный,general,Средняя школа №8
RU,Россия,Свободный,general,Школа №6
RU,Россия,Севастополь,boarding,Школа-интернат №1
RU,Россия,Севастополь,college,ИРО Институт развития образования
RU,Россия,Севастополь,college,САСТ Севастопольский архитектурно-строительный колледж
RU,Россия,Севастополь,college,СЕВКИТИП Севастопольский колледж информационных технологий и промышленности
RU,Россия,Севастополь,college,СКСТ Севастопольский колледж сервиса и торговли
RU,Россия,Севастополь,college,СМК им. Жени Дерюгиной Севастопольский медицинский колледж им. Жени Дерюгиной
RU,Россия,Севастополь,college,СПТК имени А. В. Геловани Севастопольский промышленно-технологический колледж имени маршала инженерных войск А.В. Ге
RU,Россия,Севастополь,college,СПХК Севастопольский профессиональный художественный колледж
RU,Россия,Севастополь,college,ССК Севастопольский судостроительный колледж
RU,Россия,Севастополь,college,СТЭТ Севастопольский торгово-экономический техникум
RU,Россия,Севастополь,college,Частный Колледж Академия ТОП Севастополь Филиал колледжа «Академия ТОП Севастополь»
RU,Россия,Севастополь,college,Частный РЭУ им Г.В. Плеханова в г. Севастополе Севастопольский филиал Российский экономический университет имени Г.В. Плеханова
RU,Россия,Севастополь,general,Инженерная школа
RU,Россия,Севастополь,general,Начальная школа №47
RU,Россия,Севастополь,general,Общеобразовательная организация школа развития и творчества
RU,Россия,Севастополь,general,Севастопольская школа №25
RU,Россия,Севастополь,general,Севастопольский политехнический лицей
RU,Россия,Севастополь,general,Средняя общеобразовательная школа № 14 имени И.С. Пьянзина
RU,Россия,Севастополь,general,Средняя общеобразовательная школа № 30 имени героя Советского Союза Г.А.Рубцова
RU,Россия,Севастополь,general,Средняя общеобразовательная школа № 34 имени Александра Шостака
RU,Россия,Севастополь,general,Средняя общеобразовательная школа № 37
RU,Россия,Севастополь,general,Средняя общеобразовательная школа № 38 имени Н.В. Челнокова
RU,Россия,Севастополь,general,Средняя общеобразовательная школа № 39
RU,Россия,Севастополь,general,Средняя общеобразовательная школа № 41
RU,Россия,Севастополь,general,Средняя общеобразовательная школа № 42
RU,Россия,Севастополь,general,Средняя общеобразовательная школа № 43 с углубленным изучением английского языка имени дважды Героя Советского Союза В.Д.Лавриненкова
RU,Россия,Севастополь,general,Средняя общеобразовательная школа № 44 имени В.В.Ходырева
RU,Россия,Севастополь,general,Средняя общеобразовательная школа № 45 с углубленным изучением испанского языка имени В.И. Соколова
RU,Россия,Севастополь,general,Средняя общеобразовательная школа № 46
RU,Россия,Севастополь,general,Средняя общеобразовательная школа № 49
RU,Россия,Севастополь,general,Средняя общеобразовательная школа № 50
RU,Россия,Севастополь,general,Средняя общеобразовательная школа № 55
RU,Россия,Севастополь,general,Средняя общеобразовательная школа № 58 с углублённым изучением общественно-экономических дисциплин имени героя Советского Союза В.И.Колядина
RU,Россия,Севастополь,general,Средняя общеобразовательная школа № 59
RU,Россия,Севастополь,general,Средняя общеобразовательная школа № 60 имени героя Советского Союза В.С.Пилипенко
RU,Россия,Севастополь,general,Средняя общеобразовательная школа № 61 имени Героя Советского Союза А.И.Маринеско
RU,Россия,Севастополь,general,Средняя общеобразовательная школа №23 им. Б. А. Кучера
RU,Россия,Севастополь,general,Средняя школа №11
RU,Россия,Севастополь,general,Средняя школа №12
RU,Россия,Севастополь,general,Средняя школа №13
RU,Россия,Севастополь,general,Средняя школа №14
RU,Россия,Севастополь,general,Средняя школа №15
RU,Россия,Севастополь,general,Средняя школа №17
RU,Россия,Севастополь,general,Средняя школа №18
RU,Россия,Севастополь,general,Средняя школа №20
RU,Россия,Севастополь,general,Средняя школа №22
RU,Россия,Севастополь,general,Средняя школа №26
RU,Россия,Севастополь,general,Средняя школа №27
RU,Россия,Севастополь,general,Средняя школа №28
RU,Россия,Севастополь,general,Средняя школа №29
RU,Россия,Севастополь,general,Средняя школа №3
RU,Россия,Севастополь,general,Средняя школа №30
RU,Россия,Севастополь,general,Средняя школа №31
RU,Россия,Севастополь,general,Средняя школа №32
RU,Россия,Севастополь,general,Средняя школа №33
RU,Россия,Севастополь,general,Средняя школа №34
RU,Россия,Севастополь,general,Средняя школа №35
RU,Россия,Севастополь,general,Средняя школа №4
RU,Россия,Севастополь,general,Средняя школа №40
RU,Россия,Севастополь,general,Средняя школа №43
RU,Россия,Севастополь,general,Средняя школа №44
RU,Россия,Севастополь,general,Средняя школа №45
RU,Россия,Севастополь,general,Средняя школа №47
RU,Россия,Севастополь,general,Средняя школа №48
RU,Россия,Севастополь,general,Средняя школа №52
RU,Россия,Севастополь,general,Средняя школа №54
RU,Россия,Севастополь,general,Средняя школа №57
RU,Россия,Севастополь,general,Средняя школа №58
RU,Россия,Севастополь,general,Средняя школа №6
RU,Россия,Севастополь,general,Средняя школа №60
RU,Россия,Севастополь,general,Средняя школа №61
RU,Россия,Севастополь,general,Средняя школа №9
RU,Россия,Севастополь,general,Школа №19
RU,Россия,Севастополь,general,Школа №36
RU,Россия,Севастополь,university,Институт экономики и права (филиал)
RU,Россия,Севастополь,university,Морской институт имени вице-адмирала В.А. Корнилова – филиал
RU,Россия,Севастополь,university,Севастопольский государственный университет
RU,Россия,Севастополь,university,Севастопольский филиал — Российский экономический университет
RU,Россия,Севастополь,university,Севастопольский экономико-гуманитарный институт (филиал)
RU,Россия,Севастополь,university,Филиал Московского государственного университета имени М.В.Ломоносова в городе Севастополе
RU,Россия,Северодвинск,boarding,Северодвинская специальная (коррекционная) общеобразовательная школа-интернат
RU,Россия,Северодвинск,college,СКУИТ Северодвинский колледж управления и информационных технологий
RU,Россия,Северодвинск,college,СТСИ Северодвинский техникум социальной инфраструктуры
RU,Россия,Северодвинск,college,СТСиС Северодвинский техникум судостроения и судоремонта
RU,Россия,Северодвинск,college,"Технический колледж филиала САФУ в г. Северодвинске Технический колледж филиала ""Северный (Арктический) федеральный университет имени М.В. Лом"
RU,Россия,Северодвинск,college,"ТСДиТ Техникум строительства, дизайна и технологий"
RU,Россия,Северодвинск,college,ТСИМ Техникум судостроения и машиностроения
RU,Россия,Северодвинск,general,Коррекционная школа №15
RU,Россия,Северодвинск,general,Средняя общеобразовательная школа №19
RU,Россия,Северодвинск,general,Средняя школа №11
RU,Россия,Северодвинск,general,Средняя школа №12
RU,Россия,Северодвинск,general,Средняя школа №13
RU,Россия,Северодвинск,general,Средняя школа №16
RU,Россия,Северодвинск,general,Средняя школа №2
RU,Россия,Северодвинск,general,Средняя школа №20
RU,Россия,Северодвинск,general,Средняя школа №21
RU,Россия,Северодвинск,general,Средняя школа №22
RU,Россия,Северодвинск,general,Средняя школа №23
RU,Россия,Северодвинск,general,Средняя школа №24
RU,Россия,Северодвинск,general,Средняя школа №25
RU,Россия,Северодвинск,general,Средняя школа №28
RU,Россия,Северодвинск,general,Средняя школа №29
RU,Россия,Северодвинск,general,Средняя школа №3
RU,Россия,Северодвинск,general,Средняя школа №30
RU,Россия,Северодвинск,general,Средняя школа №5
RU,Россия,Северодвинск,general,Средняя школа №6
RU,Россия,Северодвинск,general,Средняя школа №9
RU,Россия,Североморск,general,"МБОУ ""гимназия № 1"""
RU,Россия,Североморск,general,"МБОУ ЗАТО Г. Североморск ""СОШ № 1"""
RU,Россия,Североморск,general,"МБОУ ЗАТО Г. Североморск ""СОШ № 10 ИМ. К.И. Душенова"""
RU,Россия,Североморск,general,"МБОУ ЗАТО Г.североморск ""СОШ № 11"""
RU,Россия,Североморск,general,"МБОУ ЗАТО Г.североморск ""СОШ № 12"""
RU,Россия,Североморск,general,"МБОУ ЗАТО Г.североморск ""СОШ № 7"""
RU,Россия,Североморск,general,Североморская школа полного дня
RU,Россия,Североморск,general,Средняя школа №1
RU,Россия,Североморск,general,Средняя школа №10
RU,Россия,Североморск,general,Средняя школа №11
RU,Россия,Североморск,general,Средняя школа №12
RU,Россия,Североморск,general,Средняя школа №7
RU,Россия,Северск,boarding,Северская школа-интернат для обучающихся с ограниченными возможностями здоровья
RU,Россия,Северск,general,Средняя школа №196
RU,Россия,Северск,general,Средняя школа №197
RU,Россия,Северск,general,Средняя школа №198
RU,Россия,Северск,general,Средняя школа №76
RU,Россия,Северск,general,Средняя школа №78
RU,Россия,Северск,general,Средняя школа №80
RU,Россия,Северск,general,Средняя школа №83
RU,Россия,Северск,general,Средняя школа №84
RU,Россия,Северск,general,Средняя школа №87
RU,Россия,Северск,general,Средняя школа №88
RU,Россия,Северск,general,Средняя школа №89
RU,Россия,Северск,general,Средняя школа №90
RU,Россия,Сергиев Посад,college,БИХРД РУТХП Богородский институт художественной резьбы по дереву – филиал «Российский университет трад
RU,Россия,Сергиев Посад,college,Сергиево-Посадский филиал ВГИК им. С.А. Герасимова Сергиево-Посадский филиал Всероссийский государственный университет кинематографии имени С
RU,Россия,Сергиев Посад,college,Сергиево-Посадский филиал МосОМК Сергиево-Посадский филиал Московского областного медицинского колледжа
RU,Россия,Сергиев Посад,college,СПИИ РУТХП Сергиево-Посадский институт игрушки - филиал «Российский университет традиционных художест
RU,Россия,Сергиев Посад,college,СПК Сергиево-Посадский колледж
RU,Россия,Сергиев Посад,college,"Частный Сергиево-Посадский филиал МФЮИ Сергиево-Посадский филиал ""Московский областной финансово-юридический институт"""
RU,Россия,Сергиев Посад,college,Частный Филиал в г. Сергиев Посад МУ им. С. Ю. Витте Филиал в г. Сергиев Посад Московского университета им. С. Ю. Витте
RU,Россия,Сергиев Посад,general,Вечерняя школа
RU,Россия,Сергиев Посад,general,Гимназия № 5 г. Сергиева Посада
RU,Россия,Сергиев Посад,general,Начальная школа
RU,Россия,Сергиев Посад,general,Основная образовательная школа №7
RU,Россия,Сергиев Посад,general,"Основная общеобразовательная школа № 7, осуществляющая деятельность по адаптированным основным образовательным программам"
RU,Россия,Сергиев Посад,general,Сергиево-Посадская гимназия имени И.Б. Ольбинского
RU,Россия,Сергиев Посад,general,Средняя общеобразовательная школа № 1
RU,Россия,Сергиев Посад,general,Средняя общеобразовательная школа № 11
RU,Россия,Сергиев Посад,general,Средняя общеобразовательная школа № 14
RU,Россия,Сергиев Посад,general,Средняя общеобразовательная школа № 16
RU,Россия,Сергиев Посад,general,Средняя общеобразовательная школа № 18 с углубленным изучением отдельных предметов
RU,Россия,Сергиев Посад,general,Средняя общеобразовательная школа № 19
RU,Россия,Сергиев Посад,general,Средняя общеобразовательная школа № 21
RU,Россия,Сергиев Посад,general,Средняя общеобразовательная школа № 4
RU,Россия,Сергиев Посад,general,Средняя общеобразовательная школа № 6
RU,Россия,Сергиев Посад,general,Средняя общеобразовательная школа № 8
RU,Россия,Сергиев Посад,general,Средняя общеобразовательная школа №19 им. Героя Советского Союза М.К. Нехаева
RU,Россия,Сергиев Посад,general,Средняя школа №18
RU,Россия,Сергиев Посад,general,Средняя школа №2
RU,Россия,Сергиев Посад,general,Средняя школа №22
RU,Россия,Сергиев Посад,general,Физико-математический лицей
RU,Россия,Сергиев Посад,university,Московская духовная академия Русской Православной Церкви
RU,Россия,Сергиев Посад,university,Московский университет им.С.Ю.Витте — филиал в г. Сергиев Посад
RU,Россия,Сергиев Посад,university,Сергиево-Посадский институт игрушки - филиал
RU,Россия,Сергиев Посад,university,Сергиево-Посадский филиал
RU,Россия,Серов,college,Серовский филиал СОМК Серовский филиал Свердловский областной медицинский колледж
RU,Россия,Серов,college,СМТ Серовский металлургический техникум
RU,Россия,Серов,college,СПК Северный педагогический колледж
RU,Россия,Серов,college,СПТ Серовский политехнический техникум
RU,Россия,Серов,college,СТСОиП Серовский техникум сферы обслуживания и питания
RU,Россия,Серов,general,МАОУ СОШ № 13
RU,Россия,Серов,general,МАОУ СОШ № 14 ИМ.В.Ф. Фуфачева
RU,Россия,Серов,general,МАОУ СОШ № 15
RU,Россия,Серов,general,МАОУ СОШ № 20
RU,Россия,Серов,general,МАОУ СОШ № 21
RU,Россия,Серов,general,МАОУ СОШ № 22
RU,Россия,Серов,general,МАОУ СОШ № 27
RU,Россия,Серов,general,МБОУ ООШ № 26
RU,Россия,Серов,general,МБОУ СОШ П. Красноглинный
RU,Россия,Серов,general,МБОУ СОШ П. Красноярка
RU,Россия,Серов,general,МБОУ СОШ С.андриановичи
RU,Россия,Серов,general,МБОУ СОШ № 11
RU,Россия,Серов,general,МБОУ СОШ № 19
RU,Россия,Серов,general,МБОУ СОШ № 23
RU,Россия,Серов,general,МБОУ СОШ № 9
RU,Россия,Серов,general,Полифорум
RU,Россия,Серов,general,"Серовская школа-интернат для детей, нуждающихся в длительном лечении"
RU,Россия,Серов,general,"Серовская школа № 2, реализующая адаптированные основные общеобразовательные программы"
RU,Россия,Серов,general,Серовский детский дом-школа
RU,Россия,Серпухов,college,ГК Губернский колледж
RU,Россия,Серпухов,college,СК Серпуховский колледж
RU,Россия,Серпухов,college,Частный СГОК Серпуховский городской открытый колледж
RU,Россия,Серпухов,college,Частный Чеховский филиал МФЮИ Чеховский филиал «Московский областной финансово-юридический институт»
RU,Россия,Серпухов,general,Средняя общеобразовательная школа № 10
RU,Россия,Серпухов,general,Средняя общеобразовательная школа № 12 с углубленным изучением отдельных предметов «Центр образования»
RU,Россия,Серпухов,general,Средняя общеобразовательная школа № 3
RU,Россия,Серпухов,general,Средняя школа №12
RU,Россия,Серпухов,general,Средняя школа №18
RU,Россия,Серпухов,general,Средняя школа №19
RU,Россия,Серпухов,general,Средняя школа №5
RU,Россия,Серпухов,general,Школа современного образования
RU,Россия,Серпухов,general,Школа № 8 для обучающихся с ограниченными возможностями здоровья
RU,Россия,Серпухов,general,Школа №8
RU,Россия,Серпухов,general,Эффективная школа
RU,Россия,Сибай,college,АГК им. И. Тасимова Акъярский горный колледж имени И. Тасимова
RU,Россия,Сибай,college,ЗАПК Зианчуринский агропромышленный колледж
RU,Россия,Сибай,college,ЗКА Зауральский колледж Агроинженерии
RU,Россия,Сибай,college,"Кизильский филиал ВАТТ-ККК Кизильский филиал ""Верхнеуральский агротехнологический техникум - казачий кадетский корпус"
RU,Россия,Сибай,college,СКИ им. В.К. Валеева Сибайский колледж искусств им. В.К. Валеева
RU,Россия,Сибай,college,СКСС Сибайский колледж строительства и сервиса
RU,Россия,Сибай,college,СМК Сибайский медицинский колледж
RU,Россия,Сибай,college,СМПК Сибайский многопрофильный профессиональный колледж
RU,Россия,Сибай,college,СПК им. Б.М. Мамбеткулова Сибайский педагогический колледж им. Б.М. Мамбеткулова
RU,Россия,Смоленск,college,ВТТ Верхнеднепровский технологический техникум
RU,Россия,Смоленск,college,КМАК Козловский многопрофильный аграрный колледж
RU,Россия,Смоленск,college,Колледж СГИИ Колледж Смоленский государственный институт искусств
RU,Россия,Смоленск,college,САГА Смоленская академия градостроительства и архитектуры
RU,Россия,Смоленск,college,САК Смоленский автотранспортный колледж имени Е.Г. Трубицына
RU,Россия,Смоленск,college,СБМК им. К. С. Константиновой Смоленский базовый медицинский колледж имени К.С. Константиновой
RU,Россия,Смоленск,college,СКТ(ф)СПбГУТ Смоленский колледж телекоммуникаций (филиал) Санкт-Петербургский государственный университ
RU,Россия,Смоленск,college,СмолАПО Смоленская академия профессионального образования
RU,Россия,Смоленск,college,Смоленский филиал РАНХиГС Смоленский филиал РАНХиГС
RU,Россия,Смоленск,college,Смоленский филиал РЭУ им. Г.В. Плеханова Смоленский филиал Российский экономический университет имени Г.В. Плеханова
RU,Россия,Смоленск,college,СОМУ им. М.И. Глинки Смоленское областное музыкальное училище имени М.И. Глинки
RU,Россия,Смоленск,college,СОТА Смоленская областная технологическая академия
RU,Россия,Смоленск,college,СПК Смоленский педагогический колледж
RU,Россия,Смоленск,college,"СТЖТСС Смоленский техникум железнодорожного транспорта, связи и сервиса"
RU,Россия,Смоленск,college,ТОТ Техникум отраслевых технологий в г. Смоленске
RU,Россия,Смоленск,college,"ФГБУ ПОО ""СГУОР"" Смоленское государственное училище (техникум) олимпийского резерва"
RU,Россия,Смоленск,college,Частный СКПиП Смоленский колледж правоохраны и правосудия
RU,Россия,Смоленск,college,Частный Смоленский колледж МЮИ Смоленский колледж Международного юридического института
RU,Россия,Смоленск,college,Частный СЮК Смоленский юридический колледж
RU,Россия,Смоленск,general,Богородицкая средняя школа
RU,Россия,Смоленск,general,Гнездовская средняя школа
RU,Россия,Смоленск,general,Дивасовская средняя школа
RU,Россия,Смоленск,general,Михновская средняя школа
RU,Россия,Смоленск,general,Многопрофильный лицей
RU,Россия,Смоленск,general,Ольшанская основная школа
RU,Россия,Смоленск,general,Открытая (сменная) школа №1
RU,Россия,Смоленск,general,Открытая (сменная) школа №2
RU,Россия,Смоленск,general,Печерская средняя школа
RU,Россия,Смоленск,general,Пригорская средняя школа
RU,Россия,Смоленск,general,Синьковская средняя школа
RU,Россия,Смоленск,general,Средняя школа №1
RU,Россия,Смоленск,general,Средняя школа №10
RU,Россия,Смоленск,general,Средняя школа №11
RU,Россия,Смоленск,general,Средняя школа №12
RU,Россия,Смоленск,general,Средняя школа №13 им. Э.Д. Балтина
RU,Россия,Смоленск,general,Средняя школа №14
RU,Россия,Смоленск,general,Средняя школа №15
RU,Россия,Смоленск,general,Средняя школа №16
RU,Россия,Смоленск,general,Средняя школа №17 им. Героя Российской Федерации А.Б. Буханова
RU,Россия,Смоленск,general,Средняя школа №18
RU,Россия,Смоленск,general,Средняя школа №19 им. Героя России А.А. Панова
RU,Россия,Смоленск,general,Средняя школа №2
RU,Россия,Смоленск,general,Средняя школа №21 им. Н.И. Рыленкова
RU,Россия,Смоленск,general,Средняя школа №22
RU,Россия,Смоленск,general,Средняя школа №23
RU,Россия,Смоленск,general,Средняя школа №24
RU,Россия,Смоленск,general,Средняя школа №25
RU,Россия,Смоленск,general,Средняя школа №26 им. А.С. Пушкина
RU,Россия,Смоленск,general,Средняя школа №27 им. Э.А. Хиля
RU,Россия,Смоленск,general,Средняя школа №28
RU,Россия,Смоленск,general,Средняя школа №29 с углубленным изучением отдельных предметов
RU,Россия,Смоленск,general,Средняя школа №3
RU,Россия,Смоленск,general,Средняя школа №30 им. С.А. Железнова
RU,Россия,Смоленск,general,Средняя школа №31
RU,Россия,Смоленск,general,Средняя школа №32 им. С.А. Лавочкина
RU,Россия,Смоленск,general,Средняя школа №33
RU,Россия,Смоленск,general,Средняя школа №34
RU,Россия,Смоленск,general,Средняя школа №35
RU,Россия,Смоленск,general,Средняя школа №36 им. генерала А.М. Городнянского
RU,Россия,Смоленск,general,Средняя школа №37
RU,Россия,Смоленск,general,Средняя школа №38
RU,Россия,Смоленск,general,Средняя школа №39
RU,Россия,Смоленск,general,Средняя школа №5
RU,Россия,Смоленск,general,Средняя школа №6
RU,Россия,Смоленск,general,Средняя школа №7
RU,Россия,Смоленск,general,Средняя школа №8 с углубленным изучением иностранных языков
RU,Россия,Смоленск,general,Средняя школа №9 имени Ю.А. Гагарина
RU,Россия,Смоленск,general,Хохловская средняя школа Смоленского района Смоленской области
RU,Россия,Смоленск,general,Школа-студия Дом
RU,Россия,Смоленск,private,Частная школа им. М.К. Тенишевой
RU,Россия,Советск,college,"Кировский медицинский колледж, филиал в г. Советске"
RU,Россия,Советск,college,СЛТ Суводский лесхоз-техникум
RU,Россия,Советск,college,Технологический колледж (Советск)
RU,Россия,Советск,college,ТПиНП г. Советска Техникум промышленности и народных промыслов г. Советска
RU,Россия,Советск,general,Гимназия № 1
RU,Россия,Советск,general,Лицей № 5
RU,Россия,Советск,general,"МАОУ ""лицей № 10"" Г.советска"
RU,Россия,Советск,general,Советская средняя школа №10
RU,Россия,Советск,general,Советская средняя школа №2
RU,Россия,Советск,general,Средняя общеобразовательная школа № 4 с углубленным изучением отдельных предметов Советского городсого округа
RU,Россия,Соликамск,college,СГХТ Соликамский горно-химический техникум
RU,Россия,Соликамск,college,Соликамский АПК Соликамский автодорожно-промышленный колледж
RU,Россия,Соликамск,college,ССПК Соликамский социально-педагогический колледж имени А.П. Раменского
RU,Россия,Соликамск,college,СТК Соликамский технологический колледж
RU,Россия,Соликамск,general,Вечерняя школа №3
RU,Россия,Соликамск,general,Основная общеобразовательная школа №10
RU,Россия,Соликамск,general,Основная общеобразовательная школа №4
RU,Россия,Соликамск,general,Основная школа №13
RU,Россия,Соликамск,general,Специальная коррекционная общеобразовательная школа №2
RU,Россия,Соликамск,general,Специальная коррекционная школа для обучающихся с ограниченными возможностями
RU,Россия,Соликамск,general,Средняя общеобразовательная школа №1
RU,Россия,Соликамск,general,Средняя общеобразовательная школа №14
RU,Россия,Соликамск,general,Средняя общеобразовательная школа №15
RU,Россия,Соликамск,general,Средняя общеобразовательная школа №2
RU,Россия,Соликамск,general,Средняя общеобразовательная школа №7
RU,Россия,Соликамск,general,Средняя школа №12
RU,Россия,Соликамск,general,Средняя школа №16
RU,Россия,Соликамск,general,Средняя школа №17
RU,Россия,Соликамск,general,Средняя школа №9
RU,Россия,Солнечногорск,general,МБОУ Гимназия № 6
RU,Россия,Солнечногорск,general,МБОУ Лицей № 1 ИМ. А. Блока
RU,Россия,Солнечногорск,general,МБОУ Лицей № 7
RU,Россия,Солнечногорск,general,МБОУ Лицей № 8
RU,Россия,Солнечногорск,general,МБОУ Поваровская СОШ
RU,Россия,Солнечногорск,general,МБОУ СОШ № 2 Г. Солнечногорска
RU,Россия,Солнечногорск,general,МБОУ СОШ № 5 С УИОП
RU,Россия,Солнечногорск,general,МБОУ Тимоновская СОШ С УИОП
RU,Россия,Солнечногорск,general,Средняя школа №2
RU,Россия,Солнечногорск,general,Средняя школа №4
RU,Россия,Солнечногорск,general,Средняя школа №5
RU,Россия,Солнечногорск,general,Тимоновская средняя школа
RU,Россия,Сочи,boarding,Специальная (коррекционная) школа-интернат №2
RU,Россия,Сочи,college,СКИ Сочинский колледж искусств
RU,Россия,Сочи,college,СКПО Сочинский колледж поликультурного образования
RU,Россия,Сочи,college,СМК Сочинский медицинский колледж
RU,Россия,Сочи,college,Сочинский институт (филиал) РУДН Сочинский институт (филиал) Российского университета дружбы народов имени Патриса Лумумбы
RU,Россия,Сочи,college,Сочинский филиал ВГУЮ (РПА Минюста России) Сочинский филиал Всероссийского государственного университета юстиции (РПА Минюста России)
RU,Россия,Сочи,college,СПТ Сочинский профессиональный техникум
RU,Россия,Сочи,college,УЭТК СГУ Университетский экономико-технологический колледж
RU,Россия,Сочи,college,Частный АК Академический колледж г. Сочи
RU,Россия,Сочи,college,Частный Колледж Академия ТОП Адлер Филиал колледжа «Академия ТОП Адлер»
RU,Россия,Сочи,college,Частный Колледж Академия ТОП Сочи Филиал колледжа «Академия ТОП Сочи»
RU,Россия,Сочи,college,Частный Колледж «Сириус» Колледж «Сириус»
RU,Россия,Сочи,college,Частный КЮПК Кубанский юридический полицейский колледж
RU,Россия,Сочи,college,Частный СГЭК Сочинский гуманитарно-экономический колледж
RU,Россия,Сочи,college,Частный Скайпро Сочи Колледж Скайпро Сочи
RU,Россия,Сочи,college,Частный СКУ Сочинский колледж управления
RU,Россия,Сочи,college,Частный ССТТ Сочинский социально-технический техникум
RU,Россия,Сочи,college,Частный СФЮК Сочинский финансово-юридический колледж
RU,Россия,Сочи,general,Вечерняя школа №1
RU,Россия,Сочи,general,Лингво Гимназия
RU,Россия,Сочи,general,МОБУ Гимназия № 1 ИМ. Филатовой Р.А
RU,Россия,Сочи,general,МОБУ Гимназия № 16 Г. СОЧИ
RU,Россия,Сочи,general,МОБУ Гимназия № 44 Г. СОЧИ ИМ. В.А. Сухомлинского
RU,Россия,Сочи,general,МОБУ Гимназия № 5 ИМ. Туренко Е.Г
RU,Россия,Сочи,general,МОБУ Гимназия № 8
RU,Россия,Сочи,general,МОБУ Лицей № 22
RU,Россия,Сочи,general,МОБУ Лицей № 23 Г. СОЧИ ИМ. Кромского И.И
RU,Россия,Сочи,general,МОБУ Лицей № 3
RU,Россия,Сочи,general,МОБУ Лицей № 59 ИМ. Трубачёва М.Г
RU,Россия,Сочи,general,МОБУ СОШ № 11
RU,Россия,Сочи,general,МОБУ СОШ № 12 ИМ. Лабинского А.С
RU,Россия,Сочи,general,МОБУ СОШ № 14 Г. СОЧИ ИМ. Героя Советского Союза Сьянова И.Я
RU,Россия,Сочи,general,МОБУ СОШ № 18 Г. СОЧИ
RU,Россия,Сочи,general,МОБУ СОШ № 24 Города СОЧИ
RU,Россия,Сочи,general,МОБУ СОШ № 25 Г. СОЧИ
RU,Россия,Сочи,general,МОБУ СОШ № 26 Г. СОЧИ
RU,Россия,Сочи,general,МОБУ СОШ № 53 ИМ. Титова И.С
RU,Россия,Сочи,general,МОБУ СОШ № 7 ИМ. Москвина А.П
RU,Россия,Сочи,general,МОБУ СОШ № 83 ИМ. Героя Советского Союза Д.М. Языджяна
RU,Россия,Сочи,general,МОБУ СОШ № 84 Г. СОЧИ ИМ. Павлова Н.З
RU,Россия,Сочи,general,Начальная школа №97
RU,Россия,Сочи,general,Основная школа №16
RU,Россия,Сочи,general,Основная школа №17
RU,Россия,Сочи,general,Основная школа №22
RU,Россия,Сочи,general,Основная школа №23
RU,Россия,Сочи,general,Основная школа №26
RU,Россия,Сочи,general,Основная школа №28
RU,Россия,Сочи,general,Основная школа №39
RU,Россия,Сочи,general,Основная школа №43
RU,Россия,Сочи,general,Основная школа №44
RU,Россия,Сочи,general,Основная школа №48
RU,Россия,Сочи,general,Основная школа №55
RU,Россия,Сочи,general,Основная школа №56
RU,Россия,Сочи,general,Основная школа №81
RU,Россия,Сочи,general,Основная школа №93
RU,Россия,Сочи,general,Основная школа №99
RU,Россия,Сочи,general,Средняя школа №10
RU,Россия,Сочи,general,Средняя школа №100
RU,Россия,Сочи,general,Средняя школа №11
RU,Россия,Сочи,general,Средняя школа №12
RU,Россия,Сочи,general,Средняя школа №13
RU,Россия,Сочи,general,Средняя школа №14
RU,Россия,Сочи,general,Средняя школа №15
RU,Россия,Сочи,general,Средняя школа №18
RU,Россия,Сочи,general,Средняя школа №19
RU,Россия,Сочи,general,Средняя школа №2
RU,Россия,Сочи,general,Средняя школа №20
RU,Россия,Сочи,general,Средняя школа №24
RU,Россия,Сочи,general,Средняя школа №25
RU,Россия,Сочи,general,Средняя школа №26
RU,Россия,Сочи,general,Средняя школа №27
RU,Россия,Сочи,general,Средняя школа №28
RU,Россия,Сочи,general,Средняя школа №29
RU,Россия,Сочи,general,Средняя школа №30
RU,Россия,Сочи,general,Средняя школа №31
RU,Россия,Сочи,general,Средняя школа №34
RU,Россия,Сочи,general,Средняя школа №35
RU,Россия,Сочи,general,Средняя школа №36
RU,Россия,Сочи,general,Средняя школа №37
RU,Россия,Сочи,general,Средняя школа №38
RU,Россия,Сочи,general,Средняя школа №4
RU,Россия,Сочи,general,Средняя школа №49
RU,Россия,Сочи,general,Средняя школа №53
RU,Россия,Сочи,general,Средняя школа №57
RU,Россия,Сочи,general,Средняя школа №65
RU,Россия,Сочи,general,Средняя школа №66
RU,Россия,Сочи,general,Средняя школа №67
RU,Россия,Сочи,general,Средняя школа №7
RU,Россия,Сочи,general,Средняя школа №75
RU,Россия,Сочи,general,Средняя школа №77
RU,Россия,Сочи,general,Средняя школа №78
RU,Россия,Сочи,general,Средняя школа №79
RU,Россия,Сочи,general,Средняя школа №80
RU,Россия,Сочи,general,Средняя школа №82
RU,Россия,Сочи,general,Средняя школа №83
RU,Россия,Сочи,general,Средняя школа №84
RU,Россия,Сочи,general,Средняя школа №85
RU,Россия,Сочи,general,Средняя школа №86
RU,Россия,Сочи,general,Средняя школа №87
RU,Россия,Сочи,general,Средняя школа №88
RU,Россия,Сочи,general,Средняя школа №89
RU,Россия,Сочи,general,Средняя школа №90
RU,Россия,Сочи,general,Средняя школа №91
RU,Россия,Сочи,general,Средняя школа №92
RU,Россия,Сочи,general,Средняя школа №94
RU,Россия,Сочи,general,Средняя школа №96
RU,Россия,Сочи,university,Международный инновационный университет
RU,Россия,Сочи,university,Российский государственный социальный университет — филиал в г. Сочи
RU,Россия,Сочи,university,Сочинский государственный университет
RU,Россия,Сочи,university,Сочинский институт (филиал)
RU,Россия,Сочи,university,Сочинский филиал — Всероссийский государственный университет юстиции
RU,Россия,Ставрополь,boarding,Специальная (коррекционная) общеобразовательная школа-интернат №36 г. Ставрополя
RU,Россия,Ставрополь,college,ГАК с. Московское Государственный агротехнический колледж с. Московское
RU,Россия,Ставрополь,college,"КРК ""Интеграл"" Курсавский региональный колледж ""Интеграл"""
RU,Россия,Ставрополь,college,НСХТ Новотроицкий сельскохозяйственный техникум
RU,Россия,Ставрополь,college,СБМК Ставропольский базовый медицинский колледж
RU,Россия,Ставрополь,college,СГПК Ставропольский государственный политехнический колледж
RU,Россия,Ставрополь,college,СККИ Ставропольский краевой колледж искусств
RU,Россия,Ставрополь,college,СКС Ставропольский колледж связи имени Героя Советского Союза В. А. Петрова
RU,Россия,Ставрополь,college,СКСИ СПО Северо-Кавказский социальный институт СПО
RU,Россия,Ставрополь,college,СКСТиК Ставропольский колледж сервисных технологий и коммерции
RU,Россия,Ставрополь,college,СКХУ Ставропольское краевое художественное училище
RU,Россия,Ставрополь,college,СРКВТиЭ Ставропольский региональный колледж вычислительной техники и электроники
RU,Россия,Ставрополь,college,СРМК Ставропольский региональный многопрофильный колледж
RU,Россия,Ставрополь,college,ССТ Ставропольский строительный техникум
RU,Россия,Ставрополь,college,СУОР Ставропольское училище олимпийского резерва (техникум)
RU,Россия,Ставрополь,college,Частный МК Авиценна Медицинский колледж Авиценна
RU,Россия,Ставрополь,college,Частный СКТ Ставропольский кооперативный техникум
RU,Россия,Ставрополь,college,Частный СКЭД Ставропольский колледж экономики и дизайна
RU,Россия,Ставрополь,college,"Частный СКЭУ Бизнестранс Ставропольский колледж экономики и управления ""Бизнестранс"""
RU,Россия,Ставрополь,college,Частный СМК Ставропольский многопрофильный колледж
RU,Россия,Ставрополь,college,Частный СТМиОТ Ставропольский техникум медицины и отраслевых технологий
RU,Россия,Ставрополь,college,Частный СШБ Колледж Современная школа бизнеса
RU,Россия,Ставрополь,college,Частный Факультет СПО Ставропольский институт кооперации филиала БУКЭП Факультет среднего профессионального образования Ставропольского института кооперации фил
RU,Россия,Ставрополь,general,"ГБОУ СК ""гимназия № 25"""
RU,Россия,Ставрополь,general,"ГБОУ СК ""лицей № 14 ИМ. Героя РФ В.В. Нургалиева"""
RU,Россия,Ставрополь,general,Коррекционная школа №33
RU,Россия,Ставрополь,general,МАОУ Лицей № 17
RU,Россия,Ставрополь,general,МАОУ Лицей № 5 Города Ставрополя
RU,Россия,Ставрополь,general,МБОУ Гимназия № 12 Им.белоконя В.Э. Г. Ставрополя
RU,Россия,Ставрополь,general,МБОУ Гимназия № 3 Г.ставрополя Им.героя Советского Союза Л.севрюкова
RU,Россия,Ставрополь,general,МБОУ Лицей № 16 Г.ставрополя
RU,Россия,Ставрополь,general,МБОУ Лицей № 23 Г.ставрополя
RU,Россия,Ставрополь,general,МБОУ СОШ № 1 Г.ставрополя
RU,Россия,Ставрополь,general,МБОУ СОШ № 19 Г. Ставрополя
RU,Россия,Ставрополь,general,МБОУ СОШ № 21 Города Ставрополя
RU,Россия,Ставрополь,general,МБОУ СОШ № 22 Г. Ставрополя
RU,Россия,Ставрополь,general,МБОУ СОШ № 26 Г. Ставрополя
RU,Россия,Ставрополь,general,МБОУ СОШ № 27 Г. Ставрополя
RU,Россия,Ставрополь,general,МБОУ СОШ № 34 Г. Ставрополя
RU,Россия,Ставрополь,general,МБОУ СОШ № 43 Г. Ставрополя Имени Героя РФ В.Д. Нужного
RU,Россия,Ставрополь,general,МБОУ СОШ № 6 Г. Ставрополя Имени Выдающегося Разведчика Георгия Николаевича Косенко
RU,Россия,Ставрополь,general,МБОУ СОШ № 64 Г.ставрополя
RU,Россия,Ставрополь,general,Специальная (коррекционная) общеобразовательная школа-интернат № 36 города Ставрополя
RU,Россия,Ставрополь,general,Специальная (коррекционная) общеобразовательная школа № 33 города Ставрополя
RU,Россия,Ставрополь,general,Средняя школа №1
RU,Россия,Ставрополь,general,Средняя школа №11
RU,Россия,Ставрополь,general,Средняя школа №12
RU,Россия,Ставрополь,general,Средняя школа №13
RU,Россия,Ставрополь,general,Средняя школа №14
RU,Россия,Ставрополь,general,Средняя школа №16
RU,Россия,Ставрополь,general,Средняя школа №17
RU,Россия,Ставрополь,general,Средняя школа №18
RU,Россия,Ставрополь,general,Средняя школа №19
RU,Россия,Ставрополь,general,Средняя школа №2
RU,Россия,Ставрополь,general,Средняя школа №20
RU,Россия,Ставрополь,general,Средняя школа №21
RU,Россия,Ставрополь,general,Средняя школа №22
RU,Россия,Ставрополь,general,Средняя школа №26
RU,Россия,Ставрополь,general,Средняя школа №27
RU,Россия,Ставрополь,general,Средняя школа №28
RU,Россия,Ставрополь,general,Средняя школа №29
RU,Россия,Ставрополь,general,Средняя школа №32
RU,Россия,Ставрополь,general,Средняя школа №34
RU,Россия,Ставрополь,general,Средняя школа №37
RU,Россия,Ставрополь,general,Средняя школа №39
RU,Россия,Ставрополь,general,Средняя школа №4
RU,Россия,Ставрополь,general,Средняя школа №41
RU,Россия,Ставрополь,general,Средняя школа №42
RU,Россия,Ставрополь,general,Средняя школа №43
RU,Россия,Ставрополь,general,Средняя школа №44
RU,Россия,Ставрополь,general,Средняя школа №45
RU,Россия,Ставрополь,general,Средняя школа №46
RU,Россия,Ставрополь,general,Средняя школа №47
RU,Россия,Ставрополь,general,Средняя школа №5
RU,Россия,Ставрополь,general,Средняя школа №50
RU,Россия,Ставрополь,general,Средняя школа №54
RU,Россия,Ставрополь,general,Средняя школа №55
RU,Россия,Ставрополь,general,Средняя школа №6
RU,Россия,Ставрополь,general,Средняя школа №64
RU,Россия,Ставрополь,general,Средняя школа №7
RU,Россия,Ставрополь,general,Средняя школа №8
RU,Россия,Ставрополь,university,ИНСТИТУТ ДРУЖБЫ НАРОДОВ КАВКАЗА
RU,Россия,Ставрополь,university,МИРЭА - Российский технологический университет — филиал в г. Ставрополь
RU,Россия,Ставрополь,university,Северо-Кавказский гуманитарный институт
RU,Россия,Ставрополь,university,Северо-Кавказский социальный институт
RU,Россия,Ставрополь,university,Северо-Кавказский федеральный университет
RU,Россия,Ставрополь,university,Ставропольский государственный аграрный университет
RU,Россия,Ставрополь,university,Ставропольский государственный медицинский университет
RU,Россия,Ставрополь,university,Ставропольский государственный педагогический институт
RU,Россия,Ставрополь,university,Ставропольский институт кооперации (филиал)
RU,Россия,Ставрополь,university,Ставропольский филиал
RU,Россия,Ставрополь,university,Технологический институт сервиса (филиал)
RU,Россия,Старый Оскол,college,Колледж СОФ МГРИ Колледж Старооскольского филиала МГРИ
RU,Россия,Старый Оскол,college,Колледж СОФ НИУ БелГУ Колледж Старооскольского филиала НИУ БелГУ
RU,Россия,Старый Оскол,college,СИТТ Старооскольский индустриально-технологический техникум
RU,Россия,Старый Оскол,college,СМК Старооскольский медицинский колледж
RU,Россия,Старый Оскол,college,СПК Старооскольский педагогический колледж
RU,Россия,Старый Оскол,college,"СТАКС Старооскольский техникум агробизнеса, кооперации и сервиса"
RU,Россия,Старый Оскол,college,СТИ НИТУ МИСИС Оскольский политехнический колледж
RU,Россия,Старый Оскол,college,СТТД Старооскольский техникум технологий и дизайна
RU,Россия,Старый Оскол,college,ЧАМТ Чернянский агромеханический техникум
RU,Россия,Старый Оскол,college,Частный Колледж Академия ТОП Старый Оскол Филиал колледжа «Академия ТОП Старый Оскол»
RU,Россия,Старый Оскол,college,Частный Филиал РЭПК г. Старый Оскол Филиал Региональный экономико-правовой колледж в г. Старый Оскол
RU,Россия,Старый Оскол,general,Барановская средняя школа
RU,Россия,Старый Оскол,general,Начальная школа №31
RU,Россия,Старый Оскол,general,Основная Каплинская школа
RU,Россия,Старый Оскол,general,Основная Котовская школа
RU,Россия,Старый Оскол,general,Основная Курская школа
RU,Россия,Старый Оскол,general,Основная Незнамовская школа
RU,Россия,Старый Оскол,general,Основная Обуховская школа
RU,Россия,Старый Оскол,general,Основная Песчанская школа
RU,Россия,Старый Оскол,general,Основная Сорокинская школа
RU,Россия,Старый Оскол,general,Основная Тереховская школа
RU,Россия,Старый Оскол,general,Основная школа №15
RU,Россия,Старый Оскол,general,Основная школа №2
RU,Россия,Старый Оскол,general,Основная школа №23
RU,Россия,Старый Оскол,general,Основная школа №7
RU,Россия,Старый Оскол,general,Основная школа №8
RU,Россия,Старый Оскол,general,Основная школа №9
RU,Россия,Старый Оскол,general,Средняя школа
RU,Россия,Старый Оскол,general,Средняя школа №11
RU,Россия,Старый Оскол,general,Средняя школа №12
RU,Россия,Старый Оскол,general,Средняя школа №14
RU,Россия,Старый Оскол,general,Средняя школа №16
RU,Россия,Старый Оскол,general,Средняя школа №17
RU,Россия,Старый Оскол,general,Средняя школа №20
RU,Россия,Старый Оскол,general,Средняя школа №202
RU,Россия,Старый Оскол,general,Средняя школа №21
RU,Россия,Старый Оскол,general,Средняя школа №22
RU,Россия,Старый Оскол,general,Средняя школа №24
RU,Россия,Старый Оскол,general,Средняя школа №27
RU,Россия,Старый Оскол,general,Средняя школа №28
RU,Россия,Старый Оскол,general,Средняя школа №30
RU,Россия,Старый Оскол,general,Средняя школа №33
RU,Россия,Старый Оскол,general,Средняя школа №34
RU,Россия,Старый Оскол,general,Средняя школа №36
RU,Россия,Старый Оскол,general,Средняя школа №40
RU,Россия,Старый Оскол,general,Средняя школа №6
RU,Россия,Старый Оскол,private,Частная школа
RU,Россия,Стерлитамак,college,АМК Аургазинский многопрофильный колледж
RU,Россия,Стерлитамак,college,БРККиИ Башкирский республиканский колледж культуры и искусства
RU,Россия,Стерлитамак,college,ИХТИ УГНТУ в г. Стелитамаке Колледж института химических технологий и инжиниринга Уфимского государственного нефтяного
RU,Россия,Стерлитамак,college,КСФ БашГУ Колледж Башкирского государственного университета — в г. Стерлитамак
RU,Россия,Стерлитамак,college,СКСиПТ Стерлитамакский колледж строительства и профессиональных технологий
RU,Россия,Стерлитамак,college,"СКФКУС Стерлитамакский колледж физической культуры, управления и сервиса"
RU,Россия,Стерлитамак,college,СМК Стерлитамакский медицинский колледж
RU,Россия,Стерлитамак,college,СМК Стерлитамакский межотраслевой колледж
RU,Россия,Стерлитамак,college,СМК филиал в с. Стерлибашево Стерлитамакский межотраслевой колледж филиал в с. Стерлибашево
RU,Россия,Стерлитамак,college,СМПК Стерлитамакский многопрофильный профессиональный колледж
RU,Россия,Стерлитамак,college,СПК Стерлитамакский политехнический колледж
RU,Россия,Стерлитамак,college,СХТК Стерлитамакский химико-технологический колледж
RU,Россия,Стерлитамак,college,УКИПиС филиал в г.Стерлитамак Филиал Уфимского колледжа индустрии питания и сервиса в г.Стерлитамак
RU,Россия,Стерлитамак,college,Частный БЭК филиал в г. Стерлитамак Башкирский экономико-юридический колледж — филиал в г. Стерлитамак
RU,Россия,Стерлитамак,college,Частный Колледж Академия ТОП Стерлитамак Филиал колледжа «Академия ТОП Стерлитамак»
RU,Россия,Стерлитамак,college,Частный Колледж дизайна МВЕК Колледж дизайна Международного Восточно-Европейского колледжа в г. Стерлитамаке
RU,Россия,Стерлитамак,general,Коррекционная школа №25
RU,Россия,Стерлитамак,general,Наумовская средняя школа
RU,Россия,Стерлитамак,general,Основная школа
RU,Россия,Стерлитамак,general,Полилингвальная многопрофильная школа №23
RU,Россия,Стерлитамак,general,Средняя общеобразовательная школа №10
RU,Россия,Стерлитамак,general,Средняя общеобразовательная школа №16
RU,Россия,Стерлитамак,general,Средняя общеобразовательная школа №17
RU,Россия,Стерлитамак,general,Средняя общеобразовательная школа №18
RU,Россия,Стерлитамак,general,Средняя школа
RU,Россия,Стерлитамак,general,Средняя школа №1
RU,Россия,Стерлитамак,general,Средняя школа №11
RU,Россия,Стерлитамак,general,Средняя школа №14
RU,Россия,Стерлитамак,general,Средняя школа №15
RU,Россия,Стерлитамак,general,Средняя школа №19
RU,Россия,Стерлитамак,general,Средняя школа №2
RU,Россия,Стерлитамак,general,Средняя школа №20
RU,Россия,Стерлитамак,general,Средняя школа №21
RU,Россия,Стерлитамак,general,Средняя школа №24
RU,Россия,Стерлитамак,general,Средняя школа №26
RU,Россия,Стерлитамак,general,Средняя школа №29
RU,Россия,Стерлитамак,general,Средняя школа №30
RU,Россия,Стерлитамак,general,Средняя школа №31
RU,Россия,Стерлитамак,general,Средняя школа №32
RU,Россия,Стерлитамак,general,Средняя школа №33
RU,Россия,Стерлитамак,general,Средняя школа №34
RU,Россия,Стерлитамак,general,Средняя школа №35
RU,Россия,Стерлитамак,general,Средняя школа №4
RU,Россия,Стерлитамак,general,Средняя школа №5
RU,Россия,Стерлитамак,general,Средняя школа №7
RU,Россия,Стерлитамак,general,Средняя школа №8
RU,Россия,Стерлитамак,general,Средняя школа №9
RU,Россия,Ступино,college,СТ им. А.Т. Туманова Ступинский техникум им. А.Т. Туманова
RU,Россия,Ступино,college,Ступинский филиал МосОМК Ступинский филиал Московского областного медицинского колледжа
RU,Россия,Ступино,college,Частный Академия ТОП Ступино Филиал колледжа «Академия ТОП Ступино»
RU,Россия,Ступино,college,Частный Колледж МФЮИ Колледж Московского областного финансово-юридического института
RU,Россия,Ступино,general,МКОУ Ступинская ООШ
RU,Россия,Ступино,general,Основная общеобразовательная школа с. Ступино
RU,Россия,Сургут,boarding,Солнечная школа-интернат для детей с ограниченными возможностями здоровья
RU,Россия,Сургут,college,ИНТех филиал ЮГУ Колледж Института нефти и технологий филиал Югорского государственного университета
RU,Россия,Сургут,college,Колледж СИНиГ филиал ТИУ Колледж Сургутского института нефти и газа филиал Тюменского индустриального университета
RU,Россия,Сургут,college,СКРК им. А.С. Знаменского Сургутский колледж русской культуры им А.С. Знаменского
RU,Россия,Сургут,college,СМК Сургутский музыкальный колледж
RU,Россия,Сургут,college,СПК Сургутский политехнический колледж
RU,Россия,Сургут,college,СФЭК - филиал Финуниверситета при Правительстве РФ (государственная образовательная организация) Сургутский финансово-экономический колледж - филиал Финансового университета при Правитель
RU,Россия,Сургут,college,"Частный Колледж СИЭУиП Колледж Сургутского института экономики, управления и права"
RU,Россия,Сургут,general,Барсовская средняя школа №1
RU,Россия,Сургут,general,Белоярская средняя общеобразовательная школа №3
RU,Россия,Сургут,general,Белоярская средняя школа №1
RU,Россия,Сургут,general,ГБОУ СОШ Пос.сургут
RU,Россия,Сургут,general,Обь-Юганская средняя школа
RU,Россия,Сургут,general,Сайгатинская средняя школа
RU,Россия,Сургут,general,Сингапайская средняя школа
RU,Россия,Сургут,general,Солнечная средняя школа №1
RU,Россия,Сургут,general,Специальная учебно-воспитательная школа №2
RU,Россия,Сургут,general,Средняя школа №1
RU,Россия,Сургут,general,Средняя школа №10
RU,Россия,Сургут,general,Средняя школа №12
RU,Россия,Сургут,general,Средняя школа №15
RU,Россия,Сургут,general,Средняя школа №18
RU,Россия,Сургут,general,Средняя школа №19
RU,Россия,Сургут,general,Средняя школа №20
RU,Россия,Сургут,general,Средняя школа №22
RU,Россия,Сургут,general,Средняя школа №24
RU,Россия,Сургут,general,Средняя школа №25
RU,Россия,Сургут,general,Средняя школа №26
RU,Россия,Сургут,general,Средняя школа №27
RU,Россия,Сургут,general,Средняя школа №29
RU,Россия,Сургут,general,Средняя школа №3
RU,Россия,Сургут,general,Средняя школа №31
RU,Россия,Сургут,general,Средняя школа №32
RU,Россия,Сургут,general,Средняя школа №4
RU,Россия,Сургут,general,Средняя школа №44
RU,Россия,Сургут,general,Средняя школа №45
RU,Россия,Сургут,general,Средняя школа №46
RU,Россия,Сургут,general,Средняя школа №5
RU,Россия,Сургут,general,Средняя школа №6
RU,Россия,Сургут,general,Средняя школа №7
RU,Россия,Сургут,general,Средняя школа №8
RU,Россия,Сургут,general,Средняя школа №9
RU,Россия,Сургут,general,Строящаяся школа
RU,Россия,Сургут,general,Сургутская технологическая школа
RU,Россия,Сургут,general,Сургутская школа
RU,Россия,Сургут,general,Учебно-воспитательная школа №1
RU,Россия,Сургут,general,Чеускинская средняя школа
RU,Россия,Сухой Лог,college,СМТ Сухоложский многопрофильный техникум
RU,Россия,Сухой Лог,college,Сухоложский филиал ЕЭТК Сухоложский филиал Екатеринбургского экономико-технологического колледжа
RU,Россия,Сухой Лог,college,Сухоложский филиал СОМК Сухоложский филиал Свердловский областной медицинский колледж
RU,Россия,Сухой Лог,general,Вечерняя сменная общеобразовательная школа
RU,Россия,Сухой Лог,general,Гимназия № 1
RU,Россия,Сухой Лог,general,Лицей № 17
RU,Россия,Сухой Лог,general,Средняя общеобразовательная школа № 2
RU,Россия,Сухой Лог,general,Средняя общеобразовательная школа № 5
RU,Россия,Сухой Лог,general,Средняя общеобразовательная школа № 6
RU,Россия,Сухой Лог,general,Средняя общеобразовательная школа № 7
RU,Россия,Сухой Лог,general,"Сухоложская школа, реализующая адаптированные основные общеобразовательные программы"
RU,Россия,Сызрань,boarding,Школа-интернат №2
RU,Россия,Сызрань,college,ГК г. Сызрани Губернский колледж г. Сызрани
RU,Россия,Сызрань,college,ОГТ им. В.И. Суркова Обшаровский государственный техникум им. В. И. Суркова
RU,Россия,Сызрань,college,СКИК им. О.Н. Носцовой Сызранский колледж искусств и культуры им. О.Н. Носцовой
RU,Россия,Сызрань,college,СМГК Сызранский медико-гуманитарный колледж
RU,Россия,Сызрань,college,СПК Сызранский политехнический колледж
RU,Россия,Сызрань,college,Сызранский филиал СГЭУ Сызранский филиал Самарского государственного экономического университета
RU,Россия,Сызрань,college,УТЖТ р. п. Николаевка Ульяновский техникум железнодорожного транспорта р. п. Николаевка
RU,Россия,Сызрань,college,"Частный Колледж Академия ТОП Сызрань Приемная комиссия АНО ПОО Московский международный колледж цифровых технологий ""Академия Т"
RU,Россия,Сызрань,general,ГБОУ Гимназия Г. Сызрани
RU,Россия,Сызрань,general,ГБОУ ООШ № 18 Г.сызрани
RU,Россия,Сызрань,general,ГБОУ ООШ № 27 Г. Сызрани
RU,Россия,Сызрань,general,ГБОУ ООШ № 28 Г.о.сызрань
RU,Россия,Сызрань,general,ГБОУ ООШ № 32 Г. Сызрани
RU,Россия,Сызрань,general,ГБОУ ООШ № 7 Г.о.сызрань
RU,Россия,Сызрань,general,ГБОУ СОШ № 10 Г. Сызрани
RU,Россия,Сызрань,general,ГБОУ СОШ № 12 Г. Сызрани
RU,Россия,Сызрань,general,ГБОУ СОШ № 17 Г.сызрани
RU,Россия,Сызрань,general,ГБОУ СОШ № 19 Г. Сызрани
RU,Россия,Сызрань,general,ГБОУ СОШ № 2 Г. Сызрани
RU,Россия,Сызрань,general,ГБОУ СОШ № 22 Г. Сызрани
RU,Россия,Сызрань,general,ГБОУ СОШ № 26 Г. Сызрани
RU,Россия,Сызрань,general,ГБОУ СОШ № 29 Г. Сызрани
RU,Россия,Сызрань,general,ГБОУ СОШ № 3 Г. Сызрани
RU,Россия,Сызрань,general,ГБОУ СОШ № 30 Г.О. Сызрань
RU,Россия,Сызрань,general,ГБОУ СОШ № 38 Г.о.сызрань
RU,Россия,Сызрань,general,ГБОУ СОШ № 4 Г.О. Сызрань
RU,Россия,Сызрань,general,ГБОУ СОШ № 5 Г. Сызрани
RU,Россия,Сызрань,general,Основная школа №11
RU,Россия,Сызрань,general,Основная школа №18
RU,Россия,Сызрань,general,Основная школа №23
RU,Россия,Сызрань,general,Основная школа №27
RU,Россия,Сызрань,general,Основная школа №28
RU,Россия,Сызрань,general,Основная школа №32
RU,Россия,Сызрань,general,Основная школа №34
RU,Россия,Сызрань,general,Основная школа №7
RU,Россия,Сызрань,general,Средняя школа №10
RU,Россия,Сызрань,general,Средняя школа №12
RU,Россия,Сызрань,general,Средняя школа №14
RU,Россия,Сызрань,general,Средняя школа №17
RU,Россия,Сызрань,general,Средняя школа №19
RU,Россия,Сызрань,general,Средняя школа №2
RU,Россия,Сызрань,general,Средняя школа №21
RU,Россия,Сызрань,general,Средняя школа №22
RU,Россия,Сызрань,general,Средняя школа №26
RU,Россия,Сызрань,general,Средняя школа №29
RU,Россия,Сызрань,general,Средняя школа №3
RU,Россия,Сызрань,general,Средняя школа №30
RU,Россия,Сызрань,general,Средняя школа №33
RU,Россия,Сызрань,general,Средняя школа №38
RU,Россия,Сызрань,general,Средняя школа №4
RU,Россия,Сызрань,general,Средняя школа №6
RU,Россия,Сызрань,general,Средняя школа №9
RU,Россия,Сызрань,general,Центр образования
RU,Россия,Сызрань,general,Школа
RU,Россия,Сызрань,general,Школа №16
RU,Россия,Сызрань,general,Школа №39
RU,Россия,Сызрань,general,Школа №5
RU,Россия,Сызрань,university,Самарский государственный технический университет — филиал в г. Сызрань
RU,Россия,Сызрань,university,Сызранский филиал
RU,Россия,Сыктывкар,boarding,Кочпонский интернат
RU,Россия,Сыктывкар,boarding,"Специальная (коррекционная) школа-интернат №3 для детей-сирот, оставшихся без попечения родителей"
RU,Россия,Сыктывкар,boarding,Специальная (коррекционная) школа-интернат №4 г. Сыктывкара
RU,Россия,Сыктывкар,college,Гимназия искусств при Главе Республики Коми Гимназия искусств при Главе Республики Коми имени Ю.А. Спиридонова
RU,Россия,Сыктывкар,college,Колледж искусств Колледж искусств Республики Коми
RU,Россия,Сыктывкар,college,Колледж культуры Коми республиканский колледж культуры им В.Т. Чисталева
RU,Россия,Сыктывкар,college,Колледж СГУ им. Питирима Сорокина Колледж Сыктывкарского государственного университета имени Питирима Сорокина
RU,Россия,Сыктывкар,college,КРАПТ Коми республиканский агропромышленный техникум
RU,Россия,Сыктывкар,college,Микуньский филиал САТ Микуньский филиал Сыктывкарского автомеханического техникума
RU,Россия,Сыктывкар,college,САТ Сыктывкарский автомеханический техникум
RU,Россия,Сыктывкар,college,СГПК им. И.А. Куратова Сыктывкарский гуманитарно-педагогический колледж им. И.А. Куратова
RU,Россия,Сыктывкар,college,СКСиС Сыктывкарский колледж сервиса и связи
RU,Россия,Сыктывкар,college,СЛТ Сыктывкарский лесопромышленный техникум
RU,Россия,Сыктывкар,college,СМК им. И.П. Морозова Сыктывкарский медицинский колледж им. И.П. Морозова
RU,Россия,Сыктывкар,college,СПТ Сыктывкарский политехнический техникум
RU,Россия,Сыктывкар,college,СТЭК Сыктывкарский торгово-экономический колледж
RU,Россия,Сыктывкар,college,Частный Колледж Академия ТОП Сыктывкар Филиал колледжа «Академия ТОП Сыктывкар»
RU,Россия,Сыктывкар,college,Частный СКТ Сыктывкарский кооперативный техникум
RU,Россия,Сыктывкар,general,Выльгортская средняя школа №1
RU,Россия,Сыктывкар,general,Выльгортская средняя школа №2
RU,Россия,Сыктывкар,general,Гимназия имени А.С. Пушкина
RU,Россия,Сыктывкар,general,Гимназия № 1
RU,Россия,Сыктывкар,general,Женская гимназия
RU,Россия,Сыктывкар,general,Зеленецкая средняя школа
RU,Россия,Сыктывкар,general,Коми республиканский лицей-интернат для одаренных детей из сельской местности
RU,Россия,Сыктывкар,general,Коррекционная школа №40
RU,Россия,Сыктывкар,general,Коррекционная школа №41
RU,Россия,Сыктывкар,general,Начальная школа №6
RU,Россия,Сыктывкар,general,Основная общеобразовательная школа № 34
RU,Россия,Сыктывкар,general,Основная школа
RU,Россия,Сыктывкар,general,Основная школа №8
RU,Россия,Сыктывкар,general,Русская гимназия
RU,Россия,Сыктывкар,general,Русская классическая школа
RU,Россия,Сыктывкар,general,"Специальная (коррекционная) школа-интернат № 3 для детей-сирот и детей, оставшихся без попечения родителей"
RU,Россия,Сыктывкар,general,Специальная (коррекционная) школа № 40
RU,Россия,Сыктывкар,general,Специальная (коррекционная) школа № 41
RU,Россия,Сыктывкар,general,Средняя общеобразовательная школа № 1 с углубленным изучением отдельных предметов им. И.А. Куратова
RU,Россия,Сыктывкар,general,Средняя общеобразовательная школа № 16 г. Сыктывкара с углубленным изучением отдельных предметов
RU,Россия,Сыктывкар,general,Средняя общеобразовательная школа № 18
RU,Россия,Сыктывкар,general,Средняя общеобразовательная школа № 22
RU,Россия,Сыктывкар,general,Средняя общеобразовательная школа № 24
RU,Россия,Сыктывкар,general,Средняя общеобразовательная школа № 27
RU,Россия,Сыктывкар,general,Средняя общеобразовательная школа № 28
RU,Россия,Сыктывкар,general,Средняя общеобразовательная школа № 30
RU,Россия,Сыктывкар,general,Средняя общеобразовательная школа № 31
RU,Россия,Сыктывкар,general,Средняя общеобразовательная школа № 35 с углубленным изучением отдельных предметов
RU,Россия,Сыктывкар,general,Средняя общеобразовательная школа № 38
RU,Россия,Сыктывкар,general,Средняя школа №1
RU,Россия,Сыктывкар,general,Средняя школа №11
RU,Россия,Сыктывкар,general,Средняя школа №12
RU,Россия,Сыктывкар,general,Средняя школа №15
RU,Россия,Сыктывкар,general,Средняя школа №16
RU,Россия,Сыктывкар,general,Средняя школа №20
RU,Россия,Сыктывкар,general,Средняя школа №21
RU,Россия,Сыктывкар,general,Средняя школа №25
RU,Россия,Сыктывкар,general,Средняя школа №26
RU,Россия,Сыктывкар,general,Средняя школа №3
RU,Россия,Сыктывкар,general,Средняя школа №33
RU,Россия,Сыктывкар,general,Средняя школа №35
RU,Россия,Сыктывкар,general,Средняя школа №4
RU,Россия,Сыктывкар,general,Средняя школа №43
RU,Россия,Сыктывкар,general,Средняя школа №7
RU,Россия,Сыктывкар,general,Средняя школа №9
RU,Россия,Сыктывкар,general,Школа №36
RU,Россия,Сыктывкар,university,Коми республиканская академия государственной службы и управления
RU,Россия,Сыктывкар,university,Сыктывкарский государственный университет имени Питирима Сорокина
RU,Россия,Сыктывкар,university,Сыктывкарский лесной институт (филиал)
RU,Россия,Таганрог,college,Колледж ЮФУ Колледж Южного федерального университета
RU,Россия,Таганрог,college,ТАВИАК им. В.М. Петлякова Таганрогский авиационный колледж им. В.М. Петлякова
RU,Россия,Таганрог,college,Тагмет Таганрогский техникум машиностроения и металлургии «Тагмет»
RU,Россия,Таганрог,college,ТКМП Таганрогский колледж морского приборостроения
RU,Россия,Таганрог,college,ТМехК Таганрогский механический колледж
RU,Россия,Таганрог,college,ТМК Таганрогский медицинский колледж
RU,Россия,Таганрог,college,ТМК Таганрогский музыкальный колледж
RU,Россия,Таганрог,college,ТТСиЖКХ Таганрогский техникум сервиса и жилищно-коммунального хозяйства
RU,Россия,Таганрог,college,ТТСИиТ Таганрогский техникум строительной индустрии и технологий
RU,Россия,Таганрог,college,ТТТПиТ Таганрогский технологический техникум питания и торговли
RU,Россия,Таганрог,college,Частный Колледж Академия ТОП Таганрог Филиал колледжа «Академия ТОП Таганрог»
RU,Россия,Таганрог,college,Частный ТИУиЭ Таганрогский институт управления и экономики
RU,Россия,Таганрог,general,МАОУ Гимназия Имени А.П. Чехова
RU,Россия,Таганрог,general,МАОУСОШNo22
RU,Россия,Таганрог,general,МОБУ Лицей № 33
RU,Россия,Таганрог,general,МОБУ СОШ № 34
RU,Россия,Таганрог,general,Средняя школа №10
RU,Россия,Таганрог,general,Средняя школа №12
RU,Россия,Таганрог,general,Средняя школа №16
RU,Россия,Таганрог,general,Средняя школа №20
RU,Россия,Таганрог,general,Средняя школа №21
RU,Россия,Таганрог,general,Средняя школа №22
RU,Россия,Таганрог,general,Средняя школа №23
RU,Россия,Таганрог,general,Средняя школа №24
RU,Россия,Таганрог,general,Средняя школа №25/11
RU,Россия,Таганрог,general,Средняя школа №26
RU,Россия,Таганрог,general,Средняя школа №27
RU,Россия,Таганрог,general,Средняя школа №3
RU,Россия,Таганрог,general,Средняя школа №30
RU,Россия,Таганрог,general,Средняя школа №31
RU,Россия,Таганрог,general,Средняя школа №32
RU,Россия,Таганрог,general,Средняя школа №34
RU,Россия,Таганрог,general,Средняя школа №35
RU,Россия,Таганрог,general,Средняя школа №36
RU,Россия,Таганрог,general,Средняя школа №37
RU,Россия,Таганрог,general,Средняя школа №38
RU,Россия,Таганрог,general,Средняя школа №39
RU,Россия,Таганрог,general,Средняя школа №5
RU,Россия,Таганрог,general,Средняя школа №6
RU,Россия,Таганрог,general,Средняя школа №8
RU,Россия,Таганрог,general,Средняя школа №9
RU,Россия,Таганрог,general,Таганрогская специальная школа № 1
RU,Россия,Таганрог,general,Таганрогская школа №1
RU,Россия,Таганрог,general,Таганрогская школа №19
RU,Россия,Таганрог,university,ПОЛИТЕХНИЧЕСКИЙ ИНСТИТУТ (ФИЛИАЛ) ДГТУ В Г. ТАГАНРОГЕ РОСТОВСКОЙ ОБЛАСТИ
RU,Россия,Таганрог,university,Таганрогский институт имени А. П. Чехова (филиал)
RU,Россия,Таганрог,university,Таганрогский институт управления и экономики
RU,Россия,Таганрог,university,Таганрогский филиал — Российский новый университет
RU,Россия,Тамбов,boarding,Тамбовская школа-интернат для обучающихся с ограниченными возможностями здоровья
RU,Россия,Тамбов,college,АТТ Аграрно-технологический техникум
RU,Россия,Тамбов,college,ЖКСП Жердевский колледж сахарной промышленности
RU,Россия,Тамбов,college,Колледж ТГМПИ им. С.В. Рахманинова Колледж Тамбовский государственный музыкально-педагогический институт имени С. В. Рахманин
RU,Россия,Тамбов,college,Колледж ТГУ им. Г.Р. Державина Колледж Тамбовский государственный университет имени Г.Р. Державина
RU,Россия,Тамбов,college,КТиТНТ им. М.С. Солнцева Колледж техники и технологии наземного транспорта имени М.С. Солнцева
RU,Россия,Тамбов,college,"КТОПиС Колледж торговли, общественного питания и сервиса"
RU,Россия,Тамбов,college,МПК им. И.Т. Карасева Многопрофильный колледж им. И.Т. Карасева
RU,Россия,Тамбов,college,ПК г. Тамбова Педагогический колледж г.Тамбова
RU,Россия,Тамбов,college,ПК Приборостроительный колледж
RU,Россия,Тамбов,college,Сампурский филиал АТТ Сампурский филиал Аграрно-технологического техникума
RU,Россия,Тамбов,college,"Староюрьевский филиал МАТ Староюрьевский филиал ""Мичуринский агросоциальный колледж"""
RU,Россия,Тамбов,college,ТБК Тамбовский бизнес-колледж
RU,Россия,Тамбов,college,ТКИ Тамбовский колледж искусств
RU,Россия,Тамбов,college,ТОМК Тамбовский областной медицинский колледж
RU,Россия,Тамбов,college,ТОТ Техникум отраслевых технологий
RU,Россия,Тамбов,college,Частный Колледж Академия ТОП Тамбов Филиал колледжа «Академия ТОП Тамбов»
RU,Россия,Тамбов,college,Частный КПБ Колледж права и безопасности
RU,Россия,Тамбов,college,Частный КТ Кооперативный техникум Тамбовского облпотребсоюза
RU,Россия,Тамбов,college,Частный ТаТЖТ - филиал РГУПС Тамбовский техникум железнодорожного транспорта - филиал Ростовский государственный универ
RU,Россия,Тамбов,college,Частный ТКБТ Тамбовский колледж бизнес-технологий
RU,Россия,Тамбов,college,Частный ТКСКТ Тамбовский колледж социокультурных технологий
RU,Россия,Тамбов,general,"Гимназия № 7 имени святителя Питирима, епископа Тамбовского"
RU,Россия,Тамбов,general,Комсомольская средняя школа
RU,Россия,Тамбов,general,Лицей № 14 имени Заслуженного учителя Российской Федерации А.М. Кузьмина
RU,Россия,Тамбов,general,Лицей № 21
RU,Россия,Тамбов,general,Лицей № 28 имени Н.А. Рябова
RU,Россия,Тамбов,general,Лицей № 29
RU,Россия,Тамбов,general,Лицей № 6
RU,Россия,Тамбов,general,Многопрофильный кадетский корпус имени Героя Советского Союза летчика-космонавта СССР Л.С.Дёмина
RU,Россия,Тамбов,general,Новолядинская средняя школа
RU,Россия,Тамбов,general,Покрово-Пригородная средняя общеобразовательная школа
RU,Россия,Тамбов,general,Покрово-Пригородная средняя школа
RU,Россия,Тамбов,general,Русская классическая школа
RU,Россия,Тамбов,general,Средняя общеобразовательная школа № 11
RU,Россия,Тамбов,general,Средняя общеобразовательная школа № 22 с углубленным изучением отдельных предметов
RU,Россия,Тамбов,general,Средняя общеобразовательная школа № 24
RU,Россия,Тамбов,general,Средняя общеобразовательная школа № 30
RU,Россия,Тамбов,general,Средняя общеобразовательная школа № 31
RU,Россия,Тамбов,general,Средняя общеобразовательная школа № 33
RU,Россия,Тамбов,general,Средняя общеобразовательная школа № 36
RU,Россия,Тамбов,general,Средняя общеобразовательная школа № 4
RU,Россия,Тамбов,general,Средняя общеобразовательная школа № 5 имени Ю.А.Гагарина
RU,Россия,Тамбов,general,Средняя общеобразовательная школа № 9
RU,Россия,Тамбов,general,Средняя школа №17
RU,Россия,Тамбов,general,Средняя школа №2
RU,Россия,Тамбов,general,Средняя школа №22 им. Героя Российской Федерации Д.Е.Иванова
RU,Россия,Тамбов,general,Средняя школа №35
RU,Россия,Тамбов,general,Средняя школа №5
RU,Россия,Тамбов,general,Стрелецкая средняя школа
RU,Россия,Тамбов,general,Татановская средняя общеобразовательная школа
RU,Россия,Тамбов,general,Умная школа
RU,Россия,Тамбов,general,Цнинская средняя общеобразовательная школа № 1
RU,Россия,Тамбов,general,Цнинская средняя школа №2
RU,Россия,Тамбов,general,Школа Сколково - Тамбов
RU,Россия,Тамбов,general,Школа №3
RU,Россия,Тамбов,university,Тамбовский государственный музыкально-педагогический институт им. С.В.Рахманинова
RU,Россия,Тамбов,university,Тамбовский государственный технический университет
RU,Россия,Тамбов,university,Тамбовский государственный университет имени Г.Р. Державина
RU,Россия,Тамбов,university,Тамбовский филиал
RU,Россия,Тамбов,university,Тамбовский филиал — Мичуринский государственный аграрный университет
RU,Россия,Тамбов,university,Тамбовский филиал — Российский новый университет
RU,Россия,Тверь,college,Колледж Росрезерва Колледж Росрезерва
RU,Россия,Тверь,college,Тверской колледж им. П.А.Кайкова Тверской колледж им. Героя Советского Союза Павла Александровича Кайкова
RU,Россия,Тверь,college,ТГПГК Торжокский государственный промышленно-гуманитарный колледж
RU,Россия,Тверь,college,ТК им. А.Н. Коняева п. Селижарово Тверской колледж им. А.Н. Коняева п. Селижарово
RU,Россия,Тверь,college,ТК им А.Н. Коняева Тверской колледж им. А.Н. Коняева
RU,Россия,Тверь,college,ТКК им. Н. А. Львова Тверской колледж культуры имени Н.А. Львова
RU,Россия,Тверь,college,ТКСиТ Тверской колледж сервиса и туризма
RU,Россия,Тверь,college,ТКТиС Тверской колледж транспорта и сервиса
RU,Россия,Тверь,college,ТМК им. М.П. Мусоргского Тверской музыкальный колледж имени М.П. Мусоргского
RU,Россия,Тверь,college,ТМК Тверской машиностроительный колледж
RU,Россия,Тверь,college,ТМК Тверской медицинский колледж
RU,Россия,Тверь,college,ТПК Тверской педагогический колледж
RU,Россия,Тверь,college,ТПК Тверской полиграфический колледж
RU,Россия,Тверь,college,ТПК Тверской политехнический колледж
RU,Россия,Тверь,college,ТПЭК Тверской промышленно-экономический колледж
RU,Россия,Тверь,college,ТТК Тверской технологический колледж
RU,Россия,Тверь,college,ТТЭК Тверской торгово-экономический колледж
RU,Россия,Тверь,college,ТХК им. А. Г. Венецианова Тверской художественный колледж имени А.Г. Венецианова
RU,Россия,Тверь,college,ТХТК Тверской химико-технологический колледж
RU,Россия,Тверь,college,Частный ВШП Высшая школа предпринимательства
RU,Россия,Тверь,general,Большеборковская средняя школа
RU,Россия,Тверь,general,Бурашевская средняя школа
RU,Россия,Тверь,general,Васильевская средняя школа
RU,Россия,Тверь,general,Верхневолжская средняя школа
RU,Россия,Тверь,general,Горютинская средняя школа
RU,Россия,Тверь,general,Заволжская средняя школа
RU,Россия,Тверь,general,Квакшинская средняя школа
RU,Россия,Тверь,general,Краснопресненская средняя школа
RU,Россия,Тверь,general,Михайловская средняя школа
RU,Россия,Тверь,general,МОУ Гимназия № 12 Г. Твери
RU,Россия,Тверь,general,"МОУ ""гимназия № 44 Г Твери"""
RU,Россия,Тверь,general,Некрасовская средняя школа
RU,Россия,Тверь,general,Никулинская средняя школа
RU,Россия,Тверь,general,Оршинская средняя школа
RU,Россия,Тверь,general,Основная общеобразовательная школа № 28
RU,Россия,Тверь,general,Основная школа №3
RU,Россия,Тверь,general,Рождественская средняя школа
RU,Россия,Тверь,general,Савватьевская начальная школа
RU,Россия,Тверь,general,Славновская основная школа
RU,Россия,Тверь,general,Средняя общеобразовательная школа № 22
RU,Россия,Тверь,general,Средняя общеобразовательная школа № 31
RU,Россия,Тверь,general,Средняя общеобразовательная школа № 50
RU,Россия,Тверь,general,Средняя общеобразовательная школа №27
RU,Россия,Тверь,general,Средняя школа № 15
RU,Россия,Тверь,general,Средняя школа № 55
RU,Россия,Тверь,general,Средняя школа № 9
RU,Россия,Тверь,general,Средняя школа №1
RU,Россия,Тверь,general,Средняя школа №11
RU,Россия,Тверь,general,Средняя школа №14
RU,Россия,Тверь,general,Средняя школа №16
RU,Россия,Тверь,general,Средняя школа №17
RU,Россия,Тверь,general,Средняя школа №18
RU,Россия,Тверь,general,Средняя школа №19
RU,Россия,Тверь,general,Средняя школа №2
RU,Россия,Тверь,general,Средняя школа №20
RU,Россия,Тверь,general,Средняя школа №21
RU,Россия,Тверь,general,Средняя школа №24
RU,Россия,Тверь,general,Средняя школа №25
RU,Россия,Тверь,general,Средняя школа №29
RU,Россия,Тверь,general,Средняя школа №3
RU,Россия,Тверь,general,Средняя школа №30
RU,Россия,Тверь,general,Средняя школа №33
RU,Россия,Тверь,general,Средняя школа №34
RU,Россия,Тверь,general,Средняя школа №35
RU,Россия,Тверь,general,Средняя школа №36
RU,Россия,Тверь,general,Средняя школа №37
RU,Россия,Тверь,general,Средняя школа №38
RU,Россия,Тверь,general,Средняя школа №39
RU,Россия,Тверь,general,Средняя школа №4
RU,Россия,Тверь,general,Средняя школа №40
RU,Россия,Тверь,general,Средняя школа №41
RU,Россия,Тверь,general,Средняя школа №42
RU,Россия,Тверь,general,Средняя школа №43
RU,Россия,Тверь,general,Средняя школа №45
RU,Россия,Тверь,general,Средняя школа №46
RU,Россия,Тверь,general,Средняя школа №47
RU,Россия,Тверь,general,Средняя школа №48
RU,Россия,Тверь,general,Средняя школа №51
RU,Россия,Тверь,general,Средняя школа №52
RU,Россия,Тверь,general,Средняя школа №53
RU,Россия,Тверь,general,Средняя школа №7
RU,Россия,Тверь,general,Тверская гимназия № 8
RU,Россия,Тверь,general,Тверская епархиальная православная средняя школа
RU,Россия,Тверь,general,Тверская средняя школа
RU,Россия,Тверь,general,Тверская школа-интернат № 1
RU,Россия,Тверь,general,Тверская школа-интернат № 2
RU,Россия,Тверь,general,Тверская школа № 2
RU,Россия,Тверь,general,Тверская школа № 3
RU,Россия,Тверь,general,Тверская школа № 4
RU,Россия,Тверь,general,Черногубовская основная школа
RU,Россия,Тверь,general,Щербининская основная школа
RU,Россия,Тверь,general,Эммаусская средняя школа
RU,Россия,Тверь,university,Высшая школа предпринимательства (институт)
RU,Россия,Тверь,university,Российский государственный университет им. А.Н. Косыгина (Технологии. Дизайн. Искусство) — филиал в г. Тверь
RU,Россия,Тверь,university,Тверская государственная сельскохозяйственная академия
RU,Россия,Тверь,university,Тверской государственный медицинский университет
RU,Россия,Тверь,university,Тверской государственный технический университет
RU,Россия,Тверь,university,Тверской государственный университет
RU,Россия,Тверь,university,Тверской институт (филиал)
RU,Россия,Тверь,university,Тверской филиал
RU,Россия,Тихвин,college,ТПТТ им. Е.И. Лебедева Тихвинский промышленно-технологический техникум Е.И. Лебедева
RU,Россия,Тихвин,college,"Частный Колледж Академия ТОП Тихвин Приемная комиссия АНО ПОО Московский международный колледж цифровых технологий ""Академия Т"
RU,Россия,Тихвин,general,Гимназия № 2
RU,Россия,Тихвин,general,Лицей № 7
RU,Россия,Тихвин,general,Лицей № 8
RU,Россия,Тихвин,general,Средняя общеобразовательная школа № 1 им. Героя Советского Союза Н.П. Федорова
RU,Россия,Тихвин,general,Средняя общеобразовательная школа № 4
RU,Россия,Тихвин,general,Средняя общеобразовательная школа № 5
RU,Россия,Тихвин,general,Средняя общеобразовательная школа № 9
RU,Россия,Тихвин,general,"Тихвинская школа-интернат, реализующая адаптированные образовательные программы"
RU,Россия,Тобольск,college,ТИИ (филиал) ТИУ Тобольский индустриальный институт (филиал) Тюменского индустриального университета
RU,Россия,Тобольск,college,ТМК Тобольский медицинский колледж им. В. Солдатова
RU,Россия,Тобольск,college,ТМТ Тобольский многопрофильный техникум
RU,Россия,Тобольск,college,ТПИ им. Д.И. Менделеева (филиал) ТюмГУ Колледж Тобольского педагогического института им. Д.И. Менделеева (филиал) Тюменского госу
RU,Россия,Тобольск,college,ТРТ Тобольский рыбопромышленный техникум
RU,Россия,Тобольск,college,"Частный Колледж Академия ТОП Тобольск Приемная комиссия АНО ПОО Московский международный колледж цифровых технологий ""Академия Т"
RU,Россия,Тобольск,general,Абалакская средняя школа
RU,Россия,Тобольск,general,Башковская начальная школа
RU,Россия,Тобольск,general,Бизинская средняя школа
RU,Россия,Тобольск,general,Вагайская средняя школа
RU,Россия,Тобольск,general,Верхнеаремзянская средняя школа
RU,Россия,Тобольск,general,Ворогушинская основная школа
RU,Россия,Тобольск,general,Гимназия имени Н.Д. Лицмана
RU,Россия,Тобольск,general,Лицей
RU,Россия,Тобольск,general,Нижнеаремзянская средняя школа
RU,Россия,Тобольск,general,Овсянниковская средняя школа
RU,Россия,Тобольск,general,Первомайская средняя школа
RU,Россия,Тобольск,general,Прииртышская средняя школа
RU,Россия,Тобольск,general,Санниковская средняя школа
RU,Россия,Тобольск,general,Средняя общеобразовательная школа № 1
RU,Россия,Тобольск,general,Средняя общеобразовательная школа № 12
RU,Россия,Тобольск,general,Средняя общеобразовательная школа № 13
RU,Россия,Тобольск,general,Средняя общеобразовательная школа № 14
RU,Россия,Тобольск,general,Средняя общеобразовательная школа № 15
RU,Россия,Тобольск,general,Средняя общеобразовательная школа № 16 имени В.П. Неймышева
RU,Россия,Тобольск,general,Средняя общеобразовательная школа № 17
RU,Россия,Тобольск,general,Средняя общеобразовательная школа № 18
RU,Россия,Тобольск,general,Средняя общеобразовательная школа № 2
RU,Россия,Тобольск,general,Средняя общеобразовательная школа № 20
RU,Россия,Тобольск,general,Средняя общеобразовательная школа № 5
RU,Россия,Тобольск,general,Средняя общеобразовательная школа № 7
RU,Россия,Тобольск,general,Средняя общеобразовательная школа № 9 с углубленным изучением отдельных предметов
RU,Россия,Тобольск,general,Средняя школа №16
RU,Россия,Тобольск,general,Средняя школа №6
RU,Россия,Тобольск,general,Средняя школа №9
RU,Россия,Тольятти,boarding,Школа-интернат для обучающихся с ограниченными возможностями здоровья
RU,Россия,Тольятти,boarding,Школа-интернат №3
RU,Россия,Тольятти,boarding,Школа-интернат №4
RU,Россия,Тольятти,boarding,Школа-интернат №5
RU,Россия,Тольятти,college,Гуманитарный колледж Колледж гуманитарных и социально-педагогических дисциплин им. Святителя Алексия
RU,Россия,Тольятти,college,Колледж ПВГУС Колледж Поволжского государственного университета сервиса
RU,Россия,Тольятти,college,КТиХО Колледж технического и художественного образования
RU,Россия,Тольятти,college,ТИПК Тольяттинский индустриально-педагогический колледж
RU,Россия,Тольятти,college,ТКСТП Тольяттинский колледж сервисных технологий и предпринимательства
RU,Россия,Тольятти,college,ТМК им. Р.К. Щедрина Тольяттинский музыкальный колледж им. Р.К. Щедрина
RU,Россия,Тольятти,college,ТМК Тольяттинский машиностроительный колледж
RU,Россия,Тольятти,college,ТМК Тольяттинский медицинский колледж
RU,Россия,Тольятти,college,ТПК Тольяттинский политехнический колледж
RU,Россия,Тольятти,college,ТСПК Тольяттинский социально-педагогический колледж
RU,Россия,Тольятти,college,ТСЭК Тольяттинский социально-экономический колледж
RU,Россия,Тольятти,college,ТХТК Тольяттинский химико-технологический колледж
RU,Россия,Тольятти,college,ТЭТ Тольяттинский электротехнический техникум
RU,Россия,Тольятти,college,Частный Колледж ВУиТ им. В.Н. Татищева Колледж Волжского университета имени В.Н. Татищева
RU,Россия,Тольятти,general,Верхнеякушкинская основная школа
RU,Россия,Тольятти,general,Гимназия № 38
RU,Россия,Тольятти,general,Гимназия № 48 имени Героя России О.Н. Долгова
RU,Россия,Тольятти,general,Гимназия № 9
RU,Россия,Тольятти,general,Зерносовхозская средняя школа
RU,Россия,Тольятти,general,Кадетская школа №55
RU,Россия,Тольятти,general,Лицей № 57
RU,Россия,Тольятти,general,Лицей № 67
RU,Россия,Тольятти,general,Основная общеобразовательная школа
RU,Россия,Тольятти,general,Основная школа
RU,Россия,Тольятти,general,Среднеякушкинская средняя школа
RU,Россия,Тольятти,general,Средняя общеобразовательная школа им. Героя Советского Союза Е.А. Никонова с. Васильевка муниципального района Ставропольский Самарской области
RU,Россия,Тольятти,general,Средняя общеобразовательная школа им. И.Н. Ульянова с. Усолье
RU,Россия,Тольятти,general,Средняя общеобразовательная школа с. Подстепки
RU,Россия,Тольятти,general,Средняя общеобразовательная школа с. Сосновый Солонец муниципального района Ставропольский Самарской области
RU,Россия,Тольятти,general,Средняя общеобразовательная школа центр образования им. Героя Советского союза В.Н.Федотова
RU,Россия,Тольятти,general,Средняя школа
RU,Россия,Тольятти,general,Средняя школа №1
RU,Россия,Тольятти,general,Средняя школа №2
RU,Россия,Тольятти,general,Усинская средняя общеобразовательная школа
RU,Россия,Тольятти,general,Школа
RU,Россия,Тольятти,general,Школа-интернат № 4 для обучающихся с ограниченными возможностями здоровья городского округа Тольятти
RU,Россия,Тольятти,general,Школа с углубленным изучением отдельных предметов № 10
RU,Россия,Тольятти,general,Школа с углубленным изучением отдельных предметов № 61
RU,Россия,Тольятти,general,Школа № 20
RU,Россия,Тольятти,general,Школа № 23
RU,Россия,Тольятти,general,Школа № 26 имени Героя Советского Союза В.И. Жилина
RU,Россия,Тольятти,general,Школа № 28
RU,Россия,Тольятти,general,Школа № 3
RU,Россия,Тольятти,general,Школа № 4 имени Н.В. Абрамова
RU,Россия,Тольятти,general,Школа № 46
RU,Россия,Тольятти,general,Школа № 55
RU,Россия,Тольятти,general,Школа № 59 имени Г.К. Жукова
RU,Россия,Тольятти,general,Школа № 71
RU,Россия,Тольятти,general,Школа № 73
RU,Россия,Тольятти,general,Школа № 81
RU,Россия,Тольятти,general,Школа №10
RU,Россия,Тольятти,general,Школа №11
RU,Россия,Тольятти,general,Школа №13
RU,Россия,Тольятти,general,Школа №14
RU,Россия,Тольятти,general,Школа №15
RU,Россия,Тольятти,general,Школа №16
RU,Россия,Тольятти,general,Школа №18
RU,Россия,Тольятти,general,Школа №21
RU,Россия,Тольятти,general,Школа №25
RU,Россия,Тольятти,general,Школа №26
RU,Россия,Тольятти,general,Школа №31
RU,Россия,Тольятти,general,Школа №32
RU,Россия,Тольятти,general,Школа №33
RU,Россия,Тольятти,general,Школа №34
RU,Россия,Тольятти,general,Школа №4
RU,Россия,Тольятти,general,Школа №40
RU,Россия,Тольятти,general,Школа №41
RU,Россия,Тольятти,general,Школа №43
RU,Россия,Тольятти,general,Школа №44
RU,Россия,Тольятти,general,Школа №45
RU,Россия,Тольятти,general,Школа №47
RU,Россия,Тольятти,general,Школа №5
RU,Россия,Тольятти,general,Школа №58
RU,Россия,Тольятти,general,Школа №59
RU,Россия,Тольятти,general,Школа №61
RU,Россия,Тольятти,general,Школа №62
RU,Россия,Тольятти,general,Школа №66
RU,Россия,Тольятти,general,Школа №69
RU,Россия,Тольятти,general,Школа №70
RU,Россия,Тольятти,general,Школа №72
RU,Россия,Тольятти,general,Школа №74
RU,Россия,Тольятти,general,Школа №75
RU,Россия,Тольятти,general,Школа №79
RU,Россия,Тольятти,general,Школа №80
RU,Россия,Тольятти,general,Школа №82
RU,Россия,Тольятти,general,Школа №84
RU,Россия,Тольятти,general,Школа №86
RU,Россия,Тольятти,general,Школа №89
RU,Россия,Тольятти,general,Школа №90
RU,Россия,Тольятти,general,Школа №91
RU,Россия,Тольятти,general,Школа №93
RU,Россия,Тольятти,general,Школа №94
RU,Россия,Тольятти,university,Волжский университет имени В.Н. Татищева
RU,Россия,Тольятти,university,"Поволжская академия образования и искусств имени Святителя Алексия, митрополита Московского"
RU,Россия,Тольятти,university,Поволжский государственный университет сервиса
RU,Россия,Тольятти,university,Тольяттинская академия управления
RU,Россия,Тольятти,university,Тольяттинский государственный университет
RU,Россия,Томск,boarding,Александровская школа-интернат
RU,Россия,Томск,boarding,Моряковская школа-интернат для обучающихся с ограниченными возможностями здоровья
RU,Россия,Томск,boarding,Уртамская школа-интернат
RU,Россия,Томск,boarding,Шегарская школа-интернат
RU,Россия,Томск,boarding,Школа-интернат для обучающихся с нарушениями зрения
RU,Россия,Томск,boarding,Школа-интернат для обучающихся с нарушениями слуха
RU,Россия,Томск,college,АТпромИС в п. Белый яр Асиновский техникум промышленной индустрии и сервиса п. Белый яр
RU,Россия,Томск,college,АТпромИС п. Зырянское Асиновский техникум промышленной индустрии и сервиса п. Зырянское
RU,Россия,Томск,college,ГКСКТИИ Томский Губернаторский колледж культуры и искусств
RU,Россия,Томск,college,КАПТ Кривошеинский агропромышленный техникум
RU,Россия,Томск,college,"КИПТСУ Колледж индустрии питания, торговли и сферы услуг"
RU,Россия,Томск,college,КТАБ Кожевниковский техникум агробизнеса
RU,Россия,Томск,college,КТПРТ Каргасокский техникум промышленности и речного транспорта
RU,Россия,Томск,college,МТОТ Молчановский техникум отраслевых технологий
RU,Россия,Томск,college,МФК СибГМУ Медико-фармацевтический колледж Сибирского государственного медицинского университета
RU,Россия,Томск,college,Первомайский филиал ТАК Первомайский филиал Томского аграрного колледжа
RU,Россия,Томск,college,ПФ ТПТ Парабельский филиал Томский политехнический техникум
RU,Россия,Томск,college,ТАК Томский аграрный колледж
RU,Россия,Томск,college,ТБМК Томский базовый медицинский колледж
RU,Россия,Томск,college,ТГПК Томский государственный педагогический колледж
RU,Россия,Томск,college,ТКГТ Томский колледж гражданского транспорта
RU,Россия,Томск,college,ТКСТ Томский коммунально-строительный техникум
RU,Россия,Томск,college,ТЛТ Томский лесотехнический техникум
RU,Россия,Томск,college,ТМК имени Э.В. Денисова Томский музыкальный колледж имени Э.В. Денисова
RU,Россия,Томск,college,ТМТК Томский механико-технологический техникум
RU,Россия,Томск,college,ТомИнТех Томский индустриальный техникум
RU,Россия,Томск,college,ТПГК Томский промышленно-гуманитарный колледж
RU,Россия,Томск,college,ТПТ Томский политехнический техникум
RU,Россия,Томск,college,ТТВТС Томский техникум водного транспорта и судоходства
RU,Россия,Томск,college,ТТЖТ филиал СамГУПС Томский техникум железнодорожного транспорта филиал СамГУПС
RU,Россия,Томск,college,ТТИТ Томский техникум информационных технологий
RU,Россия,Томск,college,ТТСТ Томский техникум социальных технологий
RU,Россия,Томск,college,ТЭПК Томский экономико-промышленный колледж
RU,Россия,Томск,college,ХМТ с. Белый яр Хакасский многопрофильный техникум с. Белый яр
RU,Россия,Томск,college,Частный ТФЮТ Томский финансово-юридический техникум
RU,Россия,Томск,college,Частный ТЭЮТ Томский экономико-юридический техникум
RU,Россия,Томск,college,ШТИТ Шегарский техникум индустриальных технологий
RU,Россия,Томск,general,Базойская основная школа
RU,Россия,Томск,general,Басандайская средняя школа
RU,Россия,Томск,general,Баткатская средняя школа
RU,Россия,Томск,general,Батуринская основная школа
RU,Россия,Томск,general,Беляйская основная школа
RU,Россия,Томск,general,Берлинская основная школа
RU,Россия,Томск,general,Богашевская средняя школа
RU,Россия,Томск,general,Воронинская средняя школа
RU,Россия,Томск,general,Вороновская средняя школа
RU,Россия,Томск,general,Десятовская начальная школа
RU,Россия,Томск,general,Еловская основная школа
RU,Россия,Томск,general,Заозерная средняя общеобразовательная школа с углубленным изучением отдельных предметов №16
RU,Россия,Томск,general,Зональненская средняя школа
RU,Россия,Томск,general,Зоркальцевская средняя школа
RU,Россия,Томск,general,Зырянская средняя общеобразовательная школа
RU,Россия,Томск,general,Итатская средняя общеобразовательная школа
RU,Россия,Томск,general,Калтайская средняя школа
RU,Россия,Томск,general,Каргалинская основная школа
RU,Россия,Томск,general,Кафтанчиковская средняя общеобразовательная школа
RU,Россия,Томск,general,Кисловская средняя школа
RU,Россия,Томск,general,Кожевниковская средняя школа №1
RU,Россия,Томск,general,Кожевниковская средняя школа №2
RU,Россия,Томск,general,Копыловская средняя школа
RU,Россия,Томск,general,Корниловская средняя школа
RU,Россия,Томск,general,Курлекская средняя школа
RU,Россия,Томск,general,Лицей им. И.В. Авдзейко
RU,Россия,Томск,general,Лучановская средняя школа
RU,Россия,Томск,general,Мазаловская средняя школа
RU,Россия,Томск,general,Малиновская средняя школа
RU,Россия,Томск,general,МАОУ Гимназия № 13 Г.томска
RU,Россия,Томск,general,МАОУ ООШ № 1 Г.томска
RU,Россия,Томск,general,МАОУ СОШ № 16 Г.томска
RU,Россия,Томск,general,МАОУ СОШ № 28 Г. Томска
RU,Россия,Томск,general,МАОУ СОШ № 4 ИМ. И.с.черных Г. Томска
RU,Россия,Томск,general,МАОУ СОШ № 41 Г. Томска
RU,Россия,Томск,general,МАОУ СОШ № 42 Г. Томска
RU,Россия,Томск,general,МАОУ СОШ № 43 Г. Томска
RU,Россия,Томск,general,МАОУ СОШ № 44 Г. Томска
RU,Россия,Томск,general,МАОУ СОШ № 47 Г. Томска
RU,Россия,Томск,general,МАОУ СОШ № 50 Г. Томска
RU,Россия,Томск,general,МАОУ СОШ № 53 Г. Томска
RU,Россия,Томск,general,МАОУ СОШ № 58 Г. Томска
RU,Россия,Томск,general,Маоусош № 19 Г. Томска
RU,Россия,Томск,general,Мариинская средняя школа №3
RU,Россия,Томск,general,Межениновская средняя школа
RU,Россия,Томск,general,Молодёжненская средняя школа
RU,Россия,Томск,general,Моряковская средняя общеобразовательная школа
RU,Россия,Томск,general,Наумовская средняя школа
RU,Россия,Томск,general,Нелюбинская средняя школа
RU,Россия,Томск,general,Новоархангельская средняя школа
RU,Россия,Томск,general,Новопокровская основная школа
RU,Россия,Томск,general,Новорождественская средняя школа
RU,Россия,Томск,general,Октябрьская средняя школа
RU,Россия,Томск,general,Орловская средняя школа
RU,Россия,Томск,general,Основная школа №39
RU,Россия,Томск,general,Основная школа №45
RU,Россия,Томск,general,Основная школа №66
RU,Россия,Томск,general,Первомайская средняя школа
RU,Россия,Томск,general,Петуховская средняя школа
RU,Россия,Томск,general,Побединская средняя школа
RU,Россия,Томск,general,Пожарно-спасательный лицей
RU,Россия,Томск,general,Поросинская средняя школа
RU,Россия,Томск,general,Православная школа им. св. Макария
RU,Россия,Томск,general,Причулымская основная школа
RU,Россия,Томск,general,Рассветовская средняя школа
RU,Россия,Томск,general,Рыбаловская средняя школа
RU,Россия,Томск,general,Семёновская основная школа
RU,Россия,Томск,general,Семилуженская средняя школа
RU,Россия,Томск,general,Средняя школа
RU,Россия,Томск,general,Средняя школа №11
RU,Россия,Томск,general,Средняя школа №12
RU,Россия,Томск,general,Средняя школа №14
RU,Россия,Томск,general,Средняя школа №15
RU,Россия,Томск,general,Средняя школа №19
RU,Россия,Томск,general,Средняя школа №2
RU,Россия,Томск,general,Средняя школа №22
RU,Россия,Томск,general,Средняя школа №23
RU,Россия,Томск,general,Средняя школа №25
RU,Россия,Томск,general,Средняя школа №27
RU,Россия,Томск,general,Средняя школа №28
RU,Россия,Томск,general,Средняя школа №30
RU,Россия,Томск,general,Средняя школа №31
RU,Россия,Томск,general,Средняя школа №32
RU,Россия,Томск,general,Средняя школа №33
RU,Россия,Томск,general,Средняя школа №34
RU,Россия,Томск,general,Средняя школа №35
RU,Россия,Томск,general,Средняя школа №36
RU,Россия,Томск,general,Средняя школа №37
RU,Россия,Томск,general,Средняя школа №38
RU,Россия,Томск,general,Средняя школа №4
RU,Россия,Томск,general,Средняя школа №40
RU,Россия,Томск,general,Средняя школа №41
RU,Россия,Томск,general,Средняя школа №42
RU,Россия,Томск,general,Средняя школа №43
RU,Россия,Томск,general,Средняя школа №44
RU,Россия,Томск,general,Средняя школа №47
RU,Россия,Томск,general,Средняя школа №49
RU,Россия,Томск,general,Средняя школа №5
RU,Россия,Томск,general,Средняя школа №50
RU,Россия,Томск,general,Средняя школа №53
RU,Россия,Томск,general,Средняя школа №54
RU,Россия,Томск,general,Средняя школа №58
RU,Россия,Томск,general,Средняя школа №64
RU,Россия,Томск,general,Средняя школа №65
RU,Россия,Томск,general,Средняя школа №67
RU,Россия,Томск,general,Томский физико-технический лицей
RU,Россия,Томск,general,Трубачевская основная школа
RU,Россия,Томск,general,Турунтаевская средняя школа
RU,Россия,Томск,general,Уртамская средняя школа
RU,Россия,Томск,general,Халдеевская основная школа
RU,Россия,Томск,general,Чернореченская средняя школа
RU,Россия,Томск,general,Чилинская средняя школа
RU,Россия,Томск,general,Шегарская средняя школа №1
RU,Россия,Томск,general,Шегарская средняя школа №2
RU,Россия,Томск,general,Эврика-развитие
RU,Россия,Томск,university,Западно-Сибирский филиал
RU,Россия,Томск,university,Национальный исследовательский Томский государственный университет
RU,Россия,Томск,university,Национальный исследовательский Томский политехнический университет
RU,Россия,Томск,university,Сибирский государственный медицинский университет
RU,Россия,Томск,university,Томский государственный архитектурно-строительный университет
RU,Россия,Томск,university,Томский государственный педагогический университет
RU,Россия,Томск,university,Томский государственный университет систем управления и радиоэлектроники
RU,Россия,Томск,university,Томский институт бизнеса
RU,Россия,Томск,university,Томский сельскохозяйственный институт - филиал
RU,Россия,Троицк,boarding,Специальная (коррекционная) школа-интернат для обучающихся с ограниченными возможностями здоровья
RU,Россия,Троицк,boarding,Школа-интернат для слепых и слабовидящих обучающихся
RU,Россия,Троицк,general,Коррекционная начальная школа №10
RU,Россия,Троицк,general,Кумысненская основная школа
RU,Россия,Троицк,general,Основная школа №14
RU,Россия,Троицк,general,Основная школа №4
RU,Россия,Троицк,general,Подгорненская основная школа
RU,Россия,Троицк,general,Средняя школа №10
RU,Россия,Троицк,general,Средняя школа №15
RU,Россия,Троицк,general,Средняя школа №3
RU,Россия,Троицк,general,Средняя школа №39
RU,Россия,Троицк,general,Средняя школа №47
RU,Россия,Троицк,general,Средняя школа №5
RU,Россия,Троицк,general,Средняя школа №6
RU,Россия,Троицк,general,Средняя школа №7
RU,Россия,Троицк,general,Средняя школа №9
RU,Россия,Троицк,general,Ясношкола
RU,Россия,Туапсе,college,ТГМТ Туапсинский гидрометеорологический техникум
RU,Россия,Туапсе,college,ТСПК Туапсинский социально-педагогический колледж
RU,Россия,Туапсе,college,Филиал РГУПС в г. Туапсе Филиал Ростовского государственного университета путей сообщения в г. Туапсе
RU,Россия,Туапсе,college,Частный Колледж Академия ТОП Туапсе Филиал колледжа «Академия ТОП Туапсе»
RU,Россия,Туапсе,college,Частный ТФЮК Туапсинский финансово-юридический колледж
RU,Россия,Туапсе,general,Коррекционная школа №9
RU,Россия,Туапсе,general,Открыта школа №1
RU,Россия,Туапсе,general,Средняя школа №10
RU,Россия,Туапсе,general,Средняя школа №11
RU,Россия,Туапсе,general,Средняя школа №2
RU,Россия,Туапсе,general,Средняя школа №3
RU,Россия,Туапсе,general,Средняя школа №4
RU,Россия,Туапсе,general,Средняя школа №5
RU,Россия,Туапсе,general,Средняя школа №6
RU,Россия,Туапсе,general,Средняя школа №8
RU,Россия,Тула,college,ТГКСТ Тульский государственный коммунально-строительный техникум
RU,Россия,Тула,college,ТГМК им. Н. Демидова Тульский государственный машиностроительный колледж имени Никиты Демидова
RU,Россия,Тула,college,ТГТК Тульский государственный технологический колледж
RU,Россия,Тула,college,ТЖТ им. Б.Ф. Сафонова Техникум железнодорожного транспорта им. Б.Ф. Сафонова
RU,Россия,Тула,college,ТК им. С.И. Мосина Технический колледж им. С.И. Мосина
RU,Россия,Тула,college,ТКИ им. А.С. Даргомыжского Тульский колледж искусств имени А.С. Даргомыжского
RU,Россия,Тула,college,ТКПТС Тульский колледж профессиональных технологий и сервиса
RU,Россия,Тула,college,ТКСиОТ Тульский колледж строительства и отраслевых технологий
RU,Россия,Тула,college,ТОККиИ Тульский областной колледж культуры и искусства
RU,Россия,Тула,college,ТОМК Тульский областной медицинский колледж
RU,Россия,Тула,college,ТПК Тульский педагогический колледж
RU,Россия,Тула,college,ТСХК им. И.С. Ефанова Тульский сельскохозяйственный колледж имени И.С. Ефанова
RU,Россия,Тула,college,ТТЭК им. А.Г. Рогова Тульский технико-экономический колледж имени А.Г. Рогова
RU,Россия,Тула,college,Тульский институт (филиал) ВГУЮ (РПА Минюста России) Тульский институт (филиал) «Всероссийский государственный университет юстиции (РПА Минюста
RU,Россия,Тула,college,Частный АйтиХаб Тула Колледж информационных и креативных технологий АйтиХаб Тула
RU,Россия,Тула,college,"Частный АНО ПО ""ТЭУ"" Техникум экономики и управления"
RU,Россия,Тула,college,Частный Колледж Академия ТОП Тула Филиал колледжа «Академия ТОП Тула»
RU,Россия,Тула,college,Частный ОСЭК Открытый социально-экономический колледж
RU,Россия,Тула,college,Частный ТТЭУ Тульский техникум экономики и управления
RU,Россия,Тула,college,Частный Тульский филиал МЮИ Тульский филиал Международного юридического института
RU,Россия,Тула,college,Частный ЮПК Юридический полицейский колледж
RU,Россия,Тула,general,Анишинская средняя школа
RU,Россия,Тула,general,Богдановская основная школа
RU,Россия,Тула,general,Большекалмыкская средняя школа
RU,Россия,Тула,general,Бородинская средняя школа
RU,Россия,Тула,general,Быковская основная школа
RU,Россия,Тула,general,Вечерняя общеобразовательная школа города Тулы
RU,Россия,Тула,general,Вечерняя школа
RU,Россия,Тула,general,Дубовская школа
RU,Россия,Тула,general,Дудкинская средняя школа
RU,Россия,Тула,general,Ильинская основная школа
RU,Россия,Тула,general,Карамышевская средняя школа №25
RU,Россия,Тула,general,Лицей № 1
RU,Россия,Тула,general,Ломинцевская средняя школа №22
RU,Россия,Тула,general,МБОУ - Лицей № 2
RU,Россия,Тула,general,Новоогарёвская средняя школа №19
RU,Россия,Тула,general,Озерковская начальная школа
RU,Россия,Тула,general,Ольховецкая основная школа
RU,Россия,Тула,general,Основная школа №25
RU,Россия,Тула,general,Плехановская начальная школа
RU,Россия,Тула,general,Присадская средняя школа
RU,Россия,Тула,general,Приупская средняя школа
RU,Россия,Тула,general,Рассветская основная школа
RU,Россия,Тула,general,Социалистическая средняя школа №18
RU,Россия,Тула,general,Средняя школа №11
RU,Россия,Тула,general,Средняя школа №15
RU,Россия,Тула,general,Средняя школа №16
RU,Россия,Тула,general,Средняя школа №18
RU,Россия,Тула,general,Средняя школа №21
RU,Россия,Тула,general,Средняя школа №3
RU,Россия,Тула,general,Средняя школа №9
RU,Россия,Тула,general,Строящаяся школа
RU,Россия,Тула,general,Тульская школа
RU,Россия,Тула,general,Тульская школа для обучающихся с ограниченными возможностями здоровья № 4
RU,Россия,Тула,general,Центр образования – гимназия № 1
RU,Россия,Тула,general,Центр образования – гимназия № 11
RU,Россия,Тула,general,Центр образования - гимназия № 30
RU,Россия,Тула,general,Центр образования № 1 имени Героя России Горшкова Д.Е
RU,Россия,Тула,general,Ширинская средняя школа
RU,Россия,Тула,general,Школа К.Д. Ушинского
RU,Россия,Тула,general,Школа №60
RU,Россия,Тула,general,Юбилейная основная школа №43
RU,Россия,Тула,university,Институт экономики и управления
RU,Россия,Тула,university,МЕЖДУНАРОДНАЯ ПОЛИЦЕЙСКАЯ АКАДЕМИЯ ВПА
RU,Россия,Тула,university,Тульская духовная семинария Тульской Епархии Русской Православной Церкви
RU,Россия,Тула,university,Тульский государственный педагогический университет им. Л.Н. Толстого
RU,Россия,Тула,university,Тульский государственный университет
RU,Россия,Тула,university,Тульский институт (филиал)
RU,Россия,Тула,university,Тульский филиал
RU,Россия,Тула,university,Тульский филиал Образовательного — Международный юридический институт
RU,Россия,Тула,university,Тульский филиал — Российский экономический университет
RU,Россия,Тула,university,Частное образовательное учреждение высшего образования Тульский институт управления и бизнеса имени Никиты Демидовича Демидова
RU,Россия,Тюмень,college,ГАК Голышмановский агропедагогический колледж
RU,Россия,Тюмень,college,Колледж искусств ТГИК Колледж искусств Тюменского государственного института культуры
RU,Россия,Тюмень,college,КПК Когалымский политехнический колледж
RU,Россия,Тюмень,college,КЦПТ Колледж цифровых и педагогических технологий
RU,Россия,Тюмень,college,МК ТИУ Многопрофильный колледж Тюменского индустриального университета
RU,Россия,Тюмень,college,ТКПСТ Тюменский колледж производственных и социальных технологий
RU,Россия,Тюмень,college,ТКТТС Тюменский колледж транспортных технологий и сервиса
RU,Россия,Тюмень,college,ТМК Тюменский медицинский колледж
RU,Россия,Тюмень,college,"ТТИПКС Тюменский техникум индустрии питания, коммерции и сервиса"
RU,Россия,Тюмень,college,ТТСИиГХ Тюменский техникум строительной индустрии и городского хозяйства
RU,Россия,Тюмень,college,Частный Колледж Академия ТОП Тюмень Филиал колледжа «Академия ТОП Тюмень»
RU,Россия,Тюмень,college,Частный Межрегиональный инновационный колледж «Альянс»
RU,Россия,Тюмень,college,Частный Скайпро Тюмень Колледж Скайпро Тюмень
RU,Россия,Тюмень,college,Частный ТНПК Тюменский нефтепроводный профессиональный колледж
RU,Россия,Тюмень,college,"Частный ТюмКЭУП Тюменский колледж экономики, управления и права"
RU,Россия,Тюмень,general,Акияровская средняя школа
RU,Россия,Тюмень,general,Андреевская школа
RU,Россия,Тюмень,general,Архангельская основная школа
RU,Россия,Тюмень,general,Асланинская средняя школа
RU,Россия,Тюмень,general,Бархатовская средняя школа
RU,Россия,Тюмень,general,Бердюгинская средняя школа
RU,Россия,Тюмень,general,Беркутская средняя школа
RU,Россия,Тюмень,general,Богандинская средняя школа №1
RU,Россия,Тюмень,general,Богандинская средняя школа №2
RU,Россия,Тюмень,general,Богандинская средняя школа №42
RU,Россия,Тюмень,general,Борковская средняя школа
RU,Россия,Тюмень,general,Боровская средняя школа
RU,Россия,Тюмень,general,Варваринская средняя школа
RU,Россия,Тюмень,general,Велижанская средняя школа
RU,Россия,Тюмень,general,Верхнеингальская основная школа
RU,Россия,Тюмень,general,Вечерняя школа №13
RU,Россия,Тюмень,general,Вечерняя школа №2
RU,Россия,Тюмень,general,Винзилинская средняя школа
RU,Россия,Тюмень,general,Гимназист
RU,Россия,Тюмень,general,Горизонт
RU,Россия,Тюмень,general,Горьковская средняя школа
RU,Россия,Тюмень,general,Денисовская основная школа
RU,Россия,Тюмень,general,Доброшкола
RU,Россия,Тюмень,general,Дубровинская средняя школа
RU,Россия,Тюмень,general,Еврогимназия
RU,Россия,Тюмень,general,Ембаевская средняя школа
RU,Россия,Тюмень,general,Зиновская средняя школа
RU,Россия,Тюмень,general,Зырянская средняя школа
RU,Россия,Тюмень,general,Ивановская средняя школа
RU,Россия,Тюмень,general,Ингалинская средняя школа
RU,Россия,Тюмень,general,Исетская средняя школа №1
RU,Россия,Тюмень,general,Исетская средняя школа №2
RU,Россия,Тюмень,general,Каменская средняя школа
RU,Россия,Тюмень,general,Карабашская средняя школа
RU,Россия,Тюмень,general,Каскаринская средняя школа
RU,Россия,Тюмень,general,Киевская средняя школа
RU,Россия,Тюмень,general,Кировская средняя школа
RU,Россия,Тюмень,general,Княжевская средняя школа
RU,Россия,Тюмень,general,Коктюльская средняя школа
RU,Россия,Тюмень,general,Коммунаровская школа
RU,Россия,Тюмень,general,Комсомольская средняя школа
RU,Россия,Тюмень,general,Кулаковская средняя школа
RU,Россия,Тюмень,general,Лицей №93
RU,Россия,Тюмень,general,Луговская средняя школа
RU,Россия,Тюмень,general,Мальковская средняя школа
RU,Россия,Тюмень,general,МАОУ Гимназия № 1 Города Тюмени
RU,Россия,Тюмень,general,МАОУ Гимназия № 16 Города Тюмени
RU,Россия,Тюмень,general,МАОУ Гимназия № 21 Города Тюмени
RU,Россия,Тюмень,general,МАОУ Гимназия № 5 Города Тюмени
RU,Россия,Тюмень,general,МАОУ Лицей № 34 Города Тюмени
RU,Россия,Тюмень,general,МАОУ Лицей № 81 Города Тюмени
RU,Россия,Тюмень,general,МАОУ СОШ № 27 Города Тюмени
RU,Россия,Тюмень,general,МАОУ СОШ № 48 Города Тюмени
RU,Россия,Тюмень,general,МАОУ СОШ № 52 Города Тюмени
RU,Россия,Тюмень,general,МАОУ СОШ № 60 Города Тюмени
RU,Россия,Тюмень,general,МАОУ СОШ № 67 Города Тюмени
RU,Россия,Тюмень,general,МАОУ СОШ № 69 Города Тюмени
RU,Россия,Тюмень,general,МАОУ СОШ № 70 Города Тюмени
RU,Россия,Тюмень,general,МАОУ СОШ № 88 Города Тюмени
RU,Россия,Тюмень,general,МАОУ СОШ № 89 Города Тюмени
RU,Россия,Тюмень,general,МАОУ СОШ № 92 Города Тюмени
RU,Россия,Тюмень,general,Маоув(с)ош № 2 Города Тюмени
RU,Россия,Тюмень,general,Маранская средняя школа
RU,Россия,Тюмень,general,МБОУ ООШ № 77 Города Тюмени
RU,Россия,Тюмень,general,Мининская средняя школа
RU,Россия,Тюмень,general,Московская средняя школа
RU,Россия,Тюмень,general,Муллашинская средняя школа
RU,Россия,Тюмень,general,Наримановская средняя школа
RU,Россия,Тюмень,general,Новоатьяловская средняя школа
RU,Россия,Тюмень,general,Новолыбаевская средняя школа
RU,Россия,Тюмень,general,Новосёловская средняя школа
RU,Россия,Тюмень,general,Новотарманская средняя школа
RU,Россия,Тюмень,general,Общеобразовательная школа №2 города Тюмени для обучающихся с ограниченными возможностями здоровья
RU,Россия,Тюмень,general,Онохинская средняя школа
RU,Россия,Тюмень,general,Падунская средняя школа
RU,Россия,Тюмень,general,Памятнинская средняя школа
RU,Россия,Тюмень,general,Переваловская средняя школа
RU,Россия,Тюмень,general,Петелинская средняя школа
RU,Россия,Тюмень,general,Покровская средняя школа
RU,Россия,Тюмень,general,Пышминская основная школа
RU,Россия,Тюмень,general,Рафайловская средняя школа
RU,Россия,Тюмень,general,Салаирская средняя школа
RU,Россия,Тюмень,general,Своя Школа
RU,Россия,Тюмень,general,Слобода-Бешкильская средняя школа
RU,Россия,Тюмень,general,Созоновская средняя школа
RU,Россия,Тюмень,general,Солобоевская средняя школа
RU,Россия,Тюмень,general,Средняя школа
RU,Россия,Тюмень,general,Средняя школа №13
RU,Россия,Тюмень,general,Средняя школа №15
RU,Россия,Тюмень,general,Средняя школа №17
RU,Россия,Тюмень,general,Средняя школа №22
RU,Россия,Тюмень,general,Средняя школа №25
RU,Россия,Тюмень,general,Средняя школа №26
RU,Россия,Тюмень,general,Средняя школа №27
RU,Россия,Тюмень,general,Средняя школа №30
RU,Россия,Тюмень,general,Средняя школа №32
RU,Россия,Тюмень,general,Средняя школа №37
RU,Россия,Тюмень,general,Средняя школа №38
RU,Россия,Тюмень,general,Средняя школа №40
RU,Россия,Тюмень,general,Средняя школа №41
RU,Россия,Тюмень,general,Средняя школа №42
RU,Россия,Тюмень,general,Средняя школа №43
RU,Россия,Тюмень,general,Средняя школа №45
RU,Россия,Тюмень,general,Средняя школа №5
RU,Россия,Тюмень,general,Средняя школа №51
RU,Россия,Тюмень,general,Средняя школа №52
RU,Россия,Тюмень,general,Средняя школа №56
RU,Россия,Тюмень,general,Средняя школа №58
RU,Россия,Тюмень,general,Средняя школа №60
RU,Россия,Тюмень,general,Средняя школа №62
RU,Россия,Тюмень,general,Средняя школа №63
RU,Россия,Тюмень,general,Средняя школа №65
RU,Россия,Тюмень,general,Средняя школа №67
RU,Россия,Тюмень,general,Средняя школа №68
RU,Россия,Тюмень,general,Средняя школа №69
RU,Россия,Тюмень,general,Средняя школа №7
RU,Россия,Тюмень,general,Средняя школа №70
RU,Россия,Тюмень,general,Средняя школа №72
RU,Россия,Тюмень,general,Средняя школа №88
RU,Россия,Тюмень,general,Средняя школа №89
RU,Россия,Тюмень,general,Средняя школа №9
RU,Россия,Тюмень,general,Средняя школа №92
RU,Россия,Тюмень,general,Средняя школа №94
RU,Россия,Тюмень,general,Средняя школа №95
RU,Россия,Тюмень,general,Староалександровская средняя школа
RU,Россия,Тюмень,general,Старокавдыкская средняя школа
RU,Россия,Тюмень,general,Строящаяся школа
RU,Россия,Тюмень,general,Усальская начальная школа
RU,Россия,Тюмень,general,Успенская начальная школа
RU,Россия,Тюмень,general,Успенская средняя школа
RU,Россия,Тюмень,general,Ушаковская средняя школа
RU,Россия,Тюмень,general,Физико-математическая школа
RU,Россия,Тюмень,general,Хохловская средняя школа
RU,Россия,Тюмень,general,Червишевская средняя школа
RU,Россия,Тюмень,general,Честная школа
RU,Россия,Тюмень,general,Чикчинская средняя школа
RU,Россия,Тюмень,general,Школа №48
RU,Россия,Тюмень,general,Шороховская средняя школа
RU,Россия,Тюмень,general,Шороховская школа
RU,Россия,Тюмень,general,Щетковская средняя школа
RU,Россия,Тюмень,general,Южная школа
RU,Россия,Тюмень,general,Ярковская средняя школа
RU,Россия,Тюмень,general,Яровская средняя школа
RU,Россия,Тюмень,university,Институт деловой карьеры — филиал в г. Тюмень
RU,Россия,Тюмень,university,Тюменский государственный институт культуры
RU,Россия,Тюмень,university,Тюменский государственный медицинский университет
RU,Россия,Тюмень,university,Тюменский государственный университет
RU,Россия,Тюмень,university,Тюменский индустриальный университет
RU,Россия,Тюмень,university,Уральский государственный университет путей сообщения — филиал в г. Тюмень
RU,Россия,Узловая,college,ТОМК филиал г. Узловая Тульский областной медицинский колледж филиал г. Узловая
RU,Россия,Узловая,college,Узловский железнодорожный техникум - филиал ПГУПС Узловский железнодорожный техникум - филиал Петербургский государственный университет путе
RU,Россия,Узловая,college,УПК Узловский политехнический колледж
RU,Россия,Узловая,general,Лицей имени Ивана Ивановича Федунца
RU,Россия,Узловая,general,МБОУ Гимназия
RU,Россия,Узловая,general,МКОУ СОШ № 2
RU,Россия,Узловая,general,МКОУ СОШ № 7
RU,Россия,Узловая,general,Средняя школа №1
RU,Россия,Узловая,general,Средняя школа №17
RU,Россия,Узловая,general,Средняя школа №2
RU,Россия,Узловая,general,Средняя школа №22
RU,Россия,Узловая,general,Средняя школа №59
RU,Россия,Узловая,general,Средняя школа №61
RU,Россия,Узловая,general,Средняя школа №7
RU,Россия,Улан-Удэ,boarding,Селенгинская специальная коррекционная общеобразовательная школа-интернат
RU,Россия,Улан-Удэ,boarding,"Специальная коррекционная общеобразовательная школа-интернат I, II вида"
RU,Россия,Улан-Удэ,boarding,Специальная коррекционная общеобразовательная школа-интернат V вида
RU,Россия,Улан-Удэ,boarding,Специальная коррекционная общеобразовательная школа-интернат №2 им. В.И. Воропаева
RU,Россия,Улан-Удэ,boarding,Специальная коррекционная общеобразовательная школа-интернат №62 III и IV вида
RU,Россия,Улан-Удэ,boarding,Турунтаевская специальная коррекционная общеобразовательная школа-интернат
RU,Россия,Улан-Удэ,college,АК БГСА им. В. Р. Филиппова Агротехнический колледж Бурятской государственной сельскохозяйственной академии имени В.Р
RU,Россия,Улан-Удэ,college,БАК им. М.Н. Ербанова Бурятский аграрный колледж имени М.Н. Ербанова
RU,Россия,Улан-Удэ,college,ББМК Байкальский базовый медицинский колледж
RU,Россия,Улан-Удэ,college,БКНП Байкальский колледж недропользования
RU,Россия,Улан-Удэ,college,БКТиЛ Бурятский колледж технологий и лесопользования
RU,Россия,Улан-Удэ,college,БКТиС Байкальский колледж туризма и сервиса
RU,Россия,Улан-Удэ,college,БМК Байкальский многопрофильный колледж
RU,Россия,Улан-Удэ,college,БРИТ Бурятский республиканский индустриальный техникум
RU,Россия,Улан-Удэ,college,БРИЭТ Бурятский республиканский информационно-экономический техникум
RU,Россия,Улан-Удэ,college,БРПК Бурятский республиканский педагогический колледж
RU,Россия,Улан-Удэ,college,БРТАТ Бурятский республиканский техникум автомобильного транспорта
RU,Россия,Улан-Удэ,college,БРХК им. Л.П. Сахьяновой и П.Т. Абашеева Бурятский республиканский хореографический колледж имени Л.П. Сахьяновой и П.Т. Абашеева
RU,Россия,Улан-Удэ,college,КИ им. Чайковского Колледж искусств имени П. И. Чайковского
RU,Россия,Улан-Удэ,college,Кижингинский филиал БАК им. М.Н. Ербанова Кижингинский филиал Бурятского аграрного колледжа им. М.Н. Ербанова
RU,Россия,Улан-Удэ,college,Колледж БГУ Колледж Бурятского государственного университета имени Доржи Банзарова
RU,Россия,Улан-Удэ,college,Колледж ВСГТУ Технологический колледж Восточно-Сибирского государственного университета технологий и упр
RU,Россия,Улан-Удэ,college,КТИНЗ Колледж традиционных искусств народов Забайкалья
RU,Россия,Улан-Удэ,college,Могойтинский филиал БКТиС Могойтинский филиал Байкальского колледжа туризма и сервиса
RU,Россия,Улан-Удэ,college,Мухоршибирский филиал БКН Мухоршибирский филиал Байкальского колледжа недропользования
RU,Россия,Улан-Удэ,college,ПТ Политехнический техникум п. Селенгинск
RU,Россия,Улан-Удэ,college,РБМК им. Э.Р. Раднаева Республиканский базовый медицинский колледж им. Э.Р. Раднаева
RU,Россия,Улан-Удэ,college,Республиканский межотраслевой техникум
RU,Россия,Улан-Удэ,college,РМК Республиканский многоуровневый колледж
RU,Россия,Улан-Удэ,college,Тауровский филиал БКТиС Татауровский филиал Байкальского колледжа туризма и сервиса
RU,Россия,Улан-Удэ,college,ТСиГХ Техникум строительства и городского хозяйства
RU,Россия,Улан-Удэ,college,ТФ БКТиС Тарбагатайский филиал Байкальского колледжа туризма и сервиса
RU,Россия,Улан-Удэ,college,Усть-Баргузинский филиал БКТиС Усть-Баргузинский филиал Байкальского колледжа туризма и сервиса
RU,Россия,Улан-Удэ,college,УУАТ Улан-Удэнский авиационный техникум
RU,Россия,Улан-Удэ,college,УУКЖТ - филиал ИрГУПС Улан-Удэнский колледж железнодорожного транспорта - филиал Иркутский государственный униве
RU,Россия,Улан-Удэ,college,Частный БФКК Бурятский финансово-кредитный колледж
RU,Россия,Улан-Удэ,college,Частный Колледж Академия ТОП Улан-Удэ Филиал колледжа «Академия ТОП Улан-Удэ»
RU,Россия,Улан-Удэ,college,Частный УУТЭТ Улан-Удэнский торгово-экономический техникум Бурятского респотребсоюза
RU,Россия,Улан-Удэ,general,Адамовская начальная школа
RU,Россия,Улан-Удэ,general,Адамовская основная школа
RU,Россия,Улан-Удэ,general,Арбижильская начальная школа
RU,Россия,Улан-Удэ,general,Ардасанская начальная школа
RU,Россия,Улан-Удэ,general,Аршанская средняя школа
RU,Россия,Улан-Удэ,general,Ахаликская основная школа
RU,Россия,Улан-Удэ,general,Байкало-Кударинская средняя школа
RU,Россия,Улан-Удэ,general,Баратуйская основная школа
RU,Россия,Улан-Удэ,general,Баргузинская средняя школа
RU,Россия,Улан-Удэ,general,Барыкинская основная школа
RU,Россия,Улан-Удэ,general,Билютайская основная школа
RU,Россия,Улан-Удэ,general,Большелугская основная школа
RU,Россия,Улан-Удэ,general,Большереченская средняя школа
RU,Россия,Улан-Удэ,general,Брянская средняя школа
RU,Россия,Улан-Удэ,general,Верхне-Иволгинская средняя школа
RU,Россия,Улан-Удэ,general,Верхнежиримская средняя школа
RU,Россия,Улан-Удэ,general,Верхнесаянтуйская начальная школа
RU,Россия,Улан-Удэ,general,Вечерняя общеобразовательная школа №14
RU,Россия,Улан-Удэ,general,Вознесеновская начальная школа
RU,Россия,Улан-Удэ,general,Выдринская средняя школа
RU,Россия,Улан-Удэ,general,Галбайская основная школа
RU,Россия,Улан-Удэ,general,Ганзуринская средняя школа
RU,Россия,Улан-Удэ,general,Гильбиринская средняя школа
RU,Россия,Улан-Удэ,general,Горхонская средняя общеобразовательная школа
RU,Россия,Улан-Удэ,general,Горячинская средняя школа
RU,Россия,Улан-Удэ,general,Гремячинская средняя школа
RU,Россия,Улан-Удэ,general,Гурульбинская средняя школа
RU,Россия,Улан-Удэ,general,Гусихинская основная школа
RU,Россия,Улан-Удэ,general,Далахайская основная школа
RU,Россия,Улан-Удэ,general,Джидинская районная вечерняя школа
RU,Россия,Улан-Удэ,general,Джидинская средняя школа
RU,Россия,Улан-Удэ,general,Дырестуйская средняя школа
RU,Россия,Улан-Удэ,general,Еланская средняя школа
RU,Россия,Улан-Удэ,general,Ехэ-Цаганская основная школа
RU,Россия,Улан-Удэ,general,Жаргалантуйская основная школа
RU,Россия,Улан-Удэ,general,Жемчугская средняя школа
RU,Россия,Улан-Удэ,general,Заводская средняя школа
RU,Россия,Улан-Удэ,general,Загустайская средняя школа
RU,Россия,Улан-Удэ,general,Закалтусная начальная школа
RU,Россия,Улан-Удэ,general,Зарубинская основная школа
RU,Россия,Улан-Удэ,general,Зун-Муринская средняя школа
RU,Россия,Улан-Удэ,general,Зырянская средняя школа
RU,Россия,Улан-Удэ,general,Иволгинская вечерняя школа
RU,Россия,Улан-Удэ,general,Иволгинская средняя школа
RU,Россия,Улан-Удэ,general,Иволгинская средняя школа №3
RU,Россия,Улан-Удэ,general,Ильинская средняя школа
RU,Россия,Улан-Удэ,general,Истоминская начальная школа
RU,Россия,Улан-Удэ,general,Кабанская средняя школа
RU,Россия,Улан-Удэ,general,Каленовская средняя школа
RU,Россия,Улан-Удэ,general,Каменская средняя школа №2
RU,Россия,Улан-Удэ,general,Кибалинская основная школа
RU,Россия,Улан-Удэ,general,Кикинская основная школа
RU,Россия,Улан-Удэ,general,Клюевская средняя школа
RU,Россия,Улан-Удэ,general,Колесовская средняя школа
RU,Россия,Улан-Удэ,general,Колобковская основная школа
RU,Россия,Улан-Удэ,general,Коменская средняя школа
RU,Россия,Улан-Удэ,general,Коррекционная школа №3
RU,Россия,Улан-Удэ,general,Корсаковская средняя школа
RU,Россия,Улан-Удэ,general,Красно-Ярская средняя школа
RU,Россия,Улан-Удэ,general,Краснояровская основная школа
RU,Россия,Улан-Удэ,general,Куйтунская основная школа
RU,Россия,Улан-Удэ,general,Кыренская средняя школа
RU,Россия,Улан-Удэ,general,Лингвистическая гимназия № 3 г. Улан-Удэ
RU,Россия,Улан-Удэ,general,Лицей № 27 г. Улан-Удэ
RU,Россия,Улан-Удэ,general,Максимихинская начальная школа
RU,Россия,Улан-Удэ,general,Мондинская средняя школа
RU,Россия,Улан-Удэ,general,Мостовская основная школа
RU,Россия,Улан-Удэ,general,Мурочинская основная школа
RU,Россия,Улан-Удэ,general,Надеинская начальная школа
RU,Россия,Улан-Удэ,general,Наушкинская средняя школа
RU,Россия,Улан-Удэ,general,Нестеровская средняя школа
RU,Россия,Улан-Удэ,general,Нижне-Иволгинская средняя школа
RU,Россия,Улан-Удэ,general,Нижнежиримская основная школа
RU,Россия,Улан-Удэ,general,Нижнесаянтуйская средняя школа
RU,Россия,Улан-Удэ,general,Ново-Онохойская основная школа
RU,Россия,Улан-Удэ,general,Новоселенгинская средняя школа
RU,Россия,Улан-Удэ,general,Ноехонская средняя школа
RU,Россия,Улан-Удэ,general,Нюкская основная школа
RU,Россия,Улан-Удэ,general,Окино-Ключевская средняя школа
RU,Россия,Улан-Удэ,general,Онохойская средняя школа №1
RU,Россия,Улан-Удэ,general,Онохойская средняя школа №2
RU,Россия,Улан-Удэ,general,Оронгойская средняя школа
RU,Россия,Улан-Удэ,general,Основная школа №15
RU,Россия,Улан-Удэ,general,Основная школа №23
RU,Россия,Улан-Удэ,general,Открытая школа №1
RU,Россия,Улан-Удэ,general,Охор-Шибирская основная школа
RU,Россия,Улан-Удэ,general,Ошурковская начальная школа
RU,Россия,Улан-Удэ,general,Пестеревская основная школа
RU,Россия,Улан-Удэ,general,Подлопатинская средняя школа
RU,Россия,Улан-Удэ,general,Покровская начальная школа
RU,Россия,Улан-Удэ,general,Посольская средняя школа
RU,Россия,Улан-Удэ,general,Прогимназия № 108
RU,Россия,Улан-Удэ,general,Ранжуровская начальная школа
RU,Россия,Улан-Удэ,general,Республиканский бурятский национальный лицей-интернат № 1
RU,Россия,Улан-Удэ,general,Санаторная школа-интенат № 28
RU,Россия,Улан-Удэ,general,Селен-Енхорская начальная школа
RU,Россия,Улан-Удэ,general,Селенгинская средняя школа
RU,Россия,Улан-Удэ,general,Селенгинская средняя школа №1
RU,Россия,Улан-Удэ,general,Селенгинская средняя школа №2
RU,Россия,Улан-Удэ,general,Селендумская средняя школа
RU,Россия,Улан-Удэ,general,Сотниковская средняя школа
RU,Россия,Улан-Удэ,general,Сотниковская средняя школа №2
RU,Россия,Улан-Удэ,general,Специальная (коррекционная) общеобразовательная школа-интернат № 62 III - IV вида
RU,Россия,Улан-Удэ,general,Средне-Убукунская основная школа
RU,Россия,Улан-Удэ,general,Средняя общеобразовательная школа № 19 г. Улан-Удэ
RU,Россия,Улан-Удэ,general,Средняя общеобразовательная школа № 2 с углублённым изучением отдельных предметов г. Улан-Удэ
RU,Россия,Улан-Удэ,general,Средняя общеобразовательная школа № 25
RU,Россия,Улан-Удэ,general,Средняя общеобразовательная школа № 32 г. Улан-Удэ
RU,Россия,Улан-Удэ,general,Средняя общеобразовательная школа № 40 г.Улан-Удэ
RU,Россия,Улан-Удэ,general,Средняя общеобразовательная школа № 49 г.Улан-Удэ
RU,Россия,Улан-Удэ,general,Средняя общеобразовательная школа № 52 г. Улан-Удэ
RU,Россия,Улан-Удэ,general,Средняя общеобразовательная школа № 57 г. Улан-Удэ
RU,Россия,Улан-Удэ,general,Средняя общеобразовательная школа № 60 социальной адаптации детей-инвалидов г. Улан-Удэ
RU,Россия,Улан-Удэ,general,Средняя общеобразовательная школа № 63 г. Улан-Удэ
RU,Россия,Улан-Удэ,general,Средняя общеобразовательная школа № 65
RU,Россия,Улан-Удэ,general,Средняя общеобразовательная школа № 8 г.Улан-Удэ
RU,Россия,Улан-Удэ,general,Средняя общеобразовательная школа №38
RU,Россия,Улан-Удэ,general,Средняя общеобразовательная школа №48
RU,Россия,Улан-Удэ,general,Средняя общеобразовательное учреждение № 44
RU,Россия,Улан-Удэ,general,Средняя школа
RU,Россия,Улан-Удэ,general,Средняя школа Поселья
RU,Россия,Улан-Удэ,general,Средняя школа Хойтобэе
RU,Россия,Улан-Удэ,general,Средняя школа №1
RU,Россия,Улан-Удэ,general,Средняя школа №108
RU,Россия,Улан-Удэ,general,Средняя школа №12
RU,Россия,Улан-Удэ,general,Средняя школа №13
RU,Россия,Улан-Удэ,general,Средняя школа №17
RU,Россия,Улан-Удэ,general,Средняя школа №18
RU,Россия,Улан-Удэ,general,Средняя школа №19
RU,Россия,Улан-Удэ,general,Средняя школа №2
RU,Россия,Улан-Удэ,general,Средняя школа №20
RU,Россия,Улан-Удэ,general,Средняя школа №22
RU,Россия,Улан-Удэ,general,Средняя школа №26
RU,Россия,Улан-Удэ,general,Средняя школа №31 им. П.Т. Харитонова
RU,Россия,Улан-Удэ,general,Средняя школа №32
RU,Россия,Улан-Удэ,general,Средняя школа №35
RU,Россия,Улан-Удэ,general,Средняя школа №36
RU,Россия,Улан-Удэ,general,Средняя школа №37
RU,Россия,Улан-Удэ,general,Средняя школа №4
RU,Россия,Улан-Удэ,general,Средняя школа №40
RU,Россия,Улан-Удэ,general,Средняя школа №41
RU,Россия,Улан-Удэ,general,Средняя школа №42
RU,Россия,Улан-Удэ,general,Средняя школа №43
RU,Россия,Улан-Удэ,general,Средняя школа №44
RU,Россия,Улан-Удэ,general,Средняя школа №46
RU,Россия,Улан-Удэ,general,Средняя школа №47
RU,Россия,Улан-Удэ,general,Средняя школа №49
RU,Россия,Улан-Удэ,general,Средняя школа №5
RU,Россия,Улан-Удэ,general,Средняя школа №50
RU,Россия,Улан-Удэ,general,Средняя школа №51
RU,Россия,Улан-Удэ,general,Средняя школа №52
RU,Россия,Улан-Удэ,general,Средняя школа №54
RU,Россия,Улан-Удэ,general,Средняя школа №55
RU,Россия,Улан-Удэ,general,Средняя школа №58
RU,Россия,Улан-Удэ,general,Средняя школа №63
RU,Россия,Улан-Удэ,general,Средняя школа №64
RU,Россия,Улан-Удэ,general,Средняя школа №7
RU,Россия,Улан-Удэ,general,Средняя школа №8
RU,Россия,Улан-Удэ,general,Средняя школа №9
RU,Россия,Улан-Удэ,general,Средняя школа №92
RU,Россия,Улан-Удэ,general,Старо-Татауровская средняя школа
RU,Россия,Улан-Удэ,general,Степно-Дворецкая основная школа
RU,Россия,Улан-Удэ,general,Субуктуйская основная школа
RU,Россия,Улан-Удэ,general,Сужинская средняя школа
RU,Россия,Улан-Удэ,general,Сухинская средняя школа
RU,Россия,Улан-Удэ,general,Талецкая средняя школа
RU,Россия,Улан-Удэ,general,Таловская средняя школа
RU,Россия,Улан-Удэ,general,Тапхарская средняя школа
RU,Россия,Улан-Удэ,general,Тарбагатайская средняя школа
RU,Россия,Улан-Удэ,general,Татауровская средняя школа
RU,Россия,Улан-Удэ,general,Толтойская средняя школа
RU,Россия,Улан-Удэ,general,Торская средняя школа
RU,Россия,Улан-Удэ,general,Тункинская средняя школа
RU,Россия,Улан-Удэ,general,Туранская средняя школа
RU,Россия,Улан-Удэ,general,Туркинская средняя школа
RU,Россия,Улан-Удэ,general,Турунтаевская средняя школа №1
RU,Россия,Улан-Удэ,general,Убур-Дзокойская основная школа
RU,Россия,Улан-Удэ,general,Улюкчиканская основная школа
RU,Россия,Улан-Удэ,general,Улюнская средняя школа
RU,Россия,Улан-Удэ,general,Усть-Баргузинская средняя школа
RU,Россия,Улан-Удэ,general,Усть-Кяхтинская средняя школа
RU,Россия,Улан-Удэ,general,Физико-математическая школа №56
RU,Россия,Улан-Удэ,general,Харбятская основная школа
RU,Россия,Улан-Удэ,general,Харганатская средняя школа
RU,Россия,Улан-Удэ,general,Харлунская начальная школа
RU,Россия,Улан-Удэ,general,Хилганайская средняя школа
RU,Россия,Улан-Удэ,general,Хойтогольская средняя школа
RU,Россия,Улан-Удэ,general,Хоронхойская средняя школа
RU,Россия,Улан-Удэ,general,Хужирская основная школа
RU,Россия,Улан-Удэ,general,Цаган-Усунская основная школа
RU,Россия,Улан-Удэ,general,Чикойская средняя школа
RU,Россия,Улан-Удэ,general,Шергинская средняя школа
RU,Россия,Улан-Удэ,general,Шигаевская средняя школа
RU,Россия,Улан-Удэ,general,Эрхирикская средняя школа
RU,Россия,Улан-Удэ,university,Байкальский филиал — Гуманитарный институт
RU,Россия,Улан-Удэ,university,Байкальский экономико-правовой институт
RU,Россия,Улан-Удэ,university,Бурятская государственная сельскохозяйственная академия имени В.Р. Филиппова
RU,Россия,Улан-Удэ,university,Бурятский государственный университет имени Доржи Банзарова
RU,Россия,Улан-Удэ,university,Бурятский институт инфокоммуникаций (филиал)
RU,Россия,Улан-Удэ,university,Восточно-Сибирский государственный институт культуры
RU,Россия,Улан-Удэ,university,Восточно-Сибирский государственный университет технологий и управления
RU,Россия,Ульяновск,boarding,Школа-интернат для обучающихся с ограниченными возможностями здоровья №16
RU,Россия,Ульяновск,boarding,Школа-интернат для обучающихся с ограниченными возможностями здоровья №18
RU,Россия,Ульяновск,boarding,Школа-интернат для обучающихся с ограниченными возможностями здоровья №26
RU,Россия,Ульяновск,boarding,Школа-интернат для обучающихся с ограниченными возможностями здоровья №89
RU,Россия,Ульяновск,boarding,Школа-интернат для обучающихся с ограниченными возможностями здоровья №91
RU,Россия,Ульяновск,boarding,Школа-интернат №87
RU,Россия,Ульяновск,college,АМТ УлГУ Автомеханический техникум Ульяновского государственного университета
RU,Россия,Ульяновск,college,Большенагаткинский ТТиС Большенагаткинский техникум технологии и сервиса
RU,Россия,Ульяновск,college,КАТиБ Ульяновский ГАУ им. П.А. Столыпина Колледж агротехнологий и бизнеса Ульяновского государственного аграрного университета имен
RU,Россия,Ульяновск,college,КаТТ Карсунский технологический техникум
RU,Россия,Ульяновск,college,КМТ Карсунский медицинский техникум
RU,Россия,Ульяновск,college,КТТ Кузоватовский технологический техникум
RU,Россия,Ульяновск,college,КЭИ им. А.Н. Афанасьева УлГТУ Колледж экономики и информатики им. А.Н. Афанасьева Ульяновского государственного техничес
RU,Россия,Ульяновск,college,МК им. А.М. Поленова УлГУ Медицинский колледж им. А.М. Поленова Ульяновский государственный университет
RU,Россия,Ульяновск,college,МУ им. Г.И. Шадриной УлГУ Музыкальное училище им. Г.И. Шадриной Ульяновского государственного университета
RU,Россия,Ульяновск,college,РСХТ Рязановский сельскохозяйственный техникум
RU,Россия,Ульяновск,college,СТТ Старомайнский технологический техникум
RU,Россия,Ульяновск,college,УАвиаК-МЦК Ульяновский авиационный колледж — Межрегиональный центр компетенций
RU,Россия,Ульяновск,college,УКГиП Ульяновский колледж градостроительства и права
RU,Россия,Ульяновск,college,УККиИ Ульяновский колледж культуры и искусства
RU,Россия,Ульяновск,college,УМТ Ульяновский многопрофильный техникум
RU,Россия,Ульяновск,college,УПК Ульяновский педагогический колледж
RU,Россия,Ульяновск,college,УППК Ульяновский профессионально-политехнический колледж
RU,Россия,Ульяновск,college,УТЖТ Ульяновский техникум железнодорожного транспорта
RU,Россия,Ульяновск,college,УТОТиД Ульяновский техникум отраслевых технологий и дизайна
RU,Россия,Ульяновск,college,УУ(т)ОР Ульяновское училище (техникум) олимпийского резерва
RU,Россия,Ульяновск,college,УФК Ульяновский фармацевтический колледж
RU,Россия,Ульяновск,college,Частный КГиМС филиал г. Ульяновск Колледж государственной и муниципальной службы филиал в г. Ульяновск
RU,Россия,Ульяновск,college,Частный УКГЗ Ульяновский колледж гражданской защиты
RU,Россия,Ульяновск,college,Частный УТЭП Ульяновский техникум экономики и права
RU,Россия,Ульяновск,general,Архангельская средняя школа
RU,Россия,Ульяновск,general,Баратаевская средняя школа
RU,Россия,Ульяновск,general,Бирючевская основная школа
RU,Россия,Ульяновск,general,Большеключищенская средняя школа
RU,Россия,Ульяновск,general,Володарская средняя школа
RU,Россия,Ульяновск,general,Гимназия № 24
RU,Россия,Ульяновск,general,Гимназия № 34
RU,Россия,Ульяновск,general,Гимназия №21
RU,Россия,Ульяновск,general,Гимназия №6
RU,Россия,Ульяновск,general,Детская школа искусств №13
RU,Россия,Ульяновск,general,Зеленорощинская средняя школа
RU,Россия,Ульяновск,general,Карлинская средняя школа
RU,Россия,Ульяновск,general,Крестовогородищенская средняя школа
RU,Россия,Ульяновск,general,Криушинская средняя школа
RU,Россия,Ульяновск,general,Кротовская средняя школа
RU,Россия,Ульяновск,general,Лаишевская средняя школа
RU,Россия,Ульяновск,general,Луговская основная школа
RU,Россия,Ульяновск,general,Мариинская гимназия
RU,Россия,Ульяновск,general,"МБОУ ""гимназия № 30 ИМ. Железной Дивизии"""
RU,Россия,Ульяновск,general,МБОУ Гимназия № 33
RU,Россия,Ульяновск,general,МБОУ Гимназия № 79
RU,Россия,Ульяновск,general,Меловская основная школа
RU,Россия,Ульяновск,general,Мирновская средняя школа
RU,Россия,Ульяновск,general,Новоуренская средняя школа
RU,Россия,Ульяновск,general,ОГАОУ Многопрофильный Лицей № 20
RU,Россия,Ульяновск,general,Озерская средняя школа
RU,Россия,Ульяновск,general,Открытая школа №4
RU,Россия,Ульяновск,general,Отрадненская средняя школа
RU,Россия,Ульяновск,general,Охотничьевская средняя школа
RU,Россия,Ульяновск,general,Первомайская средняя школа
RU,Россия,Ульяновск,general,Плодовая средняя школа
RU,Россия,Ульяновск,general,Приволжская основная школа
RU,Россия,Ульяновск,general,Пригородная средняя школа
RU,Россия,Ульяновск,general,Пятисотенная средняя школа
RU,Россия,Ульяновск,general,Средняя школа № 42
RU,Россия,Ульяновск,general,Средняя школа № 46 имени И.С.Полбина
RU,Россия,Ульяновск,general,Средняя школа № 5 им.С.М.Кирова
RU,Россия,Ульяновск,general,Средняя школа № 52
RU,Россия,Ульяновск,general,Средняя школа № 6 им.И.Н.Ульянова
RU,Россия,Ульяновск,general,Средняя школа № 70
RU,Россия,Ульяновск,general,Средняя школа № 73
RU,Россия,Ульяновск,general,Средняя школа № 78 имени первого Президента республики Азербайджан Гейдара Алиева
RU,Россия,Ульяновск,general,Средняя школа № 86 имени контр-адмирала И.И.Вереникина
RU,Россия,Ульяновск,general,Средняя школа №10
RU,Россия,Ульяновск,general,Средняя школа №12
RU,Россия,Ульяновск,general,Средняя школа №15
RU,Россия,Ульяновск,general,Средняя школа №17
RU,Россия,Ульяновск,general,Средняя школа №22
RU,Россия,Ульяновск,general,Средняя школа №25
RU,Россия,Ульяновск,general,Средняя школа №27
RU,Россия,Ульяновск,general,Средняя школа №28
RU,Россия,Ульяновск,general,Средняя школа №29
RU,Россия,Ульяновск,general,Средняя школа №31
RU,Россия,Ульяновск,general,Средняя школа №35
RU,Россия,Ульяновск,general,Средняя школа №37
RU,Россия,Ульяновск,general,Средняя школа №4
RU,Россия,Ульяновск,general,Средняя школа №41
RU,Россия,Ульяновск,general,Средняя школа №46
RU,Россия,Ульяновск,general,Средняя школа №47
RU,Россия,Ульяновск,general,Средняя школа №48
RU,Россия,Ульяновск,general,Средняя школа №49
RU,Россия,Ульяновск,general,Средняя школа №5
RU,Россия,Ульяновск,general,Средняя школа №50
RU,Россия,Ульяновск,general,Средняя школа №51
RU,Россия,Ульяновск,general,Средняя школа №53
RU,Россия,Ульяновск,general,Средняя школа №55
RU,Россия,Ульяновск,general,Средняя школа №56
RU,Россия,Ульяновск,general,Средняя школа №57
RU,Россия,Ульяновск,general,Средняя школа №61
RU,Россия,Ульяновск,general,Средняя школа №62
RU,Россия,Ульяновск,general,Средняя школа №63
RU,Россия,Ульяновск,general,Средняя школа №64
RU,Россия,Ульяновск,general,Средняя школа №66
RU,Россия,Ульяновск,general,Средняя школа №69
RU,Россия,Ульяновск,general,Средняя школа №72
RU,Россия,Ульяновск,general,Средняя школа №74
RU,Россия,Ульяновск,general,Средняя школа №75
RU,Россия,Ульяновск,general,Средняя школа №76
RU,Россия,Ульяновск,general,Средняя школа №78
RU,Россия,Ульяновск,general,Средняя школа №8
RU,Россия,Ульяновск,general,Средняя школа №81
RU,Россия,Ульяновск,general,Средняя школа №82
RU,Россия,Ульяновск,general,Средняя школа №83
RU,Россия,Ульяновск,general,Средняя школа №85
RU,Россия,Ульяновск,general,Средняя школа №86
RU,Россия,Ульяновск,general,Тимирязевская средняя школа
RU,Россия,Ульяновск,general,Чердаклинская средняя школа №1
RU,Россия,Ульяновск,general,Чердаклинская средняя школа №2
RU,Россия,Ульяновск,general,Школа для обучающихся с ограниченными возможностями здоровья № 23
RU,Россия,Ульяновск,general,Школа-интернат для обучающихся с ограниченными возможностями здоровья № 87
RU,Россия,Ульяновск,general,Школа-интернат для обучающихся с ограниченными возможностями здоровья № 88 «Улыбка»
RU,Россия,Ульяновск,general,Школа №19
RU,Россия,Ульяновск,general,Школа №23
RU,Россия,Ульяновск,general,Школа №39
RU,Россия,Ульяновск,university,Поволжский казачий институт управления и пищевых технологий (филиал)
RU,Россия,Ульяновск,university,Ульяновский государственный аграрный университет имени П.А.Столыпина
RU,Россия,Ульяновск,university,Ульяновский государственный педагогический университет имени И. Н. Ульянова
RU,Россия,Ульяновск,university,Ульяновский государственный университет
RU,Россия,Ульяновск,university,Ульяновский институт гражданской авиации имени Главного маршала авиации Б.П. Бугаева
RU,Россия,Ульяновск,university,Ульяновский филиал
RU,Россия,Урай,general,МБОУ Гимназия Имени А.и.яковлева
RU,Россия,Урай,general,МБОУ СОШ № 12
RU,Россия,Урай,general,МБОУ СОШ № 4
RU,Россия,Урай,general,МБОУ СОШ № 5
RU,Россия,Урай,general,МБОУ СОШ № 6
RU,Россия,Урай,general,Урайская школа-интернат для обучающихся с ограниченными возможностями здоровья
RU,Россия,Урус-Мартан,general,Гимназия № 5 г. Урус-Мартан
RU,Россия,Урус-Мартан,general,Средняя общеобразовательная школа № 2 г. Урус-Мартан
RU,Россия,Урус-Мартан,general,Средняя общеобразовательная школа № 7 г. Урус-Мартан
RU,Россия,Урус-Мартан,general,СРЕДНЯЯ ОБЩЕОБРАЗОВАТЕЛЬНАЯ ШКОЛА № 8 ИМ АРБИ ВАХАЕВА
RU,Россия,Урус-Мартан,general,Средняя общеобразовательная школа №10
RU,Россия,Урус-Мартан,general,Средняя общеобразовательная школа №9
RU,Россия,Урус-Мартан,general,Средняя школа № 4 г. Урус-Мартан
RU,Россия,Урус-Мартан,general,Средняя школа №1
RU,Россия,Урус-Мартан,general,Средняя школа №11
RU,Россия,Урус-Мартан,general,Средняя школа №2
RU,Россия,Урус-Мартан,general,Средняя школа №3
RU,Россия,Урус-Мартан,general,Средняя школа №4
RU,Россия,Урус-Мартан,general,Средняя школа №5
RU,Россия,Урус-Мартан,general,Средняя школа №6
RU,Россия,Урус-Мартан,general,Средняя школа №7
RU,Россия,Урус-Мартан,general,Средняя школа №8
RU,Россия,Усолье-Сибирское,college,БПК им. Д. Банзарова Боханский педагогический колледж им. Д. Банзарова
RU,Россия,Усолье-Сибирское,college,Филиал ИРНИТУ в г. Усолье-Сибирском Филиал Иркутского национального исследовательского технического университета в г.Усолье-Си
RU,Россия,Усолье-Сибирское,general,Гимназия № 1
RU,Россия,Усолье-Сибирское,general,Гимназия № 9
RU,Россия,Усолье-Сибирское,general,Коррекционная школа №1
RU,Россия,Усолье-Сибирское,general,Лицей № 1
RU,Россия,Усолье-Сибирское,general,Основная школа №8
RU,Россия,Усолье-Сибирское,general,Санаторная школа-интернат № 4 г. Усолье-Сибирское
RU,Россия,Усолье-Сибирское,general,Средняя общеобразовательная школа № 12
RU,Россия,Усолье-Сибирское,general,Средняя общеобразовательная школа № 13
RU,Россия,Усолье-Сибирское,general,Средняя общеобразовательная школа № 15
RU,Россия,Усолье-Сибирское,general,Средняя общеобразовательная школа № 16
RU,Россия,Усолье-Сибирское,general,Средняя общеобразовательная школа № 17
RU,Россия,Усолье-Сибирское,general,Средняя общеобразовательная школа № 2
RU,Россия,Усолье-Сибирское,general,Средняя общеобразовательная школа № 3
RU,Россия,Усолье-Сибирское,general,Средняя общеобразовательная школа № 5
RU,Россия,Усолье-Сибирское,general,Средняя общеобразовательная школа № 6
RU,Россия,Усолье-Сибирское,general,Средняя школа №10
RU,Россия,Усть-Лабинск,general,ГКОУ Школа № 29 Г. Усть-Лабинска
RU,Россия,Усть-Лабинск,general,ГКОУ Школа № 35 Г. Усть-Лабинска
RU,Россия,Усть-Лабинск,general,Коррекционная школа №29
RU,Россия,Усть-Лабинск,general,Коррекционная школа №35
RU,Россия,Усть-Лабинск,general,МБОУ Гимназия № 5 Имени Девяти Героев Второй Мировой Войны Г.усть-Лабинска
RU,Россия,Усть-Лабинск,general,МБОУ СОШ № 1 Имени А.В. Суворова
RU,Россия,Усть-Лабинск,general,МБОУ СОШ № 6 ИМ. И.т.сидоренко
RU,Россия,Усть-Лабинск,general,Средняя школа №1
RU,Россия,Усть-Лабинск,general,Средняя школа №2
RU,Россия,Усть-Лабинск,general,Средняя школа №3
RU,Россия,Усть-Лабинск,general,Средняя школа №36
RU,Россия,Усть-Лабинск,general,Средняя школа №4
RU,Россия,Усть-Лабинск,general,Средняя школа №6
RU,Россия,Уфа,boarding,Уруссинская школа-интернат
RU,Россия,Уфа,boarding,Уруссинская школа-интернат для детей с ограниченными возможностями здоровья
RU,Россия,Уфа,boarding,Уфимская коррекционная школа-интернат №13 для обучающихся с нарушениями опорно-двигательного аппарата
RU,Россия,Уфа,boarding,Уфимская коррекционная школа-интернат №28 для слепых и слабовидящих обучающихся
RU,Россия,Уфа,boarding,Уфимская коррекционная школа-интернат №30 для глухих и слабослышащих обучающихся
RU,Россия,Уфа,boarding,Уфимская коррекционная школа-интернат №59 для обучающихся с ограниченными возможностями здоровья
RU,Россия,Уфа,boarding,Уфимская коррекционная школа-интернат №63 для обучающихся с ограниченными возможностями здоровья
RU,Россия,Уфа,boarding,Уфимская коррекционная школа-интернат №92 для обучающихся с ограниченными возможностями здоровья
RU,Россия,Уфа,general,Абсалямовская основная школа
RU,Россия,Уфа,general,Башкирская гимназия № 158 имени Мустая Карима
RU,Россия,Уфа,general,ГБОУ УКШИ № 28 ДЛЯ Слепых И Слабовидящих Обучающихся
RU,Россия,Уфа,general,ГБОУ УКШИ № 30 ДЛЯ Глухих И Слабослышащих Обучающихся
RU,Россия,Уфа,general,"ГБОУ Уфимская Коррекционная Школа-Интернат № 63, ГБОУ Уфимская КШИ № 63, ГБОУ УКШИ № 63"
RU,Россия,Уфа,general,ГБОУ Уфимская КШ № 120 ДЛЯ Обучающихся С ЗПР
RU,Россия,Уфа,general,ГБОУ Уфимская КШ № 138 ДЛЯ Обучающихся С Ограниченными Возможностями Здоровья
RU,Россия,Уфа,general,ГБОУ Уфимская Школа-Интернат № 13
RU,Россия,Уфа,general,Гимназия № 82
RU,Россия,Уфа,general,Коррекционная школа №120
RU,Россия,Уфа,general,Коррекционная школа №138
RU,Россия,Уфа,general,Лицей № 107
RU,Россия,Уфа,general,Лицей № 123
RU,Россия,Уфа,general,Лицей № 161
RU,Россия,Уфа,general,Лицей №1
RU,Россия,Уфа,general,"МАОУ ""лицей № 1"""
RU,Россия,Уфа,general,МАОУ Школа № 126
RU,Россия,Уфа,general,МАОУ Школа № 130
RU,Россия,Уфа,general,МАОУ Школа № 131
RU,Россия,Уфа,general,МАОУ Школа № 132
RU,Россия,Уфа,general,МАОУ Школа № 61
RU,Россия,Уфа,general,МАОУ Школа № 71
RU,Россия,Уфа,general,МАОУ Школа № 88
RU,Россия,Уфа,general,Начальная школа
RU,Россия,Уфа,general,Новошкола
RU,Россия,Уфа,general,Основная школа
RU,Россия,Уфа,general,Основная школа с. Старонадеждино
RU,Россия,Уфа,general,Русская классическая школа №1
RU,Россия,Уфа,general,Серафимовская спецшкола
RU,Россия,Уфа,general,Средняя общеобразовательная школа
RU,Россия,Уфа,general,Средняя общеобразовательная школа д. Юматово муниципального района Уфимский район республики Башкортостан
RU,Россия,Уфа,general,Средняя общеобразовательная школа им. героя Советского Союза А.М. Алымова
RU,Россия,Уфа,general,Средняя общеобразовательная школа №23
RU,Россия,Уфа,general,Средняя школа
RU,Россия,Уфа,general,Средняя школа с. Суслово
RU,Россия,Уфа,general,Средняя школа №1
RU,Россия,Уфа,general,Средняя школа №108
RU,Россия,Уфа,general,Средняя школа №112
RU,Россия,Уфа,general,Средняя школа №113
RU,Россия,Уфа,general,Средняя школа №14
RU,Россия,Уфа,general,Средняя школа №156
RU,Россия,Уфа,general,Средняя школа №157
RU,Россия,Уфа,general,Средняя школа №17
RU,Россия,Уфа,general,Средняя школа №2
RU,Россия,Уфа,general,Средняя школа №3
RU,Россия,Уфа,general,Средняя школа №4
RU,Россия,Уфа,general,Средняя школа №5
RU,Россия,Уфа,general,Средняя школа №7
RU,Россия,Уфа,general,Строящаяся школа
RU,Россия,Уфа,general,Уруссинская средняя школа №2
RU,Россия,Уфа,general,Уруссинская средняя школа №3
RU,Россия,Уфа,general,Школа 3000
RU,Россия,Уфа,general,Школа успеха
RU,Россия,Уфа,general,Школа № 101 с углубленным изучением экономики
RU,Россия,Уфа,general,Школа №100
RU,Россия,Уфа,general,Школа №101
RU,Россия,Уфа,general,Школа №103
RU,Россия,Уфа,general,Школа №104
RU,Россия,Уфа,general,Школа №109
RU,Россия,Уфа,general,Школа №110
RU,Россия,Уфа,general,Школа №116
RU,Россия,Уфа,general,Школа №117
RU,Россия,Уфа,general,Школа №118
RU,Россия,Уфа,general,Школа №119
RU,Россия,Уфа,general,Школа №125
RU,Россия,Уфа,general,Школа №127
RU,Россия,Уфа,general,Школа №128
RU,Россия,Уфа,general,Школа №129
RU,Россия,Уфа,general,Школа №137
RU,Россия,Уфа,general,Школа №141
RU,Россия,Уфа,general,Школа №145
RU,Россия,Уфа,general,Школа №147
RU,Россия,Уфа,general,Школа №18
RU,Россия,Уфа,general,Школа №19
RU,Россия,Уфа,general,Школа №22
RU,Россия,Уфа,general,Школа №24
RU,Россия,Уфа,general,Школа №27
RU,Россия,Уфа,general,Школа №31
RU,Россия,Уфа,general,Школа №34
RU,Россия,Уфа,general,Школа №36
RU,Россия,Уфа,general,Школа №37
RU,Россия,Уфа,general,Школа №38
RU,Россия,Уфа,general,Школа №41
RU,Россия,Уфа,general,Школа №45
RU,Россия,Уфа,general,Школа №49
RU,Россия,Уфа,general,Школа №55
RU,Россия,Уфа,general,Школа №56
RU,Россия,Уфа,general,Школа №70
RU,Россия,Уфа,general,Школа №74
RU,Россия,Уфа,general,Школа №75
RU,Россия,Уфа,general,Школа №78
RU,Россия,Уфа,general,Школа №79
RU,Россия,Уфа,general,Школа №8
RU,Россия,Уфа,general,Школа №80
RU,Россия,Уфа,general,Школа №85
RU,Россия,Уфа,general,Школа №87
RU,Россия,Уфа,general,Школа №9
RU,Россия,Уфа,general,Школа №97
RU,Россия,Уфа,general,Школа №98
RU,Россия,Уфа,general,Школа №99
RU,Россия,Уфа,university,Башкирская академия государственной службы и управления при Главе Республики Башкортостан
RU,Россия,Уфа,university,Башкирский государственный аграрный университет
RU,Россия,Уфа,university,Башкирский государственный медицинский университет
RU,Россия,Уфа,university,Башкирский государственный педагогический университет им. М. Акмуллы
RU,Россия,Уфа,university,Башкирский институт социальных технологий (филиал)
RU,Россия,Уфа,university,Башкирский институт физической культуры (филиал)
RU,Россия,Уфа,university,Башкирский кооперативный институт (филиал)
RU,Россия,Уфа,university,Восточная экономико-юридическая гуманитарная академия
RU,Россия,Уфа,university,Уфимский государственный институт искусств имени Загира Исмагилова
RU,Россия,Уфа,university,Уфимский государственный нефтяной технический университет
RU,Россия,Уфа,university,УФИМСКИЙ УНИВЕРСИТЕТ НАУКИ И ТЕХНОЛОГИЙ
RU,Россия,Уфа,university,Уфимский филиал
RU,Россия,Феодосия,boarding,Феодосийская школа-интернат
RU,Россия,Феодосия,college,Колледж КГМТУ филиал в г. Феодосия Колледж Керченского государственного морского технологического университета филиал в г. Фе
RU,Россия,Феодосия,college,ППТ Приморский профессиональный техникум
RU,Россия,Феодосия,college,ФПТ Феодосийский политехнический техникум
RU,Россия,Феодосия,college,ФТСКС Феодосийский техникум строительства и курортного сервиса
RU,Россия,Феодосия,general,Специализированная школа №1
RU,Россия,Феодосия,general,Специализированная школа №2
RU,Россия,Феодосия,general,Спортивная школа №2
RU,Россия,Феодосия,general,Средняя школа №17
RU,Россия,Феодосия,general,Школа №10
RU,Россия,Феодосия,general,Школа №12
RU,Россия,Феодосия,general,Школа №13
RU,Россия,Феодосия,general,Школа №19
RU,Россия,Феодосия,general,Школа №3
RU,Россия,Феодосия,general,Школа №9
RU,Россия,Фрязино,general,Средняя общеобразовательная школа №4
RU,Россия,Фрязино,general,Средняя школа №1
RU,Россия,Фрязино,general,Средняя школа №2
RU,Россия,Фрязино,general,Средняя школа №3
RU,Россия,Фрязино,general,Средняя школа №5
RU,Россия,Хабаровск,college,ВМК (ЦПК) Ванинский межотраслевой колледж (Центр подготовки кадров)
RU,Россия,Хабаровск,college,Колледж ДВИУ РАНХиГС Колледж Дальневосточного института управления
RU,Россия,Хабаровск,college,Колледж ДВФ РГУП Колледж Дальневосточного филиала Российского государственного университета правосудия имен
RU,Россия,Хабаровск,college,Медико-фармацевтический колледж ДВГМУ Медико-фармацевтический колледж Дальневосточного государственного медицинского университет
RU,Россия,Хабаровск,college,"Хабаровский филиал им. Б.Г. Езерского СПбГУ ГА Хабаровский филиал имени Б.Г. Езерского ""Санкт-Петербургский государственный университет г"
RU,Россия,Хабаровск,college,ХАМК Хабаровский автомеханический колледж
RU,Россия,Хабаровск,college,ХАТ Хорский агропромышленный техникум
RU,Россия,Хабаровск,college,ХГМК Хабаровский государственный медицинский колледж имени Г.С. Макарова
RU,Россия,Хабаровск,college,ХДСТ Хабаровский дорожно-строительный техникум
RU,Россия,Хабаровск,college,ХКВТП Хабаровский колледж водного транспорта и промышленности
RU,Россия,Хабаровск,college,ХККИ Хабаровский краевой колледж искусств
RU,Россия,Хабаровск,college,ХКОТСО Хабаровский колледж отраслевых технологий и сферы обслуживания
RU,Россия,Хабаровск,college,ХПК им. Д.Л. Калараша Хабаровский педагогический колледж имени Героя Советского Союза Д.Л. Калараша
RU,Россия,Хабаровск,college,ХПЭТ Хабаровский промышленно-экономический техникум
RU,Россия,Хабаровск,college,ХТГИПП Хабаровский техникум городской инфраструктуры и промышленного производства
RU,Россия,Хабаровск,college,ХТК Хабаровский технический колледж
RU,Россия,Хабаровск,college,ХТК Хабаровский технологический колледж
RU,Россия,Хабаровск,college,ХТТБПТ Хабаровский техникум техносферной безопасности и промышленных технологий
RU,Россия,Хабаровск,college,ХТТТ им. А.С. Панова Хабаровский техникум транспортных технологий имени Героя Советского Союза А.С. Панова
RU,Россия,Хабаровск,college,ХТЭТ Хабаровский торгово-экономический техникум
RU,Россия,Хабаровск,college,Частный Колледж КДН Международный финансово-промышленный колледж дружбы народов
RU,Россия,Хабаровск,general,Академический лицей
RU,Россия,Хабаровск,general,Волочаевский лицей
RU,Россия,Хабаровск,general,Основная общеобразовательная школа с. Матвеевка Хабаровского муниципального района Хабаровского края
RU,Россия,Хабаровск,general,Средняя общеобразовательная школа им. Героя Советского Союза В.В. Орехова
RU,Россия,Хабаровск,general,Средняя общеобразовательная школа им. И. А. Пришкольника
RU,Россия,Хабаровск,general,Средняя общеобразовательная школа с. Гаровка-1
RU,Россия,Хабаровск,general,Средняя общеобразовательная школа с.Гаровка-2 Хабаровского муниципального района Хабаровского края
RU,Россия,Хабаровск,general,Средняя общеобразовательная школа с. Ильинка
RU,Россия,Хабаровск,general,Средняя общеобразовательная школа с. Корсаково-1
RU,Россия,Хабаровск,general,Средняя общеобразовательная школа с.Мирное
RU,Россия,Хабаровск,general,Средняя общеобразовательная школа с. Мичуринское им. Владимира Клавдиевича Арсеньева Хабаровского муниципального района Хабаровского края
RU,Россия,Хабаровск,general,Средняя общеобразовательная школа с.Ракитное
RU,Россия,Хабаровск,general,Средняя общеобразовательная школа с. Тополево им. героя Советского Союза П.Я. Грищенко
RU,Россия,Хабаровск,general,Средняя школа №1
RU,Россия,Хабаровск,general,Средняя школа №10
RU,Россия,Хабаровск,general,Средняя школа №11
RU,Россия,Хабаровск,general,Средняя школа №12
RU,Россия,Хабаровск,general,Средняя школа №13
RU,Россия,Хабаровск,general,Средняя школа №15
RU,Россия,Хабаровск,general,Средняя школа №16
RU,Россия,Хабаровск,general,Средняя школа №18
RU,Россия,Хабаровск,general,Средняя школа №19
RU,Россия,Хабаровск,general,Средняя школа №2
RU,Россия,Хабаровск,general,Средняя школа №23
RU,Россия,Хабаровск,general,Средняя школа №24
RU,Россия,Хабаровск,general,Средняя школа №26
RU,Россия,Хабаровск,general,Средняя школа №27
RU,Россия,Хабаровск,general,Средняя школа №29
RU,Россия,Хабаровск,general,Средняя школа №3
RU,Россия,Хабаровск,general,Средняя школа №30
RU,Россия,Хабаровск,general,Средняя школа №32
RU,Россия,Хабаровск,general,Средняя школа №33
RU,Россия,Хабаровск,general,Средняя школа №35
RU,Россия,Хабаровск,general,Средняя школа №38
RU,Россия,Хабаровск,general,Средняя школа №39
RU,Россия,Хабаровск,general,Средняя школа №4
RU,Россия,Хабаровск,general,Средняя школа №40 им. Г.К. Жукова
RU,Россия,Хабаровск,general,Средняя школа №43
RU,Россия,Хабаровск,general,Средняя школа №44
RU,Россия,Хабаровск,general,Средняя школа №46
RU,Россия,Хабаровск,general,Средняя школа №47 им. В.А. Тамгина
RU,Россия,Хабаровск,general,Средняя школа №49
RU,Россия,Хабаровск,general,Средняя школа №5
RU,Россия,Хабаровск,general,Средняя школа №51
RU,Россия,Хабаровск,general,Средняя школа №52
RU,Россия,Хабаровск,general,Средняя школа №56
RU,Россия,Хабаровск,general,Средняя школа №58
RU,Россия,Хабаровск,general,Средняя школа №6
RU,Россия,Хабаровск,general,Средняя школа №62
RU,Россия,Хабаровск,general,Средняя школа №66
RU,Россия,Хабаровск,general,Средняя школа №67
RU,Россия,Хабаровск,general,Средняя школа №68
RU,Россия,Хабаровск,general,Средняя школа №7
RU,Россия,Хабаровск,general,Средняя школа №70
RU,Россия,Хабаровск,general,Средняя школа №72
RU,Россия,Хабаровск,general,Средняя школа №76
RU,Россия,Хабаровск,general,Средняя школа №77
RU,Россия,Хабаровск,general,Средняя школа №8
RU,Россия,Хабаровск,general,Средняя школа №80
RU,Россия,Хабаровск,general,Средняя школа №83
RU,Россия,Хабаровск,general,Средняя школа №85
RU,Россия,Хабаровск,general,Средняя школа №87
RU,Россия,Хабаровск,general,Средняя школа №9
RU,Россия,Хабаровск,general,Школа
RU,Россия,Хабаровск,general,Школа МЧС
RU,Россия,Хабаровск,general,Школа-сад №22
RU,Россия,Хабаровск,general,Школа-сад №9
RU,Россия,Ханты-Мансийск,college,ИПК Игримский политехнический колледж
RU,Россия,Ханты-Мансийск,college,МАК Междуреченский агропромышленный колледж
RU,Россия,Ханты-Мансийск,college,ЦИОДС Колледж - интернат Центр искусств для одарённых детей Севера
RU,Россия,Ханты-Мансийск,college,Частный ХМТПК Ханты-Мансийский технолого-педагогический колледж
RU,Россия,Ханты-Мансийск,general,Средняя общеобразовательная школа с углубленным изучением отдельных предметов №3
RU,Россия,Ханты-Мансийск,general,Средняя общеобразовательная школа №1 им. Ю.Г. Созонова
RU,Россия,Ханты-Мансийск,general,Средняя общеобразовательная школа №2
RU,Россия,Ханты-Мансийск,general,Средняя общеобразовательная школа №4
RU,Россия,Ханты-Мансийск,general,Средняя общеобразовательная школа №5
RU,Россия,Ханты-Мансийск,general,Средняя общеобразовательная школа №6 им. Н.И. Сирина
RU,Россия,Ханты-Мансийск,general,Средняя общеобразовательная школа №8
RU,Россия,Ханты-Мансийск,general,Средняя общеобразовательная школа №9
RU,Россия,Ханты-Мансийск,general,Ханты-Мансийская школа для обучающихся с ограниченными возможностями здоровья
RU,Россия,Хасавюрт,boarding,Спортшкола-интернат им. А.А. Джамалдинова
RU,Россия,Хасавюрт,college,КИТ Колледж инновационных технологий
RU,Россия,Хасавюрт,college,Колледж ДГУ в г. Хасавюрт Колледж Дагестанского государственного университета в г. Хасавюрт
RU,Россия,Хасавюрт,college,КСУ Колледж сферы услуг г. Хасавюрт
RU,Россия,Хасавюрт,college,ППК им. З.Н. Батырмурзаева Профессионально-педагогический колледж имени З.Н. Батырмурзаева
RU,Россия,Хасавюрт,college,УОР г. Хасавюрт Училище олимпийского резерва г. Хасавюрт
RU,Россия,Хасавюрт,college,"Частный Колледж Академия ТОП Хасавюрт Приемная комиссия АНО ПОО Московский международный колледж цифровых технологий ""Академия Т"
RU,Россия,Хасавюрт,college,Частный Медицинский колледж г. Хасавюрт Медицинский колледж г. Хасавюрт
RU,Россия,Хасавюрт,college,Частный Медицинский колледж имени Башларова в г. Хасавюрт Медицинский колледж имени Башларова в г. Хасавюрт
RU,Россия,Хасавюрт,college,"Частный НЧПОУ ""МК"" Многопрофильный колледж"
RU,Россия,Хасавюрт,general,Гимназия №3
RU,Россия,Хасавюрт,general,Новомехельтинская средняя школа
RU,Россия,Хасавюрт,general,Спортивная школа олимпийского резерва им. братьев Ирбайхановых
RU,Россия,Хасавюрт,general,Средняя общеобразовательная школа №8
RU,Россия,Хасавюрт,general,Средняя школа
RU,Россия,Хасавюрт,general,Средняя школа №10
RU,Россия,Хасавюрт,general,Средняя школа №11
RU,Россия,Хасавюрт,general,Средняя школа №12
RU,Россия,Хасавюрт,general,Средняя школа №14
RU,Россия,Хасавюрт,general,Средняя школа №15
RU,Россия,Хасавюрт,general,Средняя школа №16
RU,Россия,Хасавюрт,general,Средняя школа №17
RU,Россия,Хасавюрт,general,Средняя школа №19
RU,Россия,Хасавюрт,general,Средняя школа №2
RU,Россия,Хасавюрт,general,Средняя школа №3
RU,Россия,Хасавюрт,general,Средняя школа №4
RU,Россия,Хасавюрт,general,Средняя школа №5
RU,Россия,Хасавюрт,general,Средняя школа №7
RU,Россия,Хасавюрт,general,Средняя школа №9
RU,Россия,Хасавюрт,private,Частная школа-садик
RU,Россия,Химки,general,Академическая гимназия
RU,Россия,Химки,general,"ГАОУ МО ""химкинский Лицей"""
RU,Россия,Химки,general,Гимназия №23
RU,Россия,Химки,general,Доброшкола
RU,Россия,Химки,general,Екатерининский лицей
RU,Россия,Химки,general,Кадетский корпус
RU,Россия,Химки,general,МАОУ Лицей № 21 Г. Химки
RU,Россия,Химки,general,МБОУ Гимназия № 23 Г. Химки
RU,Россия,Химки,general,МБОУ Гимназия № 9 Г. Химки
RU,Россия,Химки,general,МБОУ Лицей № 10 Г. Химки
RU,Россия,Химки,general,МБОУ Лицей № 12 Г. Химки
RU,Россия,Химки,general,МБОУ Лицей № 7 Г.химки
RU,Россия,Химки,general,МБОУ Лунёвская СОШ
RU,Россия,Химки,general,МБОУ СОШ № 1 Г. Химки
RU,Россия,Химки,general,МБОУ СОШ № 20 Г. Химки
RU,Россия,Химки,general,МБОУ СОШ № 29 Г Химки
RU,Россия,Химки,general,МБОУ СОШ № 30 Г.химки
RU,Россия,Химки,general,"МБОУ ""школа Равных Возможностей"""
RU,Россия,Химки,general,Открытая школа 360
RU,Россия,Химки,general,Современная школа
RU,Россия,Химки,general,Средняя школа №1
RU,Россия,Химки,general,Средняя школа №14
RU,Россия,Химки,general,Средняя школа №19
RU,Россия,Химки,general,Средняя школа №20
RU,Россия,Химки,general,Средняя школа №29
RU,Россия,Химки,general,Средняя школа №30
RU,Россия,Химки,general,Средняя школа №8
RU,Россия,Химки,general,Тридцать первая школа
RU,Россия,Химки,university,Московский государственный институт культуры
RU,Россия,Химки,university,Российская международная академия туризма
RU,Россия,Чайковский,college,ЧИК Чайковский индустриальный колледж
RU,Россия,Чайковский,college,ЧМК Чайковский медицинский колледж
RU,Россия,Чайковский,college,ЧМУ Чайковское музыкальное училище
RU,Россия,Чайковский,college,ЧТПТиУ Чайковский техникум промышленных технологий и управления
RU,Россия,Чайковский,general,МКОУ Чайковская СОШ
RU,Россия,Чебоксары,boarding,Кугесьская общеобразовательная школа-интернат
RU,Россия,Чебоксары,boarding,Чебоксарская школа-интернат
RU,Россия,Чебоксары,college,Частный Колледж Академия ТОП Чебоксары Филиал колледжа «Академия ТОП Чебоксары»
RU,Россия,Чебоксары,college,Частный Колледж ЧКИ РУК Колледж Чебоксарского кооперативного института (филиала) Российского университета кооперац
RU,Россия,Чебоксары,college,Частный Сингулярити Хаб Сингулярити Хаб (Singularity)
RU,Россия,Чебоксары,college,Частный ЧМУ им. Ф.П. Павлова Чебоксарское музыкальное училище имени Ф.П. Павлова
RU,Россия,Чебоксары,college,Чебоксарский техникум ТрансСтройТех Чебоксарский техникум транспортных и строительных технологий
RU,Россия,Чебоксары,college,Чебоксарское УОР имени В.М. Краснова Чебоксарское училище олимпийского резерва имени В.М.Краснова
RU,Россия,Чебоксары,college,ЧКТ Чебоксарский кооперативный техникум
RU,Россия,Чебоксары,college,ЧМК Чебоксарский медицинский колледж
RU,Россия,Чебоксары,college,ЧПК им. Н.В. Никольского Чебоксарский профессиональный колледж имени Н.В. Никольского
RU,Россия,Чебоксары,college,ЧТСГХ Чебоксарский техникум строительства и городского хозяйства
RU,Россия,Чебоксары,college,ЧТТПиК Чебоксарский техникум технологии питания и коммерции
RU,Россия,Чебоксары,college,ЧувГУ Отделение среднего профессионального образования Чувашского государственного университета
RU,Россия,Чебоксары,college,ЧФ РАНХиГС Колледж Чебоксарского филиала РАНХиГС
RU,Россия,Чебоксары,college,ЧХУ Чебоксарское художественное училище
RU,Россия,Чебоксары,college,ЧЭМК Чебоксарский электромеханический колледж
RU,Россия,Чебоксары,college,ЧЭТК Чебоксарский экономико-технологический колледж
RU,Россия,Чебоксары,general,Абашевская средняя школа
RU,Россия,Чебоксары,general,Анат-Кинярская средняя школа
RU,Россия,Чебоксары,general,Атлашевская средняя школа
RU,Россия,Чебоксары,general,Большекатрасьская средняя школа
RU,Россия,Чебоксары,general,Вурман-Сюктерская средняя школа
RU,Россия,Чебоксары,general,Гимназия № 46
RU,Россия,Чебоксары,general,Гимназия № 5
RU,Россия,Чебоксары,general,Заволжская средняя школа
RU,Россия,Чебоксары,general,Ишлейская средняя школа
RU,Россия,Чебоксары,general,Кугесьская средняя школа №1
RU,Россия,Чебоксары,general,Лицей № 4
RU,Россия,Чебоксары,general,Лицей № 44
RU,Россия,Чебоксары,general,Начальная школа №1
RU,Россия,Чебоксары,general,Начальная школа №2
RU,Россия,Чебоксары,general,Покровская Школа
RU,Россия,Чебоксары,general,Синьял-Покровская средняя школа
RU,Россия,Чебоксары,general,Синьяльская основная школа
RU,Россия,Чебоксары,general,Средняя общеобразовательная школа № 1
RU,Россия,Чебоксары,general,Средняя общеобразовательная школа № 11
RU,Россия,Чебоксары,general,Средняя общеобразовательная школа № 19
RU,Россия,Чебоксары,general,Средняя общеобразовательная школа № 20
RU,Россия,Чебоксары,general,Средняя общеобразовательная школа № 28
RU,Россия,Чебоксары,general,Средняя общеобразовательная школа № 33 имени Героя России сержанта Н.В. Смирнова
RU,Россия,Чебоксары,general,Средняя общеобразовательная школа № 35 с углубленным изучением отдельных предметов
RU,Россия,Чебоксары,general,Средняя общеобразовательная школа № 40 с углубленным изучением отдельных предметов
RU,Россия,Чебоксары,general,Средняя общеобразовательная школа № 48
RU,Россия,Чебоксары,general,Средняя общеобразовательная школа № 53 с углубленным изучением отдельных предметов
RU,Россия,Чебоксары,general,Средняя общеобразовательная школа № 59 с углубленным изучением отдельных предметов
RU,Россия,Чебоксары,general,Средняя общеобразовательная школа № 61
RU,Россия,Чебоксары,general,Средняя общеобразовательная школа №27
RU,Россия,Чебоксары,general,Средняя общеобразовательная школа №31 с углубленным изучением предметов им. академика Святослава Федоровича
RU,Россия,Чебоксары,general,Средняя школа №10
RU,Россия,Чебоксары,general,Средняя школа №12
RU,Россия,Чебоксары,general,Средняя школа №17
RU,Россия,Чебоксары,general,Средняя школа №18
RU,Россия,Чебоксары,general,Средняя школа №2
RU,Россия,Чебоксары,general,Средняя школа №22
RU,Россия,Чебоксары,general,Средняя школа №23
RU,Россия,Чебоксары,general,Средняя школа №24
RU,Россия,Чебоксары,general,Средняя школа №29
RU,Россия,Чебоксары,general,Средняя школа №3
RU,Россия,Чебоксары,general,Средняя школа №30
RU,Россия,Чебоксары,general,Средняя школа №33
RU,Россия,Чебоксары,general,Средняя школа №35
RU,Россия,Чебоксары,general,Средняя школа №36
RU,Россия,Чебоксары,general,Средняя школа №37
RU,Россия,Чебоксары,general,Средняя школа №38
RU,Россия,Чебоксары,general,Средняя школа №39
RU,Россия,Чебоксары,general,Средняя школа №40
RU,Россия,Чебоксары,general,Средняя школа №41
RU,Россия,Чебоксары,general,Средняя школа №42
RU,Россия,Чебоксары,general,Средняя школа №43
RU,Россия,Чебоксары,general,Средняя школа №45
RU,Россия,Чебоксары,general,Средняя школа №47
RU,Россия,Чебоксары,general,Средняя школа №49
RU,Россия,Чебоксары,general,Средняя школа №50
RU,Россия,Чебоксары,general,Средняя школа №53
RU,Россия,Чебоксары,general,Средняя школа №54
RU,Россия,Чебоксары,general,Средняя школа №55
RU,Россия,Чебоксары,general,Средняя школа №56
RU,Россия,Чебоксары,general,Средняя школа №57
RU,Россия,Чебоксары,general,Средняя школа №59
RU,Россия,Чебоксары,general,Средняя школа №6
RU,Россия,Чебоксары,general,Средняя школа №60
RU,Россия,Чебоксары,general,Средняя школа №62
RU,Россия,Чебоксары,general,Средняя школа №63
RU,Россия,Чебоксары,general,Средняя школа №64
RU,Россия,Чебоксары,general,Средняя школа №65
RU,Россия,Чебоксары,general,Средняя школа №7
RU,Россия,Чебоксары,general,Средняя школа №9
RU,Россия,Чебоксары,general,Сятра-Лапсарская основная школа
RU,Россия,Чебоксары,general,Сятра-Хочехматская средняя школа
RU,Россия,Чебоксары,general,Толиковская средняя школа
RU,Россия,Чебоксары,general,Тренькасинская средняя школа
RU,Россия,Чебоксары,general,Чебоксарская начальная общеобразовательная школа для обучающихся с ограниченными возможностями здоровья № 1
RU,Россия,Чебоксары,general,Чебоксарская общеобразовательная школа для обучающихся с ограниченными возможностями здоровья № 1
RU,Россия,Чебоксары,general,Чебоксарская общеобразовательная школа для обучающихся с ограниченными возможностями здоровья № 2
RU,Россия,Чебоксары,general,Чебоксарская общеобразовательная школа-интернат для обучающихся с ограниченными возможностями здоровья
RU,Россия,Чебоксары,general,Чемуршинская основная школа
RU,Россия,Чебоксары,university,Волжский филиал
RU,Россия,Чебоксары,university,Чебоксарский институт (филиал)
RU,Россия,Чебоксары,university,Чебоксарский институт (филиал) Московского политехнического университета
RU,Россия,Чебоксары,university,Чебоксарский кооперативный институт (филиал)
RU,Россия,Чебоксары,university,Чебоксарский филиал
RU,Россия,Чебоксары,university,Чувашский государственный аграрный университет
RU,Россия,Чебоксары,university,Чувашский государственный институт культуры и искусств
RU,Россия,Чебоксары,university,Чувашский государственный педагогический университет им. И.Я. Яковлева
RU,Россия,Чебоксары,university,Чувашский государственный университет имени И.Н. Ульянова
RU,Россия,Челябинск,boarding,"Еманжелинская специальная (коррекционная) общеобразовательная школа-интернат для обучающихся, воспитанников с ограниченными возможностями здоровья"
RU,Россия,Челябинск,boarding,"Еманжелинская специальная (коррекционная) общеобразовательная школа-?интернат для обучающихся,. воспитанников с ограниченными возможностями здоровья (нарушение интеллекта)"
RU,Россия,Челябинск,boarding,"Есаульская специальная (коррекционная) общеобразовательная школа-интернат для детей-сирот и детей, оставшихся без попечения родителей, с ограниченными возможностями здоровья (нарушение интеллекта)"
RU,Россия,Челябинск,boarding,Коррекционная школа-интернат №10
RU,Россия,Челябинск,boarding,Коррекционная школа-интернат №12
RU,Россия,Челябинск,boarding,Коррекционная школа-интернат №13
RU,Россия,Челябинск,boarding,Коррекционная школа-интернат №4
RU,Россия,Челябинск,boarding,Коррекционная школа-интернат №9
RU,Россия,Челябинск,general,Акбашевская средняя школа
RU,Россия,Челябинск,general,Аминевская основная школа
RU,Россия,Челябинск,general,Аргаяшская средняя школа №1
RU,Россия,Челябинск,general,Аргаяшская средняя школа №2
RU,Россия,Челябинск,general,Архангельская средняя школа
RU,Россия,Челябинск,general,Б-Баландинская основная школа
RU,Россия,Челябинск,general,Бажикаевская средняя школа
RU,Россия,Челябинск,general,Белоносовская средняя школа
RU,Россия,Челябинск,general,Белоусовская основная школа
RU,Россия,Челябинск,general,Березовская средняя школа
RU,Россия,Челябинск,general,Бишкильская средняя школа
RU,Россия,Челябинск,general,Вознесенская основная школа
RU,Россия,Челябинск,general,Дербишевская средняя школа
RU,Россия,Челябинск,general,Долгодеревенская средняя школа
RU,Россия,Челябинск,general,Донгузловская средняя школа
RU,Россия,Челябинск,general,Дробышевская средняя школа
RU,Россия,Челябинск,general,Дубровская средняя школа
RU,Россия,Челябинск,general,Дуванкульская основная школа
RU,Россия,Челябинск,general,Еманжелинская средняя школа
RU,Россия,Челябинск,general,Есаульская средняя школа
RU,Россия,Челябинск,general,Еткульская средняя школа
RU,Россия,Челябинск,general,Ибрагимовская основная школа
RU,Россия,Челябинск,general,Кадомцевская основная школа
RU,Россия,Челябинск,general,Калуга-Соловьевская основная школа
RU,Россия,Челябинск,general,Каменская средняя школа
RU,Россия,Челябинск,general,Канашевская средняя школа
RU,Россия,Челябинск,general,Каратабанская средняя школа
RU,Россия,Челябинск,general,Карсинская средняя школа
RU,Россия,Челябинск,general,Касаргинская средняя школа
RU,Россия,Челябинск,general,Кичигинская средняя школа
RU,Россия,Челябинск,general,Клястицкая средняя школа
RU,Россия,Челябинск,general,Коелгинская средняя школа
RU,Россия,Челябинск,general,Козыревская средняя школа
RU,Россия,Челябинск,general,Коротановская основная школа
RU,Россия,Челябинск,general,Коррекционная школа №11
RU,Россия,Челябинск,general,Коррекционная школа №119
RU,Россия,Челябинск,general,Коррекционная школа №127
RU,Россия,Челябинск,general,Коррекционная школа №57
RU,Россия,Челябинск,general,Коррекционная школа №60
RU,Россия,Челябинск,general,Коррекционная школа №72
RU,Россия,Челябинск,general,Коррекционная школа №83
RU,Россия,Челябинск,general,Краснооктябрьская средняя школа
RU,Россия,Челябинск,general,Краснопольская средняя школа
RU,Россия,Челябинск,general,Красносельская средняя школа
RU,Россия,Челябинск,general,Кременкульская средняя школа
RU,Россия,Челябинск,general,Кузяшевская средняя школа
RU,Россия,Челябинск,general,Куйсаринская основная школа
RU,Россия,Челябинск,general,Кулуевская средняя школа
RU,Россия,Челябинск,general,Кумысненская средняя школа
RU,Россия,Челябинск,general,Кунашакская средняя школа
RU,Россия,Челябинск,general,Курмановская средняя школа
RU,Россия,Челябинск,general,Лазурненская средняя школа
RU,Россия,Челябинск,general,Лицей №11
RU,Россия,Челябинск,general,Малиновская основная школа
RU,Россия,Челябинск,general,Метелевская средняя школа
RU,Россия,Челябинск,general,Миасская средняя школа №1
RU,Россия,Челябинск,general,Миасская средняя школа №2
RU,Россия,Челябинск,general,Мирненская средняя школа
RU,Россия,Челябинск,general,Многопрофильный лицей №148
RU,Россия,Челябинск,general,Мордвиновская основная школа
RU,Россия,Челябинск,general,Морозкинская основная школа
RU,Россия,Челябинск,general,Муслюмовская средняя школа
RU,Россия,Челябинск,general,Нагорненская средняя школа
RU,Россия,Челябинск,general,Начальная школа №14
RU,Россия,Челябинск,general,Нижнесанарская средняя школа
RU,Россия,Челябинск,general,Ново-Соболевская основная школа
RU,Россия,Челябинск,general,Новобатуринская средняя школа
RU,Россия,Челябинск,general,Новогорная средняя школа №41
RU,Россия,Челябинск,general,Новомирская средняя школа
RU,Россия,Челябинск,general,Октябрьская средняя школа
RU,Россия,Челябинск,general,Основная общеобразовательная школа № 110 г. Челябинска
RU,Россия,Челябинск,general,Основная школа №110
RU,Россия,Челябинск,general,Основная школа №14
RU,Россия,Челябинск,general,Основная школа №19
RU,Россия,Челябинск,general,Основная школа №22
RU,Россия,Челябинск,general,Основная школа №26
RU,Россия,Челябинск,general,Основная школа №29
RU,Россия,Челябинск,general,Основная школа №4
RU,Россия,Челябинск,general,Песчанская средняя школа
RU,Россия,Челябинск,general,Петровская средняя школа
RU,Россия,Челябинск,general,Полетаевская средняя школа
RU,Россия,Челябинск,general,Половинская основная школа
RU,Россия,Челябинск,general,Потаповская основная школа
RU,Россия,Челябинск,general,Родниковская средняя школа
RU,Россия,Челябинск,general,Рождественская средняя школа
RU,Россия,Челябинск,general,Рощинская средняя школа
RU,Россия,Челябинск,general,Саккуловская средняя школа
RU,Россия,Челябинск,general,Саргазинская средняя школа
RU,Россия,Челябинск,general,Саринская средняя школа
RU,Россия,Челябинск,general,Селезянская средняя школа
RU,Россия,Челябинск,general,Синеборская основная школа
RU,Россия,Челябинск,general,Сирюсинская средняя школа
RU,Россия,Челябинск,general,Славинская начальная школа
RU,Россия,Челябинск,general,Смольнинская школа
RU,Россия,Челябинск,general,Солнечная средняя школа
RU,Россия,Челябинск,general,Специальная (коррекционная) общеобразовательная школа для детей с ограниченными возможностями здоровья (нарушение зрения) № 127 г. Челябинска
RU,Россия,Челябинск,general,Специальная (коррекционная) общеобразовательная школа для обучающихся с ограниченными возможностями здоровья (нарушение интеллекта) № 119 г. Челябинска
RU,Россия,Челябинск,general,Специальная (коррекционная) общеобразовательная школа для обучающихся с ограниченными возможностями здоровья (нарушение интеллекта) № 7 г.Челябинска
RU,Россия,Челябинск,general,Специальная (коррекционная) общеобразовательная школа для обучающихся с ограниченными возможностями здоровья (нарушение интеллекта) № 72 г. Челябинска
RU,Россия,Челябинск,general,Специальная (коррекционная) общеобразовательная школа для обучающихся с ограниченными возможностями здоровья (нарушение интеллекта) № 83 г. Челябинска
RU,Россия,Челябинск,general,Специальная (коррекционная) общеобразовательная школа-интернат для обучающихся и воспитанников с ограниченными возможностями здоровья (нарушение опорно-двигательного аппарата) № 4 г.Челябинска
RU,Россия,Челябинск,general,Специальная (коррекционная) общеобразовательная школа-интернат для обучающихся с ограниченными возможностями здоровья (глухих и слабослышащих) № 10 г. Челябинска
RU,Россия,Челябинск,general,Специальная (коррекционная) общеобразовательная школа-интернат для обучающихся с ограниченными возможностями здоровья (нарушение слуха) № 12 г. Челябинска
RU,Россия,Челябинск,general,Средняя общеобразовательная школа № 109 г. Челябинска
RU,Россия,Челябинск,general,Средняя общеобразовательная школа № 116 г. Челябинска
RU,Россия,Челябинск,general,Средняя общеобразовательная школа № 129 г.Челябинска
RU,Россия,Челябинск,general,Средняя общеобразовательная школа № 14 г.Челябинска
RU,Россия,Челябинск,general,Средняя общеобразовательная школа № 141 г. Челябинска
RU,Россия,Челябинск,general,Средняя общеобразовательная школа № 36 г. Челябинска
RU,Россия,Челябинск,general,Средняя общеобразовательная школа № 39 г.Челябинска
RU,Россия,Челябинск,general,Средняя общеобразовательная школа № 46 имени З.А. Космодемьянской города Челябинска
RU,Россия,Челябинск,general,Средняя общеобразовательная школа № 56 г. Челябинска имени Н.В.Ковшовой
RU,Россия,Челябинск,general,Средняя общеобразовательная школа № 86 г. Челябинска
RU,Россия,Челябинск,general,Средняя общеобразовательная школа № 99 г.Челябинска
RU,Россия,Челябинск,general,Средняя общеобразовательная школа №1 г. Челябинска
RU,Россия,Челябинск,general,Средняя общеобразовательная школа №33 г. Челябинска
RU,Россия,Челябинск,general,Средняя школа
RU,Россия,Челябинск,general,Средняя школа №103
RU,Россия,Челябинск,general,Средняя школа №104
RU,Россия,Челябинск,general,Средняя школа №105
RU,Россия,Челябинск,general,Средняя школа №106
RU,Россия,Челябинск,general,Средняя школа №107
RU,Россия,Челябинск,general,Средняя школа №108
RU,Россия,Челябинск,general,Средняя школа №109
RU,Россия,Челябинск,general,Средняя школа №11
RU,Россия,Челябинск,general,Средняя школа №112
RU,Россия,Челябинск,general,Средняя школа №115
RU,Россия,Челябинск,general,Средняя школа №116
RU,Россия,Челябинск,general,Средняя школа №118
RU,Россия,Челябинск,general,Средняя школа №12
RU,Россия,Челябинск,general,Средняя школа №121
RU,Россия,Челябинск,general,Средняя школа №124
RU,Россия,Челябинск,general,Средняя школа №129
RU,Россия,Челябинск,general,Средняя школа №13
RU,Россия,Челябинск,general,Средняя школа №130
RU,Россия,Челябинск,general,Средняя школа №131
RU,Россия,Челябинск,general,Средняя школа №137
RU,Россия,Челябинск,general,Средняя школа №138
RU,Россия,Челябинск,general,Средняя школа №14
RU,Россия,Челябинск,general,Средняя школа №140
RU,Россия,Челябинск,general,Средняя школа №141
RU,Россия,Челябинск,general,Средняя школа №144
RU,Россия,Челябинск,general,Средняя школа №145
RU,Россия,Челябинск,general,Средняя школа №146
RU,Россия,Челябинск,general,Средняя школа №147
RU,Россия,Челябинск,general,Средняя школа №15
RU,Россия,Челябинск,general,Средняя школа №150
RU,Россия,Челябинск,general,Средняя школа №151
RU,Россия,Челябинск,general,Средняя школа №152
RU,Россия,Челябинск,general,Средняя школа №153
RU,Россия,Челябинск,general,Средняя школа №154
RU,Россия,Челябинск,general,Средняя школа №155
RU,Россия,Челябинск,general,Средняя школа №17
RU,Россия,Челябинск,general,Средняя школа №19
RU,Россия,Челябинск,general,Средняя школа №21
RU,Россия,Челябинск,general,Средняя школа №22
RU,Россия,Челябинск,general,Средняя школа №24
RU,Россия,Челябинск,general,Средняя школа №25
RU,Россия,Челябинск,general,Средняя школа №28
RU,Россия,Челябинск,general,Средняя школа №3
RU,Россия,Челябинск,general,Средняя школа №30
RU,Россия,Челябинск,general,Средняя школа №32
RU,Россия,Челябинск,general,Средняя школа №36
RU,Россия,Челябинск,general,Средняя школа №39
RU,Россия,Челябинск,general,Средняя школа №4
RU,Россия,Челябинск,general,Средняя школа №41
RU,Россия,Челябинск,general,Средняя школа №42
RU,Россия,Челябинск,general,Средняя школа №43
RU,Россия,Челябинск,general,Средняя школа №45
RU,Россия,Челябинск,general,Средняя школа №46
RU,Россия,Челябинск,general,Средняя школа №47
RU,Россия,Челябинск,general,Средняя школа №5
RU,Россия,Челябинск,general,Средняя школа №50
RU,Россия,Челябинск,general,Средняя школа №51
RU,Россия,Челябинск,general,Средняя школа №53
RU,Россия,Челябинск,general,Средняя школа №54
RU,Россия,Челябинск,general,Средняя школа №55
RU,Россия,Челябинск,general,Средняя школа №56
RU,Россия,Челябинск,general,Средняя школа №58
RU,Россия,Челябинск,general,Средняя школа №59
RU,Россия,Челябинск,general,Средняя школа №6
RU,Россия,Челябинск,general,Средняя школа №61
RU,Россия,Челябинск,general,Средняя школа №62
RU,Россия,Челябинск,general,Средняя школа №68
RU,Россия,Челябинск,general,Средняя школа №70
RU,Россия,Челябинск,general,Средняя школа №71
RU,Россия,Челябинск,general,Средняя школа №73
RU,Россия,Челябинск,general,Средняя школа №74
RU,Россия,Челябинск,general,Средняя школа №75
RU,Россия,Челябинск,general,Средняя школа №78
RU,Россия,Челябинск,general,Средняя школа №8
RU,Россия,Челябинск,general,Средняя школа №81
RU,Россия,Челябинск,general,Средняя школа №84
RU,Россия,Челябинск,general,Средняя школа №86
RU,Россия,Челябинск,general,Средняя школа №89
RU,Россия,Челябинск,general,Средняя школа №9
RU,Россия,Челябинск,general,Средняя школа №91
RU,Россия,Челябинск,general,Средняя школа №92
RU,Россия,Челябинск,general,Средняя школа №94
RU,Россия,Челябинск,general,Средняя школа №98
RU,Россия,Челябинск,general,Средняя школа №99
RU,Россия,Челябинск,general,Строящаяся школа
RU,Россия,Челябинск,general,Сухарышская начальная школа
RU,Россия,Челябинск,general,Сычёвская основная школа
RU,Россия,Челябинск,general,Таяндинская средняя школа
RU,Россия,Челябинск,general,Теченская средняя школа
RU,Россия,Челябинск,general,Тимирязевская средняя школа
RU,Россия,Челябинск,general,Томинская средняя школа
RU,Россия,Челябинск,general,Травниковская средняя школа
RU,Россия,Челябинск,general,Трубненская средняя школа
RU,Россия,Челябинск,general,Увельская средняя школа №1
RU,Россия,Челябинск,general,Увельская средняя школа №2
RU,Россия,Челябинск,general,Устьянцевская основная школа
RU,Россия,Челябинск,general,Фроловская средняя школа
RU,Россия,Челябинск,general,Хомутинская средняя школа
RU,Россия,Челябинск,general,Худайбердинская средняя школа
RU,Россия,Челябинск,general,Хуторская основная школа
RU,Россия,Челябинск,general,Шахматовская средняя школа
RU,Россия,Челябинск,general,Шибаевская основная школа
RU,Россия,Челябинск,general,Школа
RU,Россия,Челябинск,general,Школа в Радость
RU,Россия,Челябинск,general,Школа Мира
RU,Россия,Челябинск,general,Школа разума
RU,Россия,Челябинск,general,Школа №16
RU,Россия,Челябинск,general,Шумовская средняя школа
RU,Россия,Челябинск,general,Якуповская основная школа
RU,Россия,Челябинск,general,Яснополянская средняя школа
RU,Россия,Челябинск,university,Международный Институт Дизайна и Сервиса
RU,Россия,Челябинск,university,Уральский государственный университет физической культуры
RU,Россия,Челябинск,university,Уральский медицинский институт
RU,Россия,Челябинск,university,Уральский социально-экономический институт (филиал)
RU,Россия,Челябинск,university,Уральский филиал
RU,Россия,Челябинск,university,Уральский филиал — Российский государственный университет правосудия
RU,Россия,Челябинск,university,Челябинский государственный институт культуры
RU,Россия,Челябинск,university,Челябинский государственный университет
RU,Россия,Челябинск,university,Челябинский институт путей сообщения - филиал
RU,Россия,Челябинск,university,Челябинский филиал
RU,Россия,Челябинск,university,Южно-Уральский государственный гуманитарно-педагогический университет
RU,Россия,Челябинск,university,Южно-Уральский государственный институт искусств имени П.И. Чайковского
RU,Россия,Челябинск,university,Южно-Уральский государственный медицинский университет
RU,Россия,Челябинск,university,Южно-Уральский государственный университет (национальный исследовательский университет)
RU,Россия,Челябинск,university,Южно-Уральский технологический университет
RU,Россия,Черемхово,college,ЧГТК им. М.И. Щадова Черемховский горнотехнический колледж им. М.И. Щадова
RU,Россия,Черемхово,college,ЧПК Черемховский педагогический колледж
RU,Россия,Черемхово,college,ЧТПрИС Черемховский техникум промышленной индустрии и сервиса
RU,Россия,Черемхово,general,Средняя общеобразовательная школа с.Черемхово
RU,Россия,Череповец,general,Начальная общеобразовательная школа №39
RU,Россия,Череповец,general,Начальная общеобразовательная школа №41
RU,Россия,Череповец,general,Начальная общеобразовательная школа №43
RU,Россия,Череповец,general,Общеобразовательная школа для обучающихся с ограниченными возможностями здоровья №35
RU,Россия,Череповец,general,Специальная (коррекционная) общеобразовательная школа № 38
RU,Россия,Череповец,general,Средняя общеобразовательная школа №1 им. Максима Горького
RU,Россия,Череповец,general,Средняя общеобразовательная школа №10 с углублённым изучением отдельных предметов
RU,Россия,Череповец,general,Средняя общеобразовательная школа №13
RU,Россия,Череповец,general,Средняя общеобразовательная школа №14
RU,Россия,Череповец,general,Средняя общеобразовательная школа №15
RU,Россия,Череповец,general,Средняя общеобразовательная школа №16
RU,Россия,Череповец,general,Средняя общеобразовательная школа №17
RU,Россия,Череповец,general,Средняя общеобразовательная школа №18
RU,Россия,Череповец,general,Средняя общеобразовательная школа №19
RU,Россия,Череповец,general,Средняя общеобразовательная школа №2 им. В.В. Окунева
RU,Россия,Череповец,general,Средняя общеобразовательная школа №20
RU,Россия,Череповец,general,Средняя общеобразовательная школа №21 с углубленным изучением отдельных предметов
RU,Россия,Череповец,general,Средняя общеобразовательная школа №22
RU,Россия,Череповец,general,Средняя общеобразовательная школа №24
RU,Россия,Череповец,general,Средняя общеобразовательная школа №25
RU,Россия,Череповец,general,Средняя общеобразовательная школа №26 с углубленным изучением отдельных предметов
RU,Россия,Череповец,general,Средняя общеобразовательная школа №27
RU,Россия,Череповец,general,Средняя общеобразовательная школа №28
RU,Россия,Череповец,general,Средняя общеобразовательная школа №3 им. А. А. Потапова
RU,Россия,Череповец,general,Средняя общеобразовательная школа №30
RU,Россия,Череповец,general,Средняя общеобразовательная школа №31
RU,Россия,Череповец,general,Средняя общеобразовательная школа №33
RU,Россия,Череповец,general,Средняя общеобразовательная школа №34
RU,Россия,Череповец,general,Средняя общеобразовательная школа №4
RU,Россия,Череповец,general,Средняя общеобразовательная школа №40
RU,Россия,Череповец,general,Средняя общеобразовательная школа №6
RU,Россия,Череповец,general,Средняя общеобразовательная школа №7
RU,Россия,Череповец,general,Средняя общеобразовательная школа №9 с углубленным изучением отдельных предметов
RU,Россия,Череповец,general,Средняя школа №5
RU,Россия,Черкесск,college,АТК г. Черкесск Аграрно-технологический колледж г. Черкесск
RU,Россия,Черкесск,college,"Зеленчукский многопрофильный колледж ""Профессионал"" Зеленчукский многопрофильный колледж ""Профессионал"""
RU,Россия,Черкесск,college,ИТК г. Черкесск Индустриально-технологический колледж г. Черкесск
RU,Россия,Черкесск,college,"КИПТиС г. Черкесск Колледж индустрии питания, туризма и сервиса"
RU,Россия,Черкесск,college,КЧККИИ им. А.А. Даурова Карачаево-Черкесский колледж культуры и искусств им. А.А. Даурова
RU,Россия,Черкесск,college,КЧМК Карачаево-Черкесский медицинский колледж
RU,Россия,Черкесск,college,КЧПК им. У. Хабекова Карачаево-Черкесский педагогический колледж им. У. Хабекова
RU,Россия,Черкесск,college,МТК г. Черкесск Многопрофильный технологический колледж г. Черкесск
RU,Россия,Черкесск,college,СПК СКГА Среднепрофессиональный колледж Северо-Кавказская государственная академия
RU,Россия,Черкесск,college,Технологический колледж г. Черкесска
RU,Россия,Черкесск,college,ТК г. Черкесска Технологический Колледж г.Черкесска
RU,Россия,Черкесск,college,Частный КЧФЮК Карачаево-Черкесский финансово-юридический колледж
RU,Россия,Черкесск,college,Частный Международный колледж Полиглот Международный колледж Полиглот
RU,Россия,Черкесск,college,Частный МОКСУ им. М.М. Абрекова Международный открытый колледж современного управления им. М.М. Абрекова
RU,Россия,Черкесск,general,Гимназия № 13
RU,Россия,Черкесск,general,Гимназия № 18
RU,Россия,Черкесск,general,Гимназия № 19
RU,Россия,Черкесск,general,Гимназия № 5
RU,Россия,Черкесск,general,Гимназия № 9 г.Черкесска имени Хапсирокова К-Г.Х
RU,Россия,Черкесск,general,Коррекционная школа
RU,Россия,Черкесск,general,Коррекционная школа г. Черкесска
RU,Россия,Черкесск,general,Лицей № 15
RU,Россия,Черкесск,general,Основная школа
RU,Россия,Черкесск,general,Основная школа № 12
RU,Россия,Черкесск,general,Основная школа №2
RU,Россия,Черкесск,general,Основная школа №3
RU,Россия,Черкесск,general,Специальная (коррекционная) общеобразовательная школа-интернат 1 вида
RU,Россия,Черкесск,general,Средняя общеобразовательная школа
RU,Россия,Черкесск,general,Средняя общеобразовательная школа № 10
RU,Россия,Черкесск,general,Средняя общеобразовательная школа № 2
RU,Россия,Черкесск,general,Средняя общеобразовательная школа № 3
RU,Россия,Черкесск,general,Средняя общеобразовательная школа № 4
RU,Россия,Черкесск,general,Средняя общеобразовательная школа № 6
RU,Россия,Черкесск,general,Средняя общеобразовательная школа № 7
RU,Россия,Черкесск,general,Средняя общеобразовательная школа № 8
RU,Россия,Черкесск,general,Средняя школа
RU,Россия,Черкесск,general,Средняя школа №1
RU,Россия,Черкесск,general,Средняя школа №11
RU,Россия,Черкесск,general,Средняя школа №14
RU,Россия,Черкесск,general,Средняя школа №20
RU,Россия,Черкесск,general,Средняя школа №5
RU,Россия,Черкесск,general,Средняя я школа
RU,Россия,Черкесск,general,Школа №12
RU,Россия,Черкесск,general,Школа №13
RU,Россия,Чехов,boarding,Чеховская школа-интернат для обучающихся с ограниченными возможностями здоровья
RU,Россия,Чехов,general,МБОУ Гимназия № 2
RU,Россия,Чехов,general,МБОУ Гимназия № 7
RU,Россия,Чехов,general,МБОУ Лицей № 4
RU,Россия,Чехов,general,Средняя школа № 10
RU,Россия,Чехов,general,Средняя школа №1
RU,Россия,Чехов,general,Средняя школа №3
RU,Россия,Чехов,general,Средняя школа №8
RU,Россия,Чехов,general,Средняя школа №9
RU,Россия,Чистополь,college,Частный Чистопольский филиал КИУ им. В.Г. Тимирясова Чистопольский филиал Казанского инновационного университета им. В.Г. Тимирясова
RU,Россия,Чистополь,college,ЧМУ Чистопольское медицинское училище
RU,Россия,Чистополь,college,ЧСХТ им. Г.И. Усманова Чистопольский сельскохозяйственный техникум им. Г.И. Усманова
RU,Россия,Чита,boarding,Черновская специальная (коррекционная) школа-интернат
RU,Россия,Чита,college,АМК им. В.Л. Чимитдоржиева Агинский медицинский колледж им. В.Л. Чимитдоржиева
RU,Россия,Чита,college,Баунтовский филиал БКН Баунтовский филиал Байкальский колледж недропользования
RU,Россия,Чита,college,Баунтовский филиал БКН Баунтовский филиал Байкальского колледжа недропользования
RU,Россия,Чита,college,ЗабАИ - филиал ИрГАУ им. А.А. Ежевского Забайкальский аграрный институт - филиал Иркутский государственный аграрный университет им
RU,Россия,Чита,college,ЗабГК им. М.И. Агошкова Забайкальский горный колледж им. М.И. Агошкова
RU,Россия,Чита,college,ЗабКУИ Забайкальское краевое училище искусств
RU,Россия,Чита,college,ЗабТПТиС Забайкальский техникум профессиональных технологий и сервиса
RU,Россия,Чита,college,ЗГК Забайкальский государственный колледж
RU,Россия,Чита,college,ЗКУК Забайкальское краевое училище культуры
RU,Россия,Чита,college,ЗТТ Забайкальский транспортный техникум
RU,Россия,Чита,college,Красночикойский филиал ЧПК Красночикойский филиал Читинский политехнический колледж
RU,Россия,Чита,college,МАПТ Могойтуйский аграрно-промышленный техникум
RU,Россия,Чита,college,ПГК филиал в п. Ясногорск Приаргунский государственный колледж филиал в п. Ясногорск
RU,Россия,Чита,college,ПМУ Первомайское многопрофильное училище
RU,Россия,Чита,college,Частный ЗабИЖТ - филиал ИрГУПС Забайкальский институт железнодорожного транспорта - филиал Иркусткий государственный унив
RU,Россия,Чита,college,Частный ЗИП - филиал СибУПК Забайкальский институт предпринимательства - филиал Сибирский университет потребительской
RU,Россия,Чита,college,Частный Колледж Академия ТОП Чита Филиал колледжа «Академия ТОП Чита»
RU,Россия,Чита,college,Чернышевский филиал ШМЛ Чернышевский филиал Шилкинский многопрофильный лицей
RU,Россия,Чита,college,Читинский институт (филиал) БГУ Читинский институт (филиал) Байкальского государственного университета
RU,Россия,Чита,college,ЧМК Читинский медицинский колледж
RU,Россия,Чита,college,ЧПК Читинский педагогический колледж
RU,Россия,Чита,college,ЧПТК Читинский политехнический колледж
RU,Россия,Чита,college,ЧТКУ Читинское торгово-кулинарное училище
RU,Россия,Чита,college,ЧТОТиБ Читинский техникум отраслевых технологий и бизнеса
RU,Россия,Чита,general,Беклемишевская средняя общеобразовательная школа
RU,Россия,Чита,general,Коррекционная школа
RU,Россия,Чита,general,Начальная школа №31
RU,Россия,Чита,general,Начальная школа №39
RU,Россия,Чита,general,Основная школа
RU,Россия,Чита,general,Основная школа №1
RU,Россия,Чита,general,Средняя общеобразовательная школа №30
RU,Россия,Чита,general,Средняя общеобразовательная школа №42
RU,Россия,Чита,general,Средняя школа
RU,Россия,Чита,general,Средняя школа №1
RU,Россия,Чита,general,Средняя школа №10
RU,Россия,Чита,general,Средняя школа №11
RU,Россия,Чита,general,Средняя школа №13
RU,Россия,Чита,general,Средняя школа №14
RU,Россия,Чита,general,Средняя школа №15
RU,Россия,Чита,general,Средняя школа №16
RU,Россия,Чита,general,Средняя школа №17
RU,Россия,Чита,general,Средняя школа №18
RU,Россия,Чита,general,Средняя школа №19
RU,Россия,Чита,general,Средняя школа №2
RU,Россия,Чита,general,Средняя школа №20
RU,Россия,Чита,general,Средняя школа №22
RU,Россия,Чита,general,Средняя школа №23
RU,Россия,Чита,general,Средняя школа №24
RU,Россия,Чита,general,Средняя школа №25
RU,Россия,Чита,general,Средняя школа №26
RU,Россия,Чита,general,Средняя школа №27
RU,Россия,Чита,general,Средняя школа №29
RU,Россия,Чита,general,Средняя школа №3
RU,Россия,Чита,general,Средняя школа №32
RU,Россия,Чита,general,Средняя школа №33
RU,Россия,Чита,general,Средняя школа №34
RU,Россия,Чита,general,Средняя школа №35
RU,Россия,Чита,general,Средняя школа №36
RU,Россия,Чита,general,Средняя школа №38
RU,Россия,Чита,general,Средняя школа №40
RU,Россия,Чита,general,Средняя школа №43
RU,Россия,Чита,general,Средняя школа №44
RU,Россия,Чита,general,Средняя школа №45
RU,Россия,Чита,general,Средняя школа №46
RU,Россия,Чита,general,Средняя школа №47
RU,Россия,Чита,general,Средняя школа №48
RU,Россия,Чита,general,Средняя школа №49
RU,Россия,Чита,general,Средняя школа №5
RU,Россия,Чита,general,Средняя школа №50
RU,Россия,Чита,general,Средняя школа №51
RU,Россия,Чита,general,Средняя школа №52
RU,Россия,Чита,general,Средняя школа №55
RU,Россия,Чита,general,Средняя школа №6
RU,Россия,Чита,general,Средняя школа №7
RU,Россия,Чита,general,Средняя школа №8
RU,Россия,Чита,general,Средняя школа №9
RU,Россия,Чита,general,Читинская основная общеобразовательная школа
RU,Россия,Чита,private,Читинская частная школа
RU,Россия,Шадринск,college,ЗКФКиЗ Зауральский колледж физической культуры и здоровья
RU,Россия,Шадринск,college,Университетский колледж ШГПУ Университетский колледж Шадринского государственного педагогического университета
RU,Россия,Шадринск,college,Частный ШФЭК филиал Финуниверситета Шадринский финансово-экономический колледж - филиал Финансовый университет при Правительст
RU,Россия,Шадринск,college,ШПК Шадринский политехнический колледж
RU,Россия,Шадринск,college,"ШФ КБМК Шадринский филиал ""Курганский базовый медицинский колледж"""
RU,Россия,Шахты,boarding,Школа-интернат №16
RU,Россия,Шахты,college,ИСОиП филиал ДГТУ в г. Шахты Институт сферы обслуживания и предпринимательства филиал Донского государственного техниче
RU,Россия,Шахты,college,ОАТТ Октябрьский аграрно-технологический техникум
RU,Россия,Шахты,college,ПК ШАИ Политехнический колледж Шахтинского автодорожного института
RU,Россия,Шахты,college,Частный Колледж Академия ТОП Шахты Филиал колледжа «Академия ТОП Шахты»
RU,Россия,Шахты,college,Шахтинский медицинский колледж им. Г.В. Кузнецовой
RU,Россия,Шахты,college,ШМК Шахтинский музыкальный колледж
RU,Россия,Шахты,college,ШПК Шахтинский педагогический колледж
RU,Россия,Шахты,college,ШПТК Шахтинский политехнический колледж
RU,Россия,Шахты,college,ШПУ № 36 Шахтинское профессиональное училище № 36
RU,Россия,Шахты,college,ШРКТЭ им. ак. Степанова П.И. Шахтинский региональный колледж топлива и энергетики им. ак. Степанова П.И
RU,Россия,Шахты,general,Лицей №82
RU,Россия,Шахты,general,МБОУ СОШ № 35 Г.шахты
RU,Россия,Шахты,general,МБОУ СОШ № 5 Г.шахты
RU,Россия,Шахты,general,Начальная школа №81
RU,Россия,Шахты,general,Основная школа №17
RU,Россия,Шахты,general,Основная школа №28
RU,Россия,Шахты,general,Основная школа №4
RU,Россия,Шахты,general,Основная школа №44
RU,Россия,Шахты,general,Средняя общеобразовательная школа № 31
RU,Россия,Шахты,general,Средняя школа № 49
RU,Россия,Шахты,general,Средняя школа №1
RU,Россия,Шахты,general,Средняя школа №12
RU,Россия,Шахты,general,Средняя школа №14
RU,Россия,Шахты,general,Средняя школа №15
RU,Россия,Шахты,general,Средняя школа №20
RU,Россия,Шахты,general,Средняя школа №21
RU,Россия,Шахты,general,Средняя школа №22
RU,Россия,Шахты,general,Средняя школа №23
RU,Россия,Шахты,general,Средняя школа №25
RU,Россия,Шахты,general,Средняя школа №27
RU,Россия,Шахты,general,Средняя школа №32
RU,Россия,Шахты,general,Средняя школа №35
RU,Россия,Шахты,general,Средняя школа №36
RU,Россия,Шахты,general,Средняя школа №37
RU,Россия,Шахты,general,Средняя школа №38
RU,Россия,Шахты,general,Средняя школа №39
RU,Россия,Шахты,general,Средняя школа №40
RU,Россия,Шахты,general,Средняя школа №41
RU,Россия,Шахты,general,Средняя школа №42
RU,Россия,Шахты,general,Средняя школа №43
RU,Россия,Шахты,general,Средняя школа №48
RU,Россия,Шахты,general,Средняя школа №5
RU,Россия,Шахты,general,Средняя школа №50
RU,Россия,Шахты,general,Средняя школа №7
RU,Россия,Шахты,general,Средняя школа №8
RU,Россия,Шахты,general,Средняя школа №9
RU,Россия,Шахты,university,ИНСТИТУТ СФЕРЫ ОБСЛУЖИВАНИЯ И ПРЕДПРИНИМАТЕЛЬСТВА (ФИЛИАЛ) ДГТУ В Г. ШАХТЫ РОСТОВСКОЙ ОБЛАСТИ
RU,Россия,Шахты,university,Шахтинский автодорожный институт (филиал)
RU,Россия,Шебекино,college,ШАРТ Шебекинский агротехнический ремесленный техникум
RU,Россия,Шебекино,college,ШТПиТ Шебекинский техникум промышленности и транспорта
RU,Россия,Шебекино,general,Средняя общеобразовательная школа № 1 с углубленным изучением отдельных предметов г. Шебекино Белгородской области
RU,Россия,Шебекино,general,Средняя общеобразовательная школа № 2 г. Шебекино Белгородской области
RU,Россия,Шебекино,general,Средняя общеобразовательная школа № 3 г. Шебекино Белгородской области
RU,Россия,Шебекино,general,Средняя общеобразовательная школа № 4 города Шебекино Белгородской области
RU,Россия,Шебекино,general,Средняя общеобразовательная школа № 6 г. Шебекино Белгородской области
RU,Россия,Шебекино,general,Шебекинская гимназия - интернат
RU,Россия,Шелехов,general,Гимназия
RU,Россия,Шелехов,general,Средняя общеобразовательная школа № 1
RU,Россия,Шелехов,general,Средняя общеобразовательная школа № 2
RU,Россия,Шелехов,general,Средняя общеобразовательная школа № 4
RU,Россия,Шелехов,general,Средняя общеобразовательная школа № 5
RU,Россия,Шелехов,general,Средняя общеобразовательная школа № 6
RU,Россия,Шелехов,general,Шелеховский лицей
RU,Россия,Шуя,college,ХИЛМЖ РУТХП Холуйский институт лаковой миниатюрной живописи имени Н.Н. Харламова - филиал «Российский
RU,Россия,Шуя,college,ШМК Шуйский многопрофильный колледж
RU,Россия,Шуя,college,ШТК Шуйский технологический колледж
RU,Россия,Шуя,college,Шуйский филиал ИВПЭК Шуйский филиал Ивановского промышленно-экономического колледжа
RU,Россия,Шуя,college,Шуйский филиал ИМК Шуйский филиал Ивановского медицинского колледжа
RU,Россия,Щелково,boarding,Чкаловская школа-интернат
RU,Россия,Щелково,college,ГУОР г. Щелково Государственное училище (техникум) олимпийского резерва г. Щелково
RU,Россия,Щелково,college,"Частный Колледж ""Лидер"" Колледж инновационных технологий, бизнеса и права ""ЛИДЕР"""
RU,Россия,Щелково,college,Частный КЭП г. Щёлково Колледж экономики и права в г. Щёлково
RU,Россия,Щелково,general,"МАОУ ""гимназия № 2"" ГОЩ"
RU,Россия,Щелково,general,МАОУ Лицей № 14 Им.ю.а.гагарина ГОЩ
RU,Россия,Щелково,general,МАОУ СОШ № 11 ИМ.Г.С. Титова ГОЩ
RU,Россия,Щелково,general,МАОУ СОШ № 12 ИМ. В.П. Чкалова ГОЩ
RU,Россия,Щелково,general,МАОУ СОШ № 16 ГОЩ
RU,Россия,Щелково,general,МАОУ СОШ № 17 С УИОП ГОЩ
RU,Россия,Щелково,general,МАОУ СОШ № 3 ГОЩ
RU,Россия,Щелково,general,МАОУ СОШ № 4 Им.п.и.климука ГОЩ
RU,Россия,Щелково,general,"МАОУ ""щёлковская Гимназия № 6"" ГОЩ"
RU,Россия,Щелково,general,МБОУ СОШ № 10 С УИОП ГОЩ
RU,Россия,Щелково,general,МБОУ СОШ № 13 ИМ. В.А. Джанибекова ГОЩ
RU,Россия,Щелково,general,МБОУ Щёлковский Лицей № 7 ГОЩ
RU,Россия,Щелково,general,Средняя школа №10
RU,Россия,Щелково,general,Средняя школа №11
RU,Россия,Щелково,general,Средняя школа №12
RU,Россия,Щелково,general,Средняя школа №13
RU,Россия,Щелково,general,Средняя школа №16
RU,Россия,Щелково,general,Средняя школа №17
RU,Россия,Щелково,general,Средняя школа №3
RU,Россия,Щелково,general,Средняя школа №4
RU,Россия,Щелково,general,Средняя школа №8
RU,Россия,Щелково,general,Чкаловская общеобразовательная школа-интернат для обучающихся с ограниченными возможностями здоровья
RU,Россия,Щелково,general,Школа №5
RU,Россия,Электросталь,boarding,Школа-интернат для детей с ограниченными возможностями здоровья №1
RU,Россия,Электросталь,boarding,Школа-интернат №1
RU,Россия,Электросталь,college,МОБМК им. А.Н. Скрябина Московский областной базовый музыкальный колледж имени А.Н. Скрябина
RU,Россия,Электросталь,college,МОПК филиал НИЯУ МИФИ Московский областной политехнический колледж - филиал Национального исследовательского яде
RU,Россия,Электросталь,college,Электростальский колледж Электростальский колледж
RU,Россия,Электросталь,college,ЭМК ФМБА Электростальский медицинский колледж Федерального медико-биологического агентства
RU,Россия,Электросталь,general,Средняя школа №1
RU,Россия,Электросталь,general,Средняя школа №11
RU,Россия,Электросталь,general,Средняя школа №12
RU,Россия,Электросталь,general,Средняя школа №13
RU,Россия,Электросталь,general,Средняя школа №15
RU,Россия,Электросталь,general,Средняя школа №16
RU,Россия,Электросталь,general,Средняя школа №18
RU,Россия,Электросталь,general,Средняя школа №22
RU,Россия,Электросталь,general,Средняя школа №5
RU,Россия,Энгельс,boarding,Школа-интернат №3
RU,Россия,Энгельс,college,КАК - филиал РАНХиГС Красноармейский автомобилестроительный колледж - филиал РАНХиГС
RU,Россия,Энгельс,college,Частный Колледж Академия ТОП Энгельс Филиал колледжа «Академия ТОП Энгельс»
RU,Россия,Энгельс,college,Частный Поволжский кооперативный институт филиал РУК Поволжский кооперативный институт филиал Российского университета кооперации
RU,Россия,Энгельс,college,ЭКПТ Энгельсский колледж профессиональных технологий
RU,Россия,Энгельс,college,ЭМК Святого Луки Энгельсский медицинский колледж Святого Луки (Войно-Ясенецкого)
RU,Россия,Энгельс,college,ЭПТ Энгельсский политехнический колледж
RU,Россия,Энгельс,college,ЭПЭК Энгельсский промышленно-экономический колледж
RU,Россия,Энгельс,general,Средняя общеобразовательная школа им. Ю.А. Гагарина
RU,Россия,Энгельс,general,Средняя общеобразовательная школа №16
RU,Россия,Энгельс,general,Средняя общеобразовательная школа №3
RU,Россия,Энгельс,general,Средняя православная школа №2
RU,Россия,Энгельс,general,Средняя школа №1
RU,Россия,Энгельс,general,Средняя школа №10
RU,Россия,Энгельс,general,Средняя школа №12
RU,Россия,Энгельс,general,Средняя школа №18
RU,Россия,Энгельс,general,Средняя школа №19
RU,Россия,Энгельс,general,Средняя школа №20
RU,Россия,Энгельс,general,Средняя школа №24
RU,Россия,Энгельс,general,Средняя школа №26
RU,Россия,Энгельс,general,Средняя школа №29
RU,Россия,Энгельс,general,Средняя школа №30
RU,Россия,Энгельс,general,Средняя школа №32
RU,Россия,Энгельс,general,Средняя школа №33
RU,Россия,Энгельс,general,Средняя школа №5
RU,Россия,Энгельс,general,Средняя школа №7
RU,Россия,Энгельс,general,Средняя школа №9
RU,Россия,Энгельс,general,Школа №17
RU,Россия,Южно-Сахалинск,college,ПК СахГУ Политехнический колледж Сахалинского государственного университета
RU,Россия,Южно-Сахалинск,college,СБМК Сахалинский базовый медицинский колледж
RU,Россия,Южно-Сахалинск,college,СПЭТ Сахалинский промышленно-экономический техникум
RU,Россия,Южно-Сахалинск,college,СТМСХ Сахалинский техникум механизации сельского хозяйства
RU,Россия,Южно-Сахалинск,college,СТС Сахалинский техникум сервиса
RU,Россия,Южно-Сахалинск,college,СТСиЖКХ Сахалинский техникум строительства и жилищно-коммунального хозяйства
RU,Россия,Южно-Сахалинск,college,ЮСПК - филиал СахГУ Южно-Сахалинский педагогический колледж - филиал Сахалинский государственный университет
RU,Россия,Южно-Сахалинск,general,Вечерняя школа №1
RU,Россия,Южно-Сахалинск,general,Коррекционная школа «Надежда» города Южно-Сахалинска
RU,Россия,Южно-Сахалинск,general,Лицей №1
RU,Россия,Южно-Сахалинск,general,МАОУ Гимназия № 1 ИМ. А.с.пушкина Г.южно-Сахалинска
RU,Россия,Южно-Сахалинск,general,МАОУ Гимназия № 2 Г. Южно-Сахалинска
RU,Россия,Южно-Сахалинск,general,МАОУ Гимназия № 3 Г. Южно-Сахалинска
RU,Россия,Южно-Сахалинск,general,МАОУ Кадетская Школа Г. Южно-Сахалинска
RU,Россия,Южно-Сахалинск,general,МАОУ Лицей № 1 Г. Южно-Сахалинска
RU,Россия,Южно-Сахалинск,general,МАОУ Лицей № 2 Г. Южно-Сахалинска
RU,Россия,Южно-Сахалинск,general,МАОУ НОШ № 7 Города Южно-Сахалинска
RU,Россия,Южно-Сахалинск,general,МАОУ СОШ № 1 Г. Южно-Сахалинска
RU,Россия,Южно-Сахалинск,general,МАОУ СОШ № 13 ИМ П. А. Леонова Г.южно-Сахалинска
RU,Россия,Южно-Сахалинск,general,МАОУ СОШ № 14 Г. Южно-Сахалинска
RU,Россия,Южно-Сахалинск,general,МАОУ СОШ № 16 Г. Южно-Сахалинска
RU,Россия,Южно-Сахалинск,general,МАОУ СОШ № 22 Г. Южно-Сахалинска
RU,Россия,Южно-Сахалинск,general,МАОУ СОШ № 23 Г. Южно-Сахалинска
RU,Россия,Южно-Сахалинск,general,МАОУ СОШ № 26 Г.южно-Сахалинска
RU,Россия,Южно-Сахалинск,general,МАОУ СОШ № 3 Имени Героя России Сергея Ромашина Г. Южно-Сахалинска
RU,Россия,Южно-Сахалинск,general,МАОУ СОШ № 30 Г. Южно-Сахалинска
RU,Россия,Южно-Сахалинск,general,МАОУ СОШ № 31 Города Южно-Сахалинска
RU,Россия,Южно-Сахалинск,general,МАОУ СОШ № 32 Г. Южно-Сахалинска
RU,Россия,Южно-Сахалинск,general,МАОУ СОШ № 6 Г. Южно-Сахалинска
RU,Россия,Южно-Сахалинск,general,Начальная общеобразовательная школа №7
RU,Россия,Южно-Сахалинск,general,Начальная школа
RU,Россия,Южно-Сахалинск,general,Начальная школа №21
RU,Россия,Южно-Сахалинск,general,Начальная школа №7
RU,Россия,Южно-Сахалинск,general,Основная школа
RU,Россия,Южно-Сахалинск,general,Русская классическая школа
RU,Россия,Южно-Сахалинск,general,Средняя общеобразовательная школа с. Тихменево
RU,Россия,Южно-Сахалинск,general,Средняя общеобразовательная школа №11
RU,Россия,Южно-Сахалинск,general,Средняя школа
RU,Россия,Южно-Сахалинск,general,Средняя школа №1
RU,Россия,Южно-Сахалинск,general,Средняя школа №13
RU,Россия,Южно-Сахалинск,general,Средняя школа №14
RU,Россия,Южно-Сахалинск,general,Средняя школа №16
RU,Россия,Южно-Сахалинск,general,Средняя школа №18
RU,Россия,Южно-Сахалинск,general,Средняя школа №19
RU,Россия,Южно-Сахалинск,general,Средняя школа №20
RU,Россия,Южно-Сахалинск,general,Средняя школа №22
RU,Россия,Южно-Сахалинск,general,Средняя школа №23
RU,Россия,Южно-Сахалинск,general,Средняя школа №26
RU,Россия,Южно-Сахалинск,general,Средняя школа №3
RU,Россия,Южно-Сахалинск,general,Средняя школа №30
RU,Россия,Южно-Сахалинск,general,Средняя школа №31
RU,Россия,Южно-Сахалинск,general,Средняя школа №32
RU,Россия,Южно-Сахалинск,general,Средняя школа №34
RU,Россия,Южно-Сахалинск,general,Средняя школа №4
RU,Россия,Южно-Сахалинск,general,Средняя школа №5
RU,Россия,Южно-Сахалинск,general,Средняя школа №6
RU,Россия,Южно-Сахалинск,general,Средняя школа №8
RU,Россия,Южно-Сахалинск,general,Строящаяся средняя общеобразовательная школа № 25 им. А.П. Чехова
RU,Россия,Южно-Сахалинск,general,Строящаяся средняя школа №24
RU,Россия,Южно-Сахалинск,general,Строящаяся средняя школа №4
RU,Россия,Южно-Сахалинск,general,Строящаяся школа
RU,Россия,Южно-Сахалинск,university,Сахалинский государственный университет
RU,Россия,Южно-Сахалинск,university,Сахалинский институт железнодорожного транспорта - филиала
RU,Россия,Юрга,college,ЮТАиС Юргинский техникум агротехнологий и сервиса
RU,Россия,Юрга,college,ЮТК им. Павлючкова Г.А. Юргинский технологический колледж им. Павлючкова Г.А
RU,Россия,Юрга,college,ЮТМиИТ Юргинский техникум машиностроения и информационных технологий
RU,Россия,Юрга,college,ЮФ КМК Юргинский филиал Кузбасского медицинского колледжа
RU,Россия,Якутск,boarding,Адаптивная школа-интернат №28
RU,Россия,Якутск,boarding,Амгинская специальная (коррекционная) общеобразовательная школа-интернат VIII вида
RU,Россия,Якутск,boarding,Елечейская коррекционная школа-интернат им. Д.Ф. Назарова
RU,Россия,Якутск,boarding,Легойский лицей-интернат
RU,Россия,Якутск,boarding,"Орто-Эбэнская специальная (коррекционная) школа-интернат для обучающихся, воспитанников с ОВЗ"
RU,Россия,Якутск,boarding,"Республиканская специальная (коррекционная) общеобразовательная школа-интернат для детей-сирот и детей, оставшихся без попечения родителей"
RU,Россия,Якутск,boarding,Республиканская специальная (коррекционная) школа-интернат
RU,Россия,Якутск,boarding,Республиканская специальная (коррекционная) школа-интернат для неслышащих обучающихся
RU,Россия,Якутск,boarding,Республиканская специальная (коррекционная) школа-интернат для обучающихся с тяжелыми нарушениями речи
RU,Россия,Якутск,boarding,Специальная коррекционная общеобразовательная школа-интернат №34
RU,Россия,Якутск,college,ВШМ РС (Я) (институт) имени В.А. Босикова Высшая школа музыки Республики Саха (Якутия) (институт) имени В.А. Босикова
RU,Россия,Якутск,college,ГГТ Горно-геологический техникум
RU,Россия,Якутск,college,ЖТ Жатайский техникум
RU,Россия,Якутск,college,"ККИ ""АЙАР УУСТАР"" Колледж креативных индустрий ""АЙАР УУСТАР"""
RU,Россия,Якутск,college,Колледж СВФУ Колледж Северо-Восточного федерального университета имени М.К. Аммосова
RU,Россия,Якутск,college,Колледж технологий и управления АГАТУ Колледж технологий и управления Арктического государственного агротехнологического универс
RU,Россия,Якутск,college,МРТК АО ГТП Айхальское отделение горнотехнической промышленности Регионального технического колледжа в
RU,Россия,Якутск,college,"МРТК СО ЭНиГ Светлинское отделение энергетики, нефти и газа филиал Регионального технического колледжа"
RU,Россия,Якутск,college,НПК им. И.Е. Винокурова Намский педагогический колледж им. И.Е. Винокурова
RU,Россия,Якутск,college,РТИПиМСРИ им. Донской М.Н. Республиканский техникум – интернат профессиональной и медико – социальной реабилитации ин
RU,Россия,Якутск,college,РУ(к)ОР им. Р. М. Дмитриева Республиканское училище (колледж) Олимпийского резерва имени Р.М. Дмитриева
RU,Россия,Якутск,college,СМЛ Сангарский многопрофильный лицей
RU,Россия,Якутск,college,Сосново-Озерский филиал БАК им. М.Н. Ербанова Сосново-Озерский филиал Бурятского аграрного колледжа им. М.Н. Ербанова
RU,Россия,Якутск,college,ТТ им. Р.И. Брызгалова Транспортный техникум имени Р.И. Брызгалова
RU,Россия,Якутск,college,Тюнгюлюнский филиал ЯСХТ Тюнгюлюнский филиал Якутского сельскохозяйственного техникума
RU,Россия,Якутск,college,УАТ Усть-Алданский техникум
RU,Россия,Якутск,college,"ЦПРК ""Арктика Центр подготовки рабочих кадров ""Арктика"""
RU,Россия,Якутск,college,Частный Колледж Академия ТОП Якутск Филиал колледжа «Академия ТОП Якутск»
RU,Россия,Якутск,college,Частный Цифровой колледж Синергия г. Якутск Цифровой колледж Синергия в г. Якутск
RU,Россия,Якутск,college,Частный ЯКИТ Якутский колледж инновационных технологий
RU,Россия,Якутск,college,Частный ЯФ ЮПК Якутский филиал Юридического полицейского колледжа
RU,Россия,Якутск,college,ЧГИФКИС Факультет среднего профессионального образования Чурапчинского государственного института
RU,Россия,Якутск,college,ЯАДТ Якутский автодорожный техникум
RU,Россия,Якутск,college,ЯАТУ ГА (ЯЛТУ ГА) Якутское авиационное техническое училище гражданской авиации им. В.И. Гришукова (колледж)
RU,Россия,Якутск,college,"ЯИВТ (филиал) ФГБОУ ВО ""СГУВТ"" Колледж Якутского института водного транспорта – филиала Сибирского государственного униве"
RU,Россия,Якутск,college,ЯИПК им. В.М. Членова Якутский индустриально-педагогический колледж имени В. М. Членова
RU,Россия,Якутск,college,ЯКСТ Якутский коммунально-строительный техникум
RU,Россия,Якутск,college,ЯКСЭ им. П.И. Дудкина Якутский колледж связи и информационных технологий им. П.И. Дудкина
RU,Россия,Якутск,college,ЯМК им. М.Н. Жиркова Якутский музыкальный колледж (училище) им. М.Н. Жиркова
RU,Россия,Якутск,college,ЯМК Якутский медицинский колледж
RU,Россия,Якутск,college,ЯПК Якутский педагогический колледж им. С.Ф. Гоголева
RU,Россия,Якутск,college,ЯПТ Т.Г. Десяткина Якутский промышленный техникум им. Т.Г. Десяткина
RU,Россия,Якутск,college,ЯСХТ Якутский сельскохозяйственный техникум
RU,Россия,Якутск,college,ЯТТС Якутский технологический техникум сервиса имени Ю.А. Готовцева
RU,Россия,Якутск,college,ЯФЭК им. И.И. Фадеева Финансово-экономический колледж им. И.И. Фадеева
RU,Россия,Якутск,college,ЯХУ им. П.П. Романова Якутское художественное училище (колледж) им. П.П. Романова
RU,Россия,Якутск,general,1-Жемконская средняя школа
RU,Россия,Якутск,general,1 Хомустахская средняя школа
RU,Россия,Якутск,general,2-Жемконская средняя школа
RU,Россия,Якутск,general,Абагинская средняя общеобразовательная школа им. Кралина А. Е. с дополнительным обучением предметов агротехнологического направления
RU,Россия,Якутск,general,Алагарская средняя школа
RU,Россия,Якутск,general,Алтанская средняя школа
RU,Россия,Якутск,general,Алтанская средняя школа с углубленным изучением отдельных предметов
RU,Россия,Якутск,general,Амгинская средняя школа №1
RU,Россия,Якутск,general,Амгинская средняя школа №2
RU,Россия,Якутск,general,Арктическая школа
RU,Россия,Якутск,general,Балыктахская средняя школа
RU,Россия,Якутск,general,Батаринская средняя школа
RU,Россия,Якутск,general,Бахсытская средняя школа
RU,Россия,Якутск,general,Бедиминская средняя школа
RU,Россия,Якутск,general,Бейдигинская средняя школа
RU,Россия,Якутск,general,Бердигестяхская средняя общеобразовательная школа с углубленным изучением отдельных предметов им. А. Осипова
RU,Россия,Якутск,general,Бердигестяхская средняя школа
RU,Россия,Якутск,general,Бестяхская средняя школа
RU,Россия,Якутск,general,Бетюнская средняя школа
RU,Россия,Якутск,general,Булгунняхтахская средняя школа
RU,Россия,Якутск,general,Быраминская основная школа
RU,Россия,Якутск,general,Бютейдяхская средняя школа
RU,Россия,Якутск,general,Диринская средняя агрошкола
RU,Россия,Якутск,general,Догдогинская основная школа
RU,Россия,Якутск,general,Едейская средняя школа
RU,Россия,Якутск,general,Жабыльская средняя школа
RU,Россия,Якутск,general,Затонская основная школа
RU,Россия,Якутск,general,Иннокентьевская гимназия
RU,Россия,Якутск,general,Искровская основная школа
RU,Россия,Якутск,general,Кангаласская средняя школа
RU,Россия,Якутск,general,Качикатская средняя школа
RU,Россия,Якутск,general,Коррекционная основная школа №22
RU,Россия,Якутск,general,Коррекционная школа №4
RU,Россия,Якутск,general,Красноручейская основная школа
RU,Россия,Якутск,general,Курбусахская средняя школа
RU,Россия,Якутск,general,Маганская средняя школа
RU,Россия,Якутск,general,Магарасская средняя школа
RU,Россия,Якутск,general,Майинская вечерняя школа
RU,Россия,Якутск,general,Майинская средняя общеобразовательная школа им. Ф.Г. Охлопкова с углублённым изучением отдельных предметов
RU,Россия,Якутск,general,Майинская средняя школа
RU,Россия,Якутск,general,Майская средняя школа
RU,Россия,Якутск,general,Мархинская средняя школа №1
RU,Россия,Якутск,general,Мархинская средняя школа №2
RU,Россия,Якутск,general,Маттинская средняя школа
RU,Россия,Якутск,general,Маягасская средняя школа
RU,Россия,Якутск,general,Мельжехсинская средняя школа
RU,Россия,Якутск,general,Модутская средняя школа
RU,Россия,Якутск,general,Морукская средняя школа
RU,Россия,Якутск,general,Мохсоголлохская школа
RU,Россия,Якутск,general,Мугудайская средняя школа
RU,Россия,Якутск,general,Мындабинская спортивная средняя школа
RU,Россия,Якутск,general,Мэндигинская средняя школа
RU,Россия,Якутск,general,Мюрюнская средняя общеобразовательная школа №1 им. Г.В. Егорова с углубленным изучением отдельных предметов
RU,Россия,Якутск,general,Мюрюнская средняя школа №2
RU,Россия,Якутск,general,Намская средняя школа №1
RU,Россия,Якутск,general,Намская средняя школа №2
RU,Россия,Якутск,general,Нахаринская средняя школа
RU,Россия,Якутск,general,Национальная политехническая средняя школа №2
RU,Россия,Якутск,general,Нижне-Бестяхская средняя школа
RU,Россия,Якутск,general,Нижне-Бестяхская средняя школа №2
RU,Россия,Якутск,general,Никольская начальная школа
RU,Россия,Якутск,general,Ожулунская средняя школа
RU,Россия,Якутск,general,Ойская средняя школа
RU,Россия,Якутск,general,Окоемовская основная школа
RU,Россия,Якутск,general,Октемская средняя школа
RU,Россия,Якутск,general,Орто-Эбэнская основная школа
RU,Россия,Якутск,general,Павловская средняя школа
RU,Россия,Якутск,general,Партизанская средняя школа
RU,Россия,Якутск,general,Рассолодинская средняя школа
RU,Россия,Якутск,general,Сатагайская средняя школа
RU,Россия,Якутск,general,Саха-корейская средняя школа
RU,Россия,Якутск,general,Саха политехнический лицей
RU,Россия,Якутск,general,Соморсунская средняя школа
RU,Россия,Якутск,general,Соттинская средняя школа
RU,Россия,Якутск,general,Специальная (коррекционная) общеобразовательная школа №4
RU,Россия,Якутск,general,Средняя общеобразовательная школа №19 им. Ягодкина Д.И
RU,Россия,Якутск,general,Средняя общеобразовательная школа №25
RU,Россия,Якутск,general,Средняя общеобразовательная школа №27
RU,Россия,Якутск,general,Средняя общеобразовательная школа №33 им. Л.А. Колосовой
RU,Россия,Якутск,general,Средняя общеобразовательная школа №5 им. Н. О. Кривошапкина
RU,Россия,Якутск,general,Средняя школа №1
RU,Россия,Якутск,general,Средняя школа №10
RU,Россия,Якутск,general,Средняя школа №12
RU,Россия,Якутск,general,Средняя школа №13
RU,Россия,Якутск,general,Средняя школа №15
RU,Россия,Якутск,general,Средняя школа №16
RU,Россия,Якутск,general,Средняя школа №17
RU,Россия,Якутск,general,Средняя школа №18
RU,Россия,Якутск,general,Средняя школа №2
RU,Россия,Якутск,general,Средняя школа №20
RU,Россия,Якутск,general,Средняя школа №21
RU,Россия,Якутск,general,Средняя школа №23
RU,Россия,Якутск,general,Средняя школа №24
RU,Россия,Якутск,general,Средняя школа №26
RU,Россия,Якутск,general,Средняя школа №29
RU,Россия,Якутск,general,Средняя школа №3
RU,Россия,Якутск,general,Средняя школа №30
RU,Россия,Якутск,general,Средняя школа №31
RU,Россия,Якутск,general,Средняя школа №32
RU,Россия,Якутск,general,Средняя школа №35
RU,Россия,Якутск,general,Средняя школа №38
RU,Россия,Якутск,general,Средняя школа №39
RU,Россия,Якутск,general,Средняя школа №6
RU,Россия,Якутск,general,Средняя школа №7
RU,Россия,Якутск,general,Средняя школа №9
RU,Россия,Якутск,general,Сыланская средняя школа
RU,Россия,Якутск,general,Сырдахская средняя школа
RU,Россия,Якутск,general,Табагинская средняя школа
RU,Россия,Якутск,general,Таратская основная школа
RU,Россия,Якутск,general,Тастахская основная школа
RU,Россия,Якутск,general,Телейская средняя школа
RU,Россия,Якутск,general,Телигинская средняя школа
RU,Россия,Якутск,general,Техтюрская средняя общеобразовательная школа им. А.Д. Широких
RU,Россия,Якутск,general,Техтюрская средняя школа
RU,Россия,Якутск,general,Томторская средняя школа
RU,Россия,Якутск,general,Тулагинская средняя школа
RU,Россия,Якутск,general,Тулунинская средняя общеобразовательная школа им. П.В. Аммосова
RU,Россия,Якутск,general,Тумульская средняя школа
RU,Россия,Якутск,general,Тыллыминская средняя школа
RU,Россия,Якутск,general,Тюнгюлюнская средняя школа
RU,Россия,Якутск,general,Улах-Анская средняя школа
RU,Россия,Якутск,general,Хадарская средняя школа
RU,Россия,Якутск,general,Хамагаттинская средняя школа
RU,Россия,Якутск,general,Хаптагайская средняя школа
RU,Россия,Якутск,general,Харанская средняя школа
RU,Россия,Якутск,general,Хатасская средняя школа
RU,Россия,Якутск,general,Хатылынская средняя школа
RU,Россия,Якутск,general,Хатын-Арынская средняя школа
RU,Россия,Якутск,general,Хатырыкская средняя общеобразовательная школа им. М.К Аммосова
RU,Россия,Якутск,general,Хаяхсытская средняя школа
RU,Россия,Якутск,general,Хоробутская средняя школа
RU,Россия,Якутск,general,Хоточчунская основная школа
RU,Россия,Якутск,general,Чакырская средняя школа
RU,Россия,Якутск,general,Чапчылганская средняя школа
RU,Россия,Якутск,general,Чаранская средняя общеобразовательная школа им. В.Н. Мигалкина
RU,Россия,Якутск,general,Чуйинская средняя школа
RU,Россия,Якутск,general,Чурапчинская средняя школа
RU,Россия,Якутск,general,Эмисская средняя школа
RU,Россия,Ялуторовск,boarding,Средняя школа-интернат №6
RU,Россия,Ялуторовск,college,АТК Агротехнологический колледж
RU,Россия,Ялуторовск,college,Ялуторовский филиал ТМК Ялуторовский филиал Тюменского медицинского колледжа
RU,Россия,Ялуторовск,general,МАОУ ДЛЯ Обучающихся С ОВЗ Сош-Интернат № 6 Г.ялуторовска
RU,Россия,Ялуторовск,general,Средняя общеобразовательная школа имени Декабристов
RU,Россия,Ялуторовск,general,Средняя общеобразовательная школа № 1
RU,Россия,Ялуторовск,general,Средняя общеобразовательная школа № 3
RU,Россия,Ялуторовск,general,Средняя общеобразовательная школа № 4
RU,Россия,Ялуторовск,general,Средняя школа
RU,Россия,Ярославль,college,ВАК Великосельский аграрный колледж
RU,Россия,Ярославль,college,ГУОР по хоккею Государственное училище (техникум) олимпийского резерва по хоккею
RU,Россия,Ярославль,college,ЗПК Заволжский политехнический колледж
RU,Россия,Ярославль,college,ККБС Костромской колледж бытового сервиса
RU,Россия,Ярославль,college,Университетский колледж ЯрГУ Университетский колледж Ярославского государственного университета им. П.Г. Демидова
RU,Россия,Ярославль,college,ФГБОУ ВО ЯГМУ Минздрава России Ярославский государственный медицинский университет Министерства здравоохранения Российско
RU,Россия,Ярославль,college,Частный Колледж Ярославский филиал МФЮА Колледж Ярославский филиал Московский финансово-юридический университет МФЮА
RU,Россия,Ярославль,college,Частный ЯрТК Ярославский технологический колледж
RU,Россия,Ярославль,college,ЯАК Ярославский автомеханический колледж
RU,Россия,Ярославль,college,ЯГК Ярославский градостроительный колледж
RU,Россия,Ярославль,college,ЯКК Ярославский кадетский колледж
RU,Россия,Ярославль,college,ЯКК Ярославский колледж культуры
RU,Россия,Ярославль,college,ЯКУиПТ Ярославский колледж управления и профессиональных технологий
RU,Россия,Ярославль,college,ЯМК Ярославский медицинский колледж
RU,Россия,Ярославль,college,ЯМУ им. Л.В. Собинова Ярославское музыкальное училище (колледж) имени Л.В. Собинова
RU,Россия,Ярославль,college,ЯПК Ярославский педагогический колледж
RU,Россия,Ярославль,college,ЯПК № 24 Ярославский политехнический колледж № 24
RU,Россия,Ярославль,college,ЯПЭК им. Н.П. Пастухова Ярославский промышленно-экономический колледж имени Н.П. Пастухова
RU,Россия,Ярославль,college,ЯрКИП Ярославский колледж индустрии питания
RU,Россия,Ярославль,college,Ярославский филиал ПГУПС Ярославский филиал ПГУПС
RU,Россия,Ярославль,college,ЯТЭК Ярославский технолого-экономический колледж
RU,Россия,Ярославль,general,Григорьевская средняя школа
RU,Россия,Ярославль,general,Дубковская средняя школа
RU,Россия,Ярославль,general,Ивняковская средняя школа
RU,Россия,Ярославль,general,Карачихская средняя школа
RU,Россия,Ярославль,general,Кузнечихинская средняя школа
RU,Россия,Ярославль,general,Лучинская средняя школа
RU,Россия,Ярославль,general,Медягинская основная школа
RU,Россия,Ярославль,general,Основная школа №35
RU,Россия,Ярославль,general,Основная школа №41
RU,Россия,Ярославль,general,Основная школа №46
RU,Россия,Ярославль,general,Основная школа №50
RU,Россия,Ярославль,general,Открытая (сменная) школа №94
RU,Россия,Ярославль,general,Открытая сменная школа №96
RU,Россия,Ярославль,general,Санаторно-лесная школа им. В.И. Шарова
RU,Россия,Ярославль,general,Средняя общеобразовательная школа №10
RU,Россия,Ярославль,general,Средняя школа
RU,Россия,Ярославль,general,Средняя школа № 68
RU,Россия,Ярославль,general,Средняя школа №1
RU,Россия,Ярославль,general,Средняя школа №11
RU,Россия,Ярославль,general,Средняя школа №12
RU,Россия,Ярославль,general,Средняя школа №13
RU,Россия,Ярославль,general,Средняя школа №14
RU,Россия,Ярославль,general,Средняя школа №15
RU,Россия,Ярославль,general,Средняя школа №16
RU,Россия,Ярославль,general,Средняя школа №17
RU,Россия,Ярославль,general,Средняя школа №18
RU,Россия,Ярославль,general,Средняя школа №2
RU,Россия,Ярославль,general,Средняя школа №21
RU,Россия,Ярославль,general,Средняя школа №23
RU,Россия,Ярославль,general,Средняя школа №25
RU,Россия,Ярославль,general,Средняя школа №26
RU,Россия,Ярославль,general,Средняя школа №27
RU,Россия,Ярославль,general,Средняя школа №28
RU,Россия,Ярославль,general,Средняя школа №29
RU,Россия,Ярославль,general,Средняя школа №3
RU,Россия,Ярославль,general,Средняя школа №30
RU,Россия,Ярославль,general,Средняя школа №31
RU,Россия,Ярославль,general,Средняя школа №32
RU,Россия,Ярославль,general,Средняя школа №33
RU,Россия,Ярославль,general,Средняя школа №36
RU,Россия,Ярославль,general,Средняя школа №37
RU,Россия,Ярославль,general,Средняя школа №39
RU,Россия,Ярославль,general,Средняя школа №4
RU,Россия,Ярославль,general,Средняя школа №40
RU,Россия,Ярославль,general,Средняя школа №42
RU,Россия,Ярославль,general,Средняя школа №43
RU,Россия,Ярославль,general,Средняя школа №44
RU,Россия,Ярославль,general,Средняя школа №47
RU,Россия,Ярославль,general,Средняя школа №48
RU,Россия,Ярославль,general,Средняя школа №49
RU,Россия,Ярославль,general,Средняя школа №5
RU,Россия,Ярославль,general,Средняя школа №51
RU,Россия,Ярославль,general,Средняя школа №52
RU,Россия,Ярославль,general,Средняя школа №55
RU,Россия,Ярославль,general,Средняя школа №56
RU,Россия,Ярославль,general,Средняя школа №57
RU,Россия,Ярославль,general,Средняя школа №58
RU,Россия,Ярославль,general,Средняя школа №59
RU,Россия,Ярославль,general,Средняя школа №6
RU,Россия,Ярославль,general,Средняя школа №60
RU,Россия,Ярославль,general,Средняя школа №62
RU,Россия,Ярославль,general,Средняя школа №66
RU,Россия,Ярославль,general,Средняя школа №67
RU,Россия,Ярославль,general,Средняя школа №69
RU,Россия,Ярославль,general,Средняя школа №7
RU,Россия,Ярославль,general,Средняя школа №70
RU,Россия,Ярославль,general,Средняя школа №71
RU,Россия,Ярославль,general,Средняя школа №72
RU,Россия,Ярославль,general,Средняя школа №74
RU,Россия,Ярославль,general,Средняя школа №75
RU,Россия,Ярославль,general,Средняя школа №76
RU,Россия,Ярославль,general,Средняя школа №77
RU,Россия,Ярославль,general,Средняя школа №78
RU,Россия,Ярославль,general,Средняя школа №8
RU,Россия,Ярославль,general,Средняя школа №80
RU,Россия,Ярославль,general,Средняя школа №81
RU,Россия,Ярославль,general,Средняя школа №83
RU,Россия,Ярославль,general,Средняя школа №84
RU,Россия,Ярославль,general,Средняя школа №87
RU,Россия,Ярославль,general,Средняя школа №88
RU,Россия,Ярославль,general,Средняя школа №89
RU,Россия,Ярославль,general,Средняя школа №9
RU,Россия,Ярославль,general,Средняя школа №90
RU,Россия,Ярославль,general,Средняя школа №91
RU,Россия,Ярославль,general,Средняя школа №92
RU,Россия,Ярославль,general,Средняя школа №99
RU,Россия,Ярославль,general,Туношёнская средняя школа
RU,Россия,Ярославль,general,Школа №73
RU,Россия,Ярославль,general,Ярославская вальдорфская школа-сад
RU,Россия,Ярославль,general,Ярославская школа №38
RU,Россия,Ярославль,general,Ярославская школа №45
RU,Россия,Ярославль,university,Петербургский государственный университет путей сообщения Императора Александра I — филиал в г. Ярославль
RU,Россия,Ярославль,university,Ярославская духовная семинария Ярославской Епархии Русской Православной Церкви
RU,Россия,Ярославль,university,Ярославский государственный аграрный университет
RU,Россия,Ярославль,university,Ярославский государственный медицинский университет
RU,Россия,Ярославль,university,Ярославский государственный педагогический университет им. К.Д. Ушинского
RU,Россия,Ярославль,university,Ярославский государственный театральный институт имени Фирса Шишигина
RU,Россия,Ярославль,university,Ярославский филиал
RU,Россия,Ярославль,university,Ярославский филиал — Академия труда и социальных отношений
RU,Россия,Ярославль,university,Ярославский филиал аккредитованного образовательного
